timeStamp,elapsed,label,responseCode,responseMessage,threadName,dataType,success,failureMessage,bytes,sentBytes,grpThreads,allThreads,URL,Latency,IdleTime,Connect
1763944649189,1,Healthcheck,200,OK,TESTES 1-1,text,true,,176,127,1,1,http://localhost:8081/healthcheck,1,0,0
1763944649190,51,POST,201,Created,TESTES 1-1,text,true,,340,375,1,1,http://localhost:8081/users,51,0,0
1763944649241,1,GET ID,200,OK,TESTES 1-1,text,true,,423,124,1,1,http://localhost:8081/users/11,1,0,0
1763944649242,1,PUT,200,OK,TESTES 1-1,text,true,,408,319,1,1,http://localhost:8081/users/11,1,0,0
1763944649243,0,GET,200,OK,TESTES 1-1,text,true,,2939,121,1,1,http://localhost:8081/users,0,0,0
1763944649243,1,DELETE,200,OK,TESTES 1-1,text,true,,165,210,1,1,http://localhost:8081/users/11,1,0,0
1763944649244,0,Healthcheck,200,OK,TESTES 1-1,text,true,,176,127,1,1,http://localhost:8081/healthcheck,0,0,0
1763944649244,40,POST,201,Created,TESTES 1-1,text,true,,340,376,1,1,http://localhost:8081/users,40,0,0
1763944649284,0,GET ID,200,OK,TESTES 1-1,text,true,,423,124,1,1,http://localhost:8081/users/12,0,0,0
1763944649284,1,PUT,200,OK,TESTES 1-1,text,true,,408,319,1,1,http://localhost:8081/users/12,1,0,0
1763944649285,0,GET,200,OK,TESTES 1-1,text,true,,2939,121,1,1,http://localhost:8081/users,0,0,0
1763944649285,1,DELETE,200,OK,TESTES 1-1,text,true,,165,210,1,1,http://localhost:8081/users/12,1,0,0
1763944649286,0,Healthcheck,200,OK,TESTES 1-1,text,true,,176,127,1,1,http://localhost:8081/healthcheck,0,0,0
1763944649289,0,Healthcheck,200,OK,TESTES 1-2,text,true,,176,127,2,2,http://localhost:8081/healthcheck,0,0,0
1763944649286,41,POST,201,Created,TESTES 1-1,text,true,,340,376,2,2,http://localhost:8081/users,41,0,0
1763944649327,0,GET ID,200,OK,TESTES 1-1,text,true,,423,124,2,2,http://localhost:8081/users/13,0,0,0
1763944649327,1,PUT,200,OK,TESTES 1-1,text,true,,406,318,2,2,http://localhost:8081/users/13,1,0,0
1763944649328,1,GET,200,OK,TESTES 1-1,text,true,,2937,121,2,2,http://localhost:8081/users,1,0,0
1763944649329,0,DELETE,200,OK,TESTES 1-1,text,true,,165,210,2,2,http://localhost:8081/users/13,0,0,0
1763944649329,0,Healthcheck,200,OK,TESTES 1-1,text,true,,176,127,2,2,http://localhost:8081/healthcheck,0,0,0
1763944649290,40,POST,201,Created,TESTES 1-2,text,true,,340,376,2,2,http://localhost:8081/users,40,0,0
1763944649330,0,GET ID,200,OK,TESTES 1-2,text,true,,423,124,2,2,http://localhost:8081/users/14,0,0,0
1763944649330,1,PUT,200,OK,TESTES 1-2,text,true,,407,319,2,2,http://localhost:8081/users/14,1,0,0
1763944649331,1,GET,200,OK,TESTES 1-2,text,true,,2938,121,2,2,http://localhost:8081/users,1,0,0
1763944649332,17,DELETE,200,OK,TESTES 1-2,text,true,,165,210,2,2,http://localhost:8081/users/14,17,0,0
1763944649349,0,Healthcheck,200,OK,TESTES 1-2,text,true,,176,127,2,2,http://localhost:8081/healthcheck,0,0,0
1763944649329,43,POST,201,Created,TESTES 1-1,text,true,,340,376,2,2,http://localhost:8081/users,43,0,0
1763944649372,0,GET ID,200,OK,TESTES 1-1,text,true,,423,124,2,2,http://localhost:8081/users/15,0,0,0
1763944649372,1,PUT,200,OK,TESTES 1-1,text,true,,407,318,2,2,http://localhost:8081/users/15,1,0,0
1763944649373,1,GET,200,OK,TESTES 1-1,text,true,,2938,121,2,2,http://localhost:8081/users,1,0,0
1763944649374,0,DELETE,200,OK,TESTES 1-1,text,true,,165,210,2,2,http://localhost:8081/users/15,0,0,0
1763944649374,0,Healthcheck,200,OK,TESTES 1-1,text,true,,176,127,2,2,http://localhost:8081/healthcheck,0,0,0
1763944649350,40,POST,201,Created,TESTES 1-2,text,true,,340,376,3,3,http://localhost:8081/users,40,0,0
1763944649390,0,GET ID,200,OK,TESTES 1-2,text,true,,423,124,3,3,http://localhost:8081/users/16,0,0,0
1763944649390,0,Healthcheck,200,OK,TESTES 1-3,text,true,,176,127,3,3,http://localhost:8081/healthcheck,0,0,0
1763944649390,20,PUT,200,OK,TESTES 1-2,text,true,,408,319,3,3,http://localhost:8081/users/16,20,0,0
1763944649410,0,GET,200,OK,TESTES 1-2,text,true,,2939,121,3,3,http://localhost:8081/users,0,0,0
1763944649410,1,DELETE,200,OK,TESTES 1-2,text,true,,165,210,3,3,http://localhost:8081/users/16,1,0,0
1763944649411,0,Healthcheck,200,OK,TESTES 1-2,text,true,,176,127,3,3,http://localhost:8081/healthcheck,0,0,0
1763944649374,40,POST,201,Created,TESTES 1-1,text,true,,340,376,3,3,http://localhost:8081/users,40,0,0
1763944649414,0,GET ID,200,OK,TESTES 1-1,text,true,,423,124,3,3,http://localhost:8081/users/17,0,0,0
1763944649414,1,PUT,200,OK,TESTES 1-1,text,true,,408,319,3,3,http://localhost:8081/users/17,1,0,0
1763944649415,0,GET,200,OK,TESTES 1-1,text,true,,2939,121,3,3,http://localhost:8081/users,0,0,0
1763944649415,1,DELETE,200,OK,TESTES 1-1,text,true,,165,210,3,3,http://localhost:8081/users/17,1,0,0
1763944649390,41,POST,201,Created,TESTES 1-3,text,true,,339,375,2,2,http://localhost:8081/users,41,0,0
1763944649431,0,GET ID,200,OK,TESTES 1-3,text,true,,422,124,2,2,http://localhost:8081/users/18,0,0,0
1763944649431,1,PUT,200,OK,TESTES 1-3,text,true,,408,319,2,2,http://localhost:8081/users/18,1,0,0
1763944649432,0,GET,200,OK,TESTES 1-3,text,true,,2939,121,2,2,http://localhost:8081/users,0,0,0
1763944649432,0,DELETE,200,OK,TESTES 1-3,text,true,,165,210,2,2,http://localhost:8081/users/18,0,0,0
1763944649432,0,Healthcheck,200,OK,TESTES 1-3,text,true,,176,127,2,2,http://localhost:8081/healthcheck,0,0,0
1763944649411,40,POST,201,Created,TESTES 1-2,text,true,,340,376,2,2,http://localhost:8081/users,40,0,0
1763944649451,0,GET ID,200,OK,TESTES 1-2,text,true,,423,124,2,2,http://localhost:8081/users/19,0,0,0
1763944649451,1,PUT,200,OK,TESTES 1-2,text,true,,407,318,2,2,http://localhost:8081/users/19,1,0,0
1763944649452,0,GET,200,OK,TESTES 1-2,text,true,,2938,121,2,2,http://localhost:8081/users,0,0,0
1763944649452,0,DELETE,200,OK,TESTES 1-2,text,true,,165,210,2,2,http://localhost:8081/users/19,0,0,0
1763944649453,0,Healthcheck,200,OK,TESTES 1-2,text,true,,176,127,2,2,http://localhost:8081/healthcheck,0,0,0
1763944649432,40,POST,201,Created,TESTES 1-3,text,true,,340,376,2,2,http://localhost:8081/users,40,0,0
1763944649472,0,GET ID,200,OK,TESTES 1-3,text,true,,423,124,2,2,http://localhost:8081/users/20,0,0,0
1763944649472,1,PUT,200,OK,TESTES 1-3,text,true,,407,318,2,2,http://localhost:8081/users/20,1,0,0
1763944649473,0,GET,200,OK,TESTES 1-3,text,true,,2938,121,2,2,http://localhost:8081/users,0,0,0
1763944649473,1,DELETE,200,OK,TESTES 1-3,text,true,,165,210,2,2,http://localhost:8081/users/20,1,0,0
1763944649474,0,Healthcheck,200,OK,TESTES 1-3,text,true,,176,127,2,2,http://localhost:8081/healthcheck,0,0,0
1763944649489,1,Healthcheck,200,OK,TESTES 1-4,text,true,,176,127,3,3,http://localhost:8081/healthcheck,1,0,0
1763944649453,39,POST,201,Created,TESTES 1-2,text,true,,340,376,3,3,http://localhost:8081/users,39,0,0
1763944649492,0,GET ID,200,OK,TESTES 1-2,text,true,,423,124,3,3,http://localhost:8081/users/21,0,0,0
1763944649492,1,PUT,200,OK,TESTES 1-2,text,true,,408,319,3,3,http://localhost:8081/users/21,1,0,0
1763944649493,0,GET,200,OK,TESTES 1-2,text,true,,2939,121,3,3,http://localhost:8081/users,0,0,0
1763944649493,1,DELETE,200,OK,TESTES 1-2,text,true,,165,210,3,3,http://localhost:8081/users/21,1,0,0
1763944649494,0,Healthcheck,200,OK,TESTES 1-2,text,true,,176,127,3,3,http://localhost:8081/healthcheck,0,0,0
1763944649474,39,POST,201,Created,TESTES 1-3,text,true,,340,376,3,3,http://localhost:8081/users,39,0,0
1763944649513,1,GET ID,200,OK,TESTES 1-3,text,true,,423,124,3,3,http://localhost:8081/users/22,1,0,0
1763944649514,0,PUT,200,OK,TESTES 1-3,text,true,,408,319,3,3,http://localhost:8081/users/22,0,0,0
1763944649514,0,GET,200,OK,TESTES 1-3,text,true,,2939,121,3,3,http://localhost:8081/users,0,0,0
1763944649515,0,DELETE,200,OK,TESTES 1-3,text,true,,165,210,3,3,http://localhost:8081/users/22,0,0,0
1763944649515,0,Healthcheck,200,OK,TESTES 1-3,text,true,,176,127,3,3,http://localhost:8081/healthcheck,0,0,0
1763944649490,39,POST,201,Created,TESTES 1-4,text,true,,340,376,3,3,http://localhost:8081/users,39,0,0
1763944649530,0,GET ID,200,OK,TESTES 1-4,text,true,,421,124,3,3,http://localhost:8081/users/23,0,0,0
1763944649530,1,PUT,200,OK,TESTES 1-4,text,true,,407,319,3,3,http://localhost:8081/users/23,1,0,0
1763944649531,0,GET,200,OK,TESTES 1-4,text,true,,2938,121,3,3,http://localhost:8081/users,0,0,0
1763944649531,0,DELETE,200,OK,TESTES 1-4,text,true,,165,210,3,3,http://localhost:8081/users/23,0,0,0
1763944649531,1,Healthcheck,200,OK,TESTES 1-4,text,true,,176,127,3,3,http://localhost:8081/healthcheck,1,0,0
1763944649494,40,POST,201,Created,TESTES 1-2,text,true,,338,374,3,3,http://localhost:8081/users,40,0,0
1763944649534,0,GET ID,200,OK,TESTES 1-2,text,true,,421,124,3,3,http://localhost:8081/users/24,0,0,0
1763944649534,1,PUT,200,OK,TESTES 1-2,text,true,,408,319,3,3,http://localhost:8081/users/24,1,0,0
1763944649535,0,GET,200,OK,TESTES 1-2,text,true,,2939,121,3,3,http://localhost:8081/users,0,0,0
1763944649535,1,DELETE,200,OK,TESTES 1-2,text,true,,165,210,3,3,http://localhost:8081/users/24,1,0,0
1763944649515,39,POST,201,Created,TESTES 1-3,text,true,,340,376,2,2,http://localhost:8081/users,39,0,0
1763944649555,0,GET ID,200,OK,TESTES 1-3,text,true,,423,124,2,2,http://localhost:8081/users/25,0,0,0
1763944649555,1,PUT,200,OK,TESTES 1-3,text,true,,407,318,2,2,http://localhost:8081/users/25,1,0,0
1763944649556,0,GET,200,OK,TESTES 1-3,text,true,,2938,121,2,2,http://localhost:8081/users,0,0,0
1763944649556,1,DELETE,200,OK,TESTES 1-3,text,true,,165,210,2,2,http://localhost:8081/users/25,1,0,0
1763944649557,0,Healthcheck,200,OK,TESTES 1-3,text,true,,176,127,2,2,http://localhost:8081/healthcheck,0,0,0
1763944649532,39,POST,201,Created,TESTES 1-4,text,true,,340,375,2,2,http://localhost:8081/users,39,0,0
1763944649571,0,GET ID,200,OK,TESTES 1-4,text,true,,423,124,2,2,http://localhost:8081/users/26,0,0,0
1763944649572,0,PUT,200,OK,TESTES 1-4,text,true,,408,319,2,2,http://localhost:8081/users/26,0,0,0
1763944649572,0,GET,200,OK,TESTES 1-4,text,true,,2939,121,2,2,http://localhost:8081/users,0,0,0
1763944649572,1,DELETE,200,OK,TESTES 1-4,text,true,,165,210,2,2,http://localhost:8081/users/26,1,0,0
1763944649573,0,Healthcheck,200,OK,TESTES 1-4,text,true,,176,127,2,2,http://localhost:8081/healthcheck,0,0,0
1763944649589,0,Healthcheck,200,OK,TESTES 1-5,text,true,,176,127,3,3,http://localhost:8081/healthcheck,0,0,0
1763944649557,40,POST,201,Created,TESTES 1-3,text,true,,340,376,3,3,http://localhost:8081/users,40,0,0
1763944649597,0,GET ID,200,OK,TESTES 1-3,text,true,,423,124,3,3,http://localhost:8081/users/27,0,0,0
1763944649597,1,PUT,200,OK,TESTES 1-3,text,true,,408,319,3,3,http://localhost:8081/users/27,1,0,0
1763944649598,0,GET,200,OK,TESTES 1-3,text,true,,2939,121,3,3,http://localhost:8081/users,0,0,0
1763944649598,1,DELETE,200,OK,TESTES 1-3,text,true,,165,210,3,3,http://localhost:8081/users/27,1,0,0
1763944649573,41,POST,201,Created,TESTES 1-4,text,true,,340,376,2,2,http://localhost:8081/users,41,0,0
1763944649614,0,GET ID,200,OK,TESTES 1-4,text,true,,423,124,2,2,http://localhost:8081/users/28,0,0,0
1763944649614,1,PUT,200,OK,TESTES 1-4,text,true,,406,319,2,2,http://localhost:8081/users/28,1,0,0
1763944649615,0,GET,200,OK,TESTES 1-4,text,true,,2937,121,2,2,http://localhost:8081/users,0,0,0
1763944649615,1,DELETE,200,OK,TESTES 1-4,text,true,,165,210,2,2,http://localhost:8081/users/28,1,0,0
1763944649616,0,Healthcheck,200,OK,TESTES 1-4,text,true,,176,127,2,2,http://localhost:8081/healthcheck,0,0,0
1763944649589,40,POST,201,Created,TESTES 1-5,text,true,,340,376,2,2,http://localhost:8081/users,40,0,0
1763944649630,0,GET ID,200,OK,TESTES 1-5,text,true,,423,124,2,2,http://localhost:8081/users/29,0,0,0
1763944649630,0,PUT,200,OK,TESTES 1-5,text,true,,408,319,2,2,http://localhost:8081/users/29,0,0,0
1763944649630,1,GET,200,OK,TESTES 1-5,text,true,,2939,121,2,2,http://localhost:8081/users,1,0,0
1763944649631,0,DELETE,200,OK,TESTES 1-5,text,true,,165,210,2,2,http://localhost:8081/users/29,0,0,0
1763944649631,0,Healthcheck,200,OK,TESTES 1-5,text,true,,176,127,2,2,http://localhost:8081/healthcheck,0,0,0
1763944649616,40,POST,201,Created,TESTES 1-4,text,true,,340,376,2,2,http://localhost:8081/users,40,0,0
1763944649656,0,GET ID,200,OK,TESTES 1-4,text,true,,423,124,2,2,http://localhost:8081/users/30,0,0,0
1763944649656,1,PUT,200,OK,TESTES 1-4,text,true,,407,319,2,2,http://localhost:8081/users/30,1,0,0
1763944649657,0,GET,200,OK,TESTES 1-4,text,true,,2938,121,2,2,http://localhost:8081/users,0,0,0
1763944649657,1,DELETE,200,OK,TESTES 1-4,text,true,,165,210,2,2,http://localhost:8081/users/30,1,0,0
1763944649658,0,Healthcheck,200,OK,TESTES 1-4,text,true,,176,127,2,2,http://localhost:8081/healthcheck,0,0,0
1763944649631,40,POST,201,Created,TESTES 1-5,text,true,,340,376,2,2,http://localhost:8081/users,40,0,0
1763944649671,0,GET ID,200,OK,TESTES 1-5,text,true,,423,124,2,2,http://localhost:8081/users/31,0,0,0
1763944649671,1,PUT,200,OK,TESTES 1-5,text,true,,408,319,2,2,http://localhost:8081/users/31,1,0,0
1763944649672,0,GET,200,OK,TESTES 1-5,text,true,,2939,121,2,2,http://localhost:8081/users,0,0,0
1763944649672,1,DELETE,200,OK,TESTES 1-5,text,true,,165,210,2,2,http://localhost:8081/users/31,1,0,0
1763944649673,0,Healthcheck,200,OK,TESTES 1-5,text,true,,176,127,2,2,http://localhost:8081/healthcheck,0,0,0
1763944649689,2,Healthcheck,200,OK,TESTES 1-6,text,true,,176,127,3,3,http://localhost:8081/healthcheck,2,0,0
1763944649658,40,POST,201,Created,TESTES 1-4,text,true,,340,376,3,3,http://localhost:8081/users,40,0,0
1763944649698,0,GET ID,200,OK,TESTES 1-4,text,true,,423,124,3,3,http://localhost:8081/users/32,0,0,0
1763944649698,1,PUT,200,OK,TESTES 1-4,text,true,,408,319,3,3,http://localhost:8081/users/32,1,0,0
1763944649699,0,GET,200,OK,TESTES 1-4,text,true,,2939,121,3,3,http://localhost:8081/users,0,0,0
1763944649699,1,DELETE,200,OK,TESTES 1-4,text,true,,165,210,3,3,http://localhost:8081/users/32,1,0,0
1763944649673,39,POST,201,Created,TESTES 1-5,text,true,,340,376,2,2,http://localhost:8081/users,39,0,0
1763944649712,1,GET ID,200,OK,TESTES 1-5,text,true,,423,124,2,2,http://localhost:8081/users/33,1,0,0
1763944649713,0,PUT,200,OK,TESTES 1-5,text,true,,408,319,2,2,http://localhost:8081/users/33,0,0,0
1763944649713,0,GET,200,OK,TESTES 1-5,text,true,,2939,121,2,2,http://localhost:8081/users,0,0,0
1763944649713,1,DELETE,200,OK,TESTES 1-5,text,true,,165,210,2,2,http://localhost:8081/users/33,1,0,0
1763944649714,0,Healthcheck,200,OK,TESTES 1-5,text,true,,176,127,2,2,http://localhost:8081/healthcheck,0,0,0
1763944649691,40,POST,201,Created,TESTES 1-6,text,true,,340,376,2,2,http://localhost:8081/users,40,0,0
1763944649731,0,GET ID,200,OK,TESTES 1-6,text,true,,423,124,2,2,http://localhost:8081/users/34,0,0,0
1763944649731,1,PUT,200,OK,TESTES 1-6,text,true,,408,319,2,2,http://localhost:8081/users/34,1,0,0
1763944649732,0,GET,200,OK,TESTES 1-6,text,true,,2939,121,2,2,http://localhost:8081/users,0,0,0
1763944649732,1,DELETE,200,OK,TESTES 1-6,text,true,,165,210,2,2,http://localhost:8081/users/34,1,0,0
1763944649733,0,Healthcheck,200,OK,TESTES 1-6,text,true,,176,127,2,2,http://localhost:8081/healthcheck,0,0,0
1763944649714,39,POST,201,Created,TESTES 1-5,text,true,,340,376,2,2,http://localhost:8081/users,39,0,0
1763944649753,1,GET ID,200,OK,TESTES 1-5,text,true,,421,124,2,2,http://localhost:8081/users/35,1,0,0
1763944649754,1,PUT,200,OK,TESTES 1-5,text,true,,407,319,2,2,http://localhost:8081/users/35,1,0,0
1763944649755,0,GET,200,OK,TESTES 1-5,text,true,,2938,121,2,2,http://localhost:8081/users,0,0,0
1763944649755,0,DELETE,200,OK,TESTES 1-5,text,true,,165,210,2,2,http://localhost:8081/users/35,0,0,0
1763944649755,0,Healthcheck,200,OK,TESTES 1-5,text,true,,176,127,2,2,http://localhost:8081/healthcheck,0,0,0
1763944649733,40,POST,201,Created,TESTES 1-6,text,true,,339,375,2,2,http://localhost:8081/users,40,0,0
1763944649773,0,GET ID,200,OK,TESTES 1-6,text,true,,422,124,2,2,http://localhost:8081/users/36,0,0,0
1763944649773,1,PUT,200,OK,TESTES 1-6,text,true,,408,319,2,2,http://localhost:8081/users/36,1,0,0
1763944649774,0,GET,200,OK,TESTES 1-6,text,true,,2939,121,2,2,http://localhost:8081/users,0,0,0
1763944649774,0,DELETE,200,OK,TESTES 1-6,text,true,,165,210,2,2,http://localhost:8081/users/36,0,0,0
1763944649775,0,Healthcheck,200,OK,TESTES 1-6,text,true,,176,127,2,2,http://localhost:8081/healthcheck,0,0,0
1763944649789,3,Healthcheck,200,OK,TESTES 1-7,text,true,,176,127,3,3,http://localhost:8081/healthcheck,3,0,0
1763944649755,41,POST,201,Created,TESTES 1-5,text,true,,340,376,3,3,http://localhost:8081/users,41,0,0
1763944649796,0,GET ID,200,OK,TESTES 1-5,text,true,,423,124,3,3,http://localhost:8081/users/37,0,0,0
1763944649796,0,PUT,200,OK,TESTES 1-5,text,true,,408,319,3,3,http://localhost:8081/users/37,0,0,0
1763944649796,1,GET,200,OK,TESTES 1-5,text,true,,2939,121,3,3,http://localhost:8081/users,1,0,0
1763944649797,0,DELETE,200,OK,TESTES 1-5,text,true,,165,210,3,3,http://localhost:8081/users/37,0,0,0
1763944649775,40,POST,201,Created,TESTES 1-6,text,true,,340,376,2,2,http://localhost:8081/users,40,0,0
1763944649815,0,GET ID,200,OK,TESTES 1-6,text,true,,423,124,2,2,http://localhost:8081/users/38,0,0,0
1763944649815,1,PUT,200,OK,TESTES 1-6,text,true,,408,319,2,2,http://localhost:8081/users/38,1,0,0
1763944649816,0,GET,200,OK,TESTES 1-6,text,true,,2939,121,2,2,http://localhost:8081/users,0,0,0
1763944649816,1,DELETE,200,OK,TESTES 1-6,text,true,,165,210,2,2,http://localhost:8081/users/38,1,0,0
1763944649817,0,Healthcheck,200,OK,TESTES 1-6,text,true,,176,127,2,2,http://localhost:8081/healthcheck,0,0,0
1763944649792,40,POST,201,Created,TESTES 1-7,text,true,,339,375,2,2,http://localhost:8081/users,40,0,0
1763944649832,0,GET ID,200,OK,TESTES 1-7,text,true,,422,124,2,2,http://localhost:8081/users/39,0,0,0
1763944649833,0,PUT,200,OK,TESTES 1-7,text,true,,407,318,2,2,http://localhost:8081/users/39,0,0,0
1763944649833,1,GET,200,OK,TESTES 1-7,text,true,,2938,121,2,2,http://localhost:8081/users,1,0,0
1763944649834,0,DELETE,200,OK,TESTES 1-7,text,true,,165,210,2,2,http://localhost:8081/users/39,0,0,0
1763944649835,0,Healthcheck,200,OK,TESTES 1-7,text,true,,176,127,2,2,http://localhost:8081/healthcheck,0,0,0
1763944649817,40,POST,201,Created,TESTES 1-6,text,true,,338,374,2,2,http://localhost:8081/users,40,0,0
1763944649857,0,GET ID,200,OK,TESTES 1-6,text,true,,421,124,2,2,http://localhost:8081/users/40,0,0,0
1763944649857,1,PUT,200,OK,TESTES 1-6,text,true,,408,319,2,2,http://localhost:8081/users/40,1,0,0
1763944649858,0,GET,200,OK,TESTES 1-6,text,true,,2939,121,2,2,http://localhost:8081/users,0,0,0
1763944649858,1,DELETE,200,OK,TESTES 1-6,text,true,,165,210,2,2,http://localhost:8081/users/40,1,0,0
1763944649859,0,Healthcheck,200,OK,TESTES 1-6,text,true,,176,127,2,2,http://localhost:8081/healthcheck,0,0,0
1763944649835,39,POST,201,Created,TESTES 1-7,text,true,,340,375,2,2,http://localhost:8081/users,39,0,0
1763944649875,0,GET ID,200,OK,TESTES 1-7,text,true,,423,124,2,2,http://localhost:8081/users/41,0,0,0
1763944649875,1,PUT,200,OK,TESTES 1-7,text,true,,408,319,2,2,http://localhost:8081/users/41,1,0,0
1763944649876,0,GET,200,OK,TESTES 1-7,text,true,,2939,121,2,2,http://localhost:8081/users,0,0,0
1763944649876,1,DELETE,200,OK,TESTES 1-7,text,true,,165,210,2,2,http://localhost:8081/users/41,1,0,0
1763944649877,0,Healthcheck,200,OK,TESTES 1-7,text,true,,176,127,2,2,http://localhost:8081/healthcheck,0,0,0
1763944649888,5,Healthcheck,200,OK,TESTES 1-8,text,true,,176,127,3,3,http://localhost:8081/healthcheck,5,0,1
1763944649859,40,POST,201,Created,TESTES 1-6,text,true,,340,376,3,3,http://localhost:8081/users,40,0,0
1763944649899,0,GET ID,200,OK,TESTES 1-6,text,true,,423,124,3,3,http://localhost:8081/users/42,0,0,0
1763944649899,1,PUT,200,OK,TESTES 1-6,text,true,,408,319,3,3,http://localhost:8081/users/42,1,0,0
1763944649900,1,GET,200,OK,TESTES 1-6,text,true,,2939,121,3,3,http://localhost:8081/users,1,0,0
1763944649901,0,DELETE,200,OK,TESTES 1-6,text,true,,165,210,3,3,http://localhost:8081/users/42,0,0,0
1763944649877,40,POST,201,Created,TESTES 1-7,text,true,,340,376,2,2,http://localhost:8081/users,40,0,0
1763944649917,0,GET ID,200,OK,TESTES 1-7,text,true,,423,124,2,2,http://localhost:8081/users/43,0,0,0
1763944649917,1,PUT,200,OK,TESTES 1-7,text,true,,408,319,2,2,http://localhost:8081/users/43,1,0,0
1763944649918,0,GET,200,OK,TESTES 1-7,text,true,,2939,121,2,2,http://localhost:8081/users,0,0,0
1763944649918,1,DELETE,200,OK,TESTES 1-7,text,true,,165,210,2,2,http://localhost:8081/users/43,1,0,0
1763944649919,0,Healthcheck,200,OK,TESTES 1-7,text,true,,176,127,2,2,http://localhost:8081/healthcheck,0,0,0
1763944649893,40,POST,201,Created,TESTES 1-8,text,true,,338,374,2,2,http://localhost:8081/users,40,0,0
1763944649933,0,GET ID,200,OK,TESTES 1-8,text,true,,421,124,2,2,http://localhost:8081/users/44,0,0,0
1763944649933,1,PUT,200,OK,TESTES 1-8,text,true,,406,317,2,2,http://localhost:8081/users/44,1,0,0
1763944649934,0,GET,200,OK,TESTES 1-8,text,true,,2937,121,2,2,http://localhost:8081/users,0,0,0
1763944649934,1,DELETE,200,OK,TESTES 1-8,text,true,,165,210,2,2,http://localhost:8081/users/44,1,0,0
1763944649935,0,Healthcheck,200,OK,TESTES 1-8,text,true,,176,127,2,2,http://localhost:8081/healthcheck,0,0,0
1763944649919,40,POST,201,Created,TESTES 1-7,text,true,,340,376,2,2,http://localhost:8081/users,40,0,0
1763944649959,0,GET ID,200,OK,TESTES 1-7,text,true,,423,124,2,2,http://localhost:8081/users/45,0,0,0
1763944649959,1,PUT,200,OK,TESTES 1-7,text,true,,408,319,2,2,http://localhost:8081/users/45,1,0,0
1763944649960,1,GET,200,OK,TESTES 1-7,text,true,,2939,121,2,2,http://localhost:8081/users,1,0,0
1763944649961,1,DELETE,200,OK,TESTES 1-7,text,true,,165,210,2,2,http://localhost:8081/users/45,1,0,0
1763944649962,0,Healthcheck,200,OK,TESTES 1-7,text,true,,176,127,2,2,http://localhost:8081/healthcheck,0,0,0
1763944649935,39,POST,201,Created,TESTES 1-8,text,true,,340,375,2,2,http://localhost:8081/users,39,0,0
1763944649974,1,GET ID,200,OK,TESTES 1-8,text,true,,423,124,2,2,http://localhost:8081/users/46,1,0,0
1763944649975,0,PUT,200,OK,TESTES 1-8,text,true,,408,319,2,2,http://localhost:8081/users/46,0,0,0
1763944649975,1,GET,200,OK,TESTES 1-8,text,true,,2939,121,2,2,http://localhost:8081/users,1,0,0
1763944649976,1,DELETE,200,OK,TESTES 1-8,text,true,,165,210,2,2,http://localhost:8081/users/46,1,0,0
1763944649977,0,Healthcheck,200,OK,TESTES 1-8,text,true,,176,127,2,2,http://localhost:8081/healthcheck,0,0,0
1763944649988,5,Healthcheck,200,OK,TESTES 1-9,text,true,,176,127,3,3,http://localhost:8081/healthcheck,5,0,1
1763944649962,39,POST,201,Created,TESTES 1-7,text,true,,340,376,3,3,http://localhost:8081/users,39,0,0
1763944650002,0,GET ID,200,OK,TESTES 1-7,text,true,,423,124,3,3,http://localhost:8081/users/47,0,0,0
1763944650002,1,PUT,200,OK,TESTES 1-7,text,true,,408,319,3,3,http://localhost:8081/users/47,1,0,0
1763944650003,0,GET,200,OK,TESTES 1-7,text,true,,2939,121,3,3,http://localhost:8081/users,0,0,0
1763944650003,0,DELETE,200,OK,TESTES 1-7,text,true,,165,210,3,3,http://localhost:8081/users/47,0,0,0
1763944649977,40,POST,201,Created,TESTES 1-8,text,true,,340,376,2,2,http://localhost:8081/users,40,0,0
1763944650017,0,GET ID,200,OK,TESTES 1-8,text,true,,421,124,2,2,http://localhost:8081/users/48,0,0,0
1763944650017,1,PUT,200,OK,TESTES 1-8,text,true,,407,319,2,2,http://localhost:8081/users/48,1,0,0
1763944650018,0,GET,200,OK,TESTES 1-8,text,true,,2938,121,2,2,http://localhost:8081/users,0,0,0
1763944650018,1,DELETE,200,OK,TESTES 1-8,text,true,,165,210,2,2,http://localhost:8081/users/48,1,0,0
1763944650019,0,Healthcheck,200,OK,TESTES 1-8,text,true,,176,127,2,2,http://localhost:8081/healthcheck,0,0,0
1763944649993,40,POST,201,Created,TESTES 1-9,text,true,,340,376,2,2,http://localhost:8081/users,40,0,0
1763944650033,0,GET ID,200,OK,TESTES 1-9,text,true,,423,124,2,2,http://localhost:8081/users/49,0,0,0
1763944650033,1,PUT,200,OK,TESTES 1-9,text,true,,408,319,2,2,http://localhost:8081/users/49,1,0,0
1763944650034,0,GET,200,OK,TESTES 1-9,text,true,,2939,121,2,2,http://localhost:8081/users,0,0,0
1763944650034,1,DELETE,200,OK,TESTES 1-9,text,true,,165,210,2,2,http://localhost:8081/users/49,1,0,0
1763944650035,0,Healthcheck,200,OK,TESTES 1-9,text,true,,176,127,2,2,http://localhost:8081/healthcheck,0,0,0
1763944650019,40,POST,201,Created,TESTES 1-8,text,true,,340,376,2,2,http://localhost:8081/users,40,0,0
1763944650059,1,GET ID,200,OK,TESTES 1-8,text,true,,423,124,2,2,http://localhost:8081/users/50,1,0,0
1763944650060,1,PUT,200,OK,TESTES 1-8,text,true,,408,319,2,2,http://localhost:8081/users/50,1,0,0
1763944650061,0,GET,200,OK,TESTES 1-8,text,true,,2939,121,2,2,http://localhost:8081/users,0,0,0
1763944650061,1,DELETE,200,OK,TESTES 1-8,text,true,,165,210,2,2,http://localhost:8081/users/50,1,0,0
1763944650062,0,Healthcheck,200,OK,TESTES 1-8,text,true,,176,127,2,2,http://localhost:8081/healthcheck,0,0,0
1763944650035,40,POST,201,Created,TESTES 1-9,text,true,,340,376,2,2,http://localhost:8081/users,40,0,0
1763944650075,0,GET ID,200,OK,TESTES 1-9,text,true,,423,124,2,2,http://localhost:8081/users/51,0,0,0
1763944650075,1,PUT,200,OK,TESTES 1-9,text,true,,407,319,2,2,http://localhost:8081/users/51,1,0,0
1763944650076,0,GET,200,OK,TESTES 1-9,text,true,,2938,121,2,2,http://localhost:8081/users,0,0,0
1763944650076,0,DELETE,200,OK,TESTES 1-9,text,true,,165,210,2,2,http://localhost:8081/users/51,0,0,0
1763944650076,0,Healthcheck,200,OK,TESTES 1-9,text,true,,176,127,2,2,http://localhost:8081/healthcheck,0,0,0
1763944650088,6,Healthcheck,200,OK,TESTES 1-10,text,true,,176,127,3,3,http://localhost:8081/healthcheck,6,0,0
1763944650062,39,POST,201,Created,TESTES 1-8,text,true,,340,376,3,3,http://localhost:8081/users,39,0,0
1763944650101,1,GET ID,200,OK,TESTES 1-8,text,true,,423,124,3,3,http://localhost:8081/users/52,1,0,0
1763944650102,1,PUT,200,OK,TESTES 1-8,text,true,,408,319,3,3,http://localhost:8081/users/52,1,0,0
1763944650103,0,GET,200,OK,TESTES 1-8,text,true,,2939,121,3,3,http://localhost:8081/users,0,0,0
1763944650103,1,DELETE,200,OK,TESTES 1-8,text,true,,165,210,3,3,http://localhost:8081/users/52,1,0,0
1763944650076,41,POST,201,Created,TESTES 1-9,text,true,,340,376,2,2,http://localhost:8081/users,41,0,0
1763944650117,0,GET ID,200,OK,TESTES 1-9,text,true,,423,124,2,2,http://localhost:8081/users/53,0,0,0
1763944650117,1,PUT,200,OK,TESTES 1-9,text,true,,408,319,2,2,http://localhost:8081/users/53,1,0,0
1763944650118,0,GET,200,OK,TESTES 1-9,text,true,,2939,121,2,2,http://localhost:8081/users,0,0,0
1763944650118,1,DELETE,200,OK,TESTES 1-9,text,true,,165,210,2,2,http://localhost:8081/users/53,1,0,0
1763944650119,0,Healthcheck,200,OK,TESTES 1-9,text,true,,176,127,2,2,http://localhost:8081/healthcheck,0,0,0
1763944650094,40,POST,201,Created,TESTES 1-10,text,true,,340,376,2,2,http://localhost:8081/users,40,0,0
1763944650134,0,GET ID,200,OK,TESTES 1-10,text,true,,421,124,2,2,http://localhost:8081/users/54,0,0,0
1763944650134,1,PUT,200,OK,TESTES 1-10,text,true,,407,319,2,2,http://localhost:8081/users/54,1,0,0
1763944650135,0,GET,200,OK,TESTES 1-10,text,true,,2938,121,2,2,http://localhost:8081/users,0,0,0
1763944650135,1,DELETE,200,OK,TESTES 1-10,text,true,,165,210,2,2,http://localhost:8081/users/54,1,0,0
1763944650136,0,Healthcheck,200,OK,TESTES 1-10,text,true,,176,127,2,2,http://localhost:8081/healthcheck,0,0,0
1763944650119,39,POST,201,Created,TESTES 1-9,text,true,,340,376,2,2,http://localhost:8081/users,39,0,0
1763944650159,0,GET ID,200,OK,TESTES 1-9,text,true,,423,124,2,2,http://localhost:8081/users/55,0,0,0
1763944650159,0,PUT,200,OK,TESTES 1-9,text,true,,408,319,2,2,http://localhost:8081/users/55,0,0,0
1763944650159,0,GET,200,OK,TESTES 1-9,text,true,,2939,121,2,2,http://localhost:8081/users,0,0,0
1763944650160,0,DELETE,200,OK,TESTES 1-9,text,true,,165,210,2,2,http://localhost:8081/users/55,0,0,0
1763944650160,0,Healthcheck,200,OK,TESTES 1-9,text,true,,176,127,2,2,http://localhost:8081/healthcheck,0,0,0
1763944650136,39,POST,201,Created,TESTES 1-10,text,true,,340,376,2,2,http://localhost:8081/users,39,0,0
1763944650175,1,GET ID,200,OK,TESTES 1-10,text,true,,421,124,2,2,http://localhost:8081/users/56,1,0,0
1763944650176,0,PUT,200,OK,TESTES 1-10,text,true,,407,319,2,2,http://localhost:8081/users/56,0,0,0
1763944650176,0,GET,200,OK,TESTES 1-10,text,true,,2938,121,2,2,http://localhost:8081/users,0,0,0
1763944650176,1,DELETE,200,OK,TESTES 1-10,text,true,,165,210,2,2,http://localhost:8081/users/56,1,0,0
1763944650177,0,Healthcheck,200,OK,TESTES 1-10,text,true,,176,127,2,2,http://localhost:8081/healthcheck,0,0,0
1763944650188,6,Healthcheck,200,OK,TESTES 1-11,text,true,,176,127,3,3,http://localhost:8081/healthcheck,6,0,1
1763944650160,41,POST,201,Created,TESTES 1-9,text,true,,340,376,3,3,http://localhost:8081/users,41,0,0
1763944650201,0,GET ID,200,OK,TESTES 1-9,text,true,,423,124,3,3,http://localhost:8081/users/57,0,0,0
1763944650201,1,PUT,200,OK,TESTES 1-9,text,true,,408,319,3,3,http://localhost:8081/users/57,1,0,0
1763944650202,0,GET,200,OK,TESTES 1-9,text,true,,2939,121,3,3,http://localhost:8081/users,0,0,0
1763944650202,1,DELETE,200,OK,TESTES 1-9,text,true,,165,210,3,3,http://localhost:8081/users/57,1,0,0
1763944650177,39,POST,201,Created,TESTES 1-10,text,true,,340,376,2,2,http://localhost:8081/users,39,0,0
1763944650216,1,GET ID,200,OK,TESTES 1-10,text,true,,423,124,2,2,http://localhost:8081/users/58,1,0,0
1763944650217,1,PUT,200,OK,TESTES 1-10,text,true,,408,319,2,2,http://localhost:8081/users/58,1,0,0
1763944650218,0,GET,200,OK,TESTES 1-10,text,true,,2939,121,2,2,http://localhost:8081/users,0,0,0
1763944650218,0,DELETE,200,OK,TESTES 1-10,text,true,,165,210,2,2,http://localhost:8081/users/58,0,0,0
1763944650218,1,Healthcheck,200,OK,TESTES 1-10,text,true,,176,127,2,2,http://localhost:8081/healthcheck,1,0,0
1763944650194,41,POST,201,Created,TESTES 1-11,text,true,,340,376,2,2,http://localhost:8081/users,41,0,0
1763944650235,0,GET ID,200,OK,TESTES 1-11,text,true,,423,124,2,2,http://localhost:8081/users/59,0,0,0
1763944650235,1,PUT,200,OK,TESTES 1-11,text,true,,408,319,2,2,http://localhost:8081/users/59,1,0,0
1763944650236,0,GET,200,OK,TESTES 1-11,text,true,,2939,121,2,2,http://localhost:8081/users,0,0,0
1763944650236,0,DELETE,200,OK,TESTES 1-11,text,true,,165,210,2,2,http://localhost:8081/users/59,0,0,0
1763944650236,0,Healthcheck,200,OK,TESTES 1-11,text,true,,176,127,2,2,http://localhost:8081/healthcheck,0,0,0
1763944650219,40,POST,201,Created,TESTES 1-10,text,true,,340,376,2,2,http://localhost:8081/users,40,0,0
1763944650259,0,GET ID,200,OK,TESTES 1-10,text,true,,423,124,2,2,http://localhost:8081/users/60,0,0,0
1763944650259,1,PUT,200,OK,TESTES 1-10,text,true,,408,319,2,2,http://localhost:8081/users/60,1,0,0
1763944650260,1,GET,200,OK,TESTES 1-10,text,true,,2939,121,2,2,http://localhost:8081/users,1,0,0
1763944650261,0,DELETE,200,OK,TESTES 1-10,text,true,,165,210,2,2,http://localhost:8081/users/60,0,0,0
1763944650261,0,Healthcheck,200,OK,TESTES 1-10,text,true,,176,127,2,2,http://localhost:8081/healthcheck,0,0,0
1763944650236,40,POST,201,Created,TESTES 1-11,text,true,,340,376,2,2,http://localhost:8081/users,40,0,0
1763944650276,0,GET ID,200,OK,TESTES 1-11,text,true,,423,124,2,2,http://localhost:8081/users/61,0,0,0
1763944650276,1,PUT,200,OK,TESTES 1-11,text,true,,408,319,2,2,http://localhost:8081/users/61,1,0,0
1763944650277,0,GET,200,OK,TESTES 1-11,text,true,,2939,121,2,2,http://localhost:8081/users,0,0,0
1763944650277,1,DELETE,200,OK,TESTES 1-11,text,true,,165,210,2,2,http://localhost:8081/users/61,1,0,0
1763944650278,0,Healthcheck,200,OK,TESTES 1-11,text,true,,176,127,2,2,http://localhost:8081/healthcheck,0,0,0
1763944650288,7,Healthcheck,200,OK,TESTES 1-12,text,true,,176,127,3,3,http://localhost:8081/healthcheck,7,0,1
1763944650261,41,POST,201,Created,TESTES 1-10,text,true,,340,376,3,3,http://localhost:8081/users,41,0,0
1763944650302,0,GET ID,200,OK,TESTES 1-10,text,true,,423,124,3,3,http://localhost:8081/users/62,0,0,0
1763944650302,1,PUT,200,OK,TESTES 1-10,text,true,,408,319,3,3,http://localhost:8081/users/62,1,0,0
1763944650303,0,GET,200,OK,TESTES 1-10,text,true,,2939,121,3,3,http://localhost:8081/users,0,0,0
1763944650303,0,DELETE,200,OK,TESTES 1-10,text,true,,165,210,3,3,http://localhost:8081/users/62,0,0,0
1763944650278,39,POST,201,Created,TESTES 1-11,text,true,,340,376,2,2,http://localhost:8081/users,39,0,0
1763944650317,0,GET ID,200,OK,TESTES 1-11,text,true,,423,124,2,2,http://localhost:8081/users/63,0,0,0
1763944650317,1,PUT,200,OK,TESTES 1-11,text,true,,408,319,2,2,http://localhost:8081/users/63,1,0,0
1763944650318,0,GET,200,OK,TESTES 1-11,text,true,,2939,121,2,2,http://localhost:8081/users,0,0,0
1763944650318,0,DELETE,200,OK,TESTES 1-11,text,true,,165,210,2,2,http://localhost:8081/users/63,0,0,0
1763944650318,0,Healthcheck,200,OK,TESTES 1-11,text,true,,176,127,2,2,http://localhost:8081/healthcheck,0,0,0
1763944650295,40,POST,201,Created,TESTES 1-12,text,true,,339,375,2,2,http://localhost:8081/users,40,0,0
1763944650335,1,GET ID,200,OK,TESTES 1-12,text,true,,422,124,2,2,http://localhost:8081/users/64,1,0,0
1763944650336,0,PUT,200,OK,TESTES 1-12,text,true,,408,319,2,2,http://localhost:8081/users/64,0,0,0
1763944650336,1,GET,200,OK,TESTES 1-12,text,true,,2939,121,2,2,http://localhost:8081/users,1,0,0
1763944650337,0,DELETE,200,OK,TESTES 1-12,text,true,,165,210,2,2,http://localhost:8081/users/64,0,0,0
1763944650337,0,Healthcheck,200,OK,TESTES 1-12,text,true,,176,127,2,2,http://localhost:8081/healthcheck,0,0,0
1763944650318,40,POST,201,Created,TESTES 1-11,text,true,,340,376,2,2,http://localhost:8081/users,40,0,0
1763944650358,0,GET ID,200,OK,TESTES 1-11,text,true,,423,124,2,2,http://localhost:8081/users/65,0,0,0
1763944650358,1,PUT,200,OK,TESTES 1-11,text,true,,408,319,2,2,http://localhost:8081/users/65,1,0,0
1763944650359,0,GET,200,OK,TESTES 1-11,text,true,,2939,121,2,2,http://localhost:8081/users,0,0,0
1763944650359,0,DELETE,200,OK,TESTES 1-11,text,true,,165,210,2,2,http://localhost:8081/users/65,0,0,0
1763944650360,0,Healthcheck,200,OK,TESTES 1-11,text,true,,176,127,2,2,http://localhost:8081/healthcheck,0,0,0
1763944650337,40,POST,201,Created,TESTES 1-12,text,true,,339,374,2,2,http://localhost:8081/users,40,0,0
1763944650377,0,GET ID,200,OK,TESTES 1-12,text,true,,422,124,2,2,http://localhost:8081/users/66,0,0,0
1763944650377,1,PUT,200,OK,TESTES 1-12,text,true,,406,317,2,2,http://localhost:8081/users/66,1,0,0
1763944650378,0,GET,200,OK,TESTES 1-12,text,true,,2937,121,2,2,http://localhost:8081/users,0,0,0
1763944650378,1,DELETE,200,OK,TESTES 1-12,text,true,,165,210,2,2,http://localhost:8081/users/66,1,0,0
1763944650379,0,Healthcheck,200,OK,TESTES 1-12,text,true,,176,127,2,2,http://localhost:8081/healthcheck,0,0,0
1763944650389,1,Healthcheck,200,OK,TESTES 1-13,text,true,,176,127,3,3,http://localhost:8081/healthcheck,1,0,0
1763944650360,40,POST,201,Created,TESTES 1-11,text,true,,340,376,3,3,http://localhost:8081/users,40,0,0
1763944650400,0,GET ID,200,OK,TESTES 1-11,text,true,,423,124,3,3,http://localhost:8081/users/67,0,0,0
1763944650400,1,PUT,200,OK,TESTES 1-11,text,true,,407,318,3,3,http://localhost:8081/users/67,1,0,0
1763944650401,0,GET,200,OK,TESTES 1-11,text,true,,2938,121,3,3,http://localhost:8081/users,0,0,0
1763944650401,0,DELETE,200,OK,TESTES 1-11,text,true,,165,210,3,3,http://localhost:8081/users/67,0,0,0
1763944650379,39,POST,201,Created,TESTES 1-12,text,true,,339,375,2,2,http://localhost:8081/users,39,0,0
1763944650418,0,GET ID,200,OK,TESTES 1-12,text,true,,422,124,2,2,http://localhost:8081/users/68,0,0,0
1763944650419,0,PUT,200,OK,TESTES 1-12,text,true,,408,319,2,2,http://localhost:8081/users/68,0,0,0
1763944650419,1,GET,200,OK,TESTES 1-12,text,true,,2939,121,2,2,http://localhost:8081/users,1,0,0
1763944650420,0,DELETE,200,OK,TESTES 1-12,text,true,,165,210,2,2,http://localhost:8081/users/68,0,0,0
1763944650420,0,Healthcheck,200,OK,TESTES 1-12,text,true,,176,127,2,2,http://localhost:8081/healthcheck,0,0,0
1763944650390,40,POST,201,Created,TESTES 1-13,text,true,,340,376,2,2,http://localhost:8081/users,40,0,0
1763944650430,0,GET ID,200,OK,TESTES 1-13,text,true,,423,124,2,2,http://localhost:8081/users/69,0,0,0
1763944650430,1,PUT,200,OK,TESTES 1-13,text,true,,404,319,2,2,http://localhost:8081/users/69,1,0,0
1763944650431,0,GET,200,OK,TESTES 1-13,text,true,,2935,121,2,2,http://localhost:8081/users,0,0,0
1763944650431,0,DELETE,200,OK,TESTES 1-13,text,true,,165,210,2,2,http://localhost:8081/users/69,0,0,0
1763944650431,0,Healthcheck,200,OK,TESTES 1-13,text,true,,176,127,2,2,http://localhost:8081/healthcheck,0,0,0
1763944650420,40,POST,201,Created,TESTES 1-12,text,true,,340,376,2,2,http://localhost:8081/users,40,0,0
1763944650460,0,GET ID,200,OK,TESTES 1-12,text,true,,421,124,2,2,http://localhost:8081/users/70,0,0,0
1763944650460,1,PUT,200,OK,TESTES 1-12,text,true,,405,317,2,2,http://localhost:8081/users/70,1,0,0
1763944650461,0,GET,200,OK,TESTES 1-12,text,true,,2936,121,2,2,http://localhost:8081/users,0,0,0
1763944650461,0,DELETE,200,OK,TESTES 1-12,text,true,,165,210,2,2,http://localhost:8081/users/70,0,0,0
1763944650461,0,Healthcheck,200,OK,TESTES 1-12,text,true,,176,127,2,2,http://localhost:8081/healthcheck,0,0,0
1763944650431,40,POST,201,Created,TESTES 1-13,text,true,,339,375,2,2,http://localhost:8081/users,40,0,0
1763944650471,0,GET ID,200,OK,TESTES 1-13,text,true,,422,124,2,2,http://localhost:8081/users/71,0,0,0
1763944650471,1,PUT,200,OK,TESTES 1-13,text,true,,408,319,2,2,http://localhost:8081/users/71,1,0,0
1763944650472,0,GET,200,OK,TESTES 1-13,text,true,,2939,121,2,2,http://localhost:8081/users,0,0,0
1763944650472,1,DELETE,200,OK,TESTES 1-13,text,true,,165,210,2,2,http://localhost:8081/users/71,1,0,0
1763944650473,0,Healthcheck,200,OK,TESTES 1-13,text,true,,176,127,2,2,http://localhost:8081/healthcheck,0,0,0
1763944650489,1,Healthcheck,200,OK,TESTES 1-14,text,true,,176,127,3,3,http://localhost:8081/healthcheck,1,0,0
1763944650461,40,POST,201,Created,TESTES 1-12,text,true,,340,376,3,3,http://localhost:8081/users,40,0,0
1763944650501,1,GET ID,200,OK,TESTES 1-12,text,true,,423,124,3,3,http://localhost:8081/users/72,1,0,0
1763944650502,0,PUT,200,OK,TESTES 1-12,text,true,,408,319,3,3,http://localhost:8081/users/72,0,0,0
1763944650502,0,GET,200,OK,TESTES 1-12,text,true,,2939,121,3,3,http://localhost:8081/users,0,0,0
1763944650502,1,DELETE,200,OK,TESTES 1-12,text,true,,165,210,3,3,http://localhost:8081/users/72,1,0,0
1763944650473,39,POST,201,Created,TESTES 1-13,text,true,,340,376,2,2,http://localhost:8081/users,39,0,0
1763944650512,1,GET ID,200,OK,TESTES 1-13,text,true,,423,124,2,2,http://localhost:8081/users/73,1,0,0
1763944650513,0,PUT,200,OK,TESTES 1-13,text,true,,408,319,2,2,http://localhost:8081/users/73,0,0,0
1763944650513,0,GET,200,OK,TESTES 1-13,text,true,,2939,121,2,2,http://localhost:8081/users,0,0,0
1763944650513,1,DELETE,200,OK,TESTES 1-13,text,true,,165,210,2,2,http://localhost:8081/users/73,1,0,0
1763944650514,0,Healthcheck,200,OK,TESTES 1-13,text,true,,176,127,2,2,http://localhost:8081/healthcheck,0,0,0
1763944650490,40,POST,201,Created,TESTES 1-14,text,true,,340,376,2,2,http://localhost:8081/users,40,0,0
1763944650530,1,GET ID,200,OK,TESTES 1-14,text,true,,419,124,2,2,http://localhost:8081/users/74,1,0,0
1763944650531,0,PUT,200,OK,TESTES 1-14,text,true,,405,318,2,2,http://localhost:8081/users/74,0,0,0
1763944650532,0,GET,200,OK,TESTES 1-14,text,true,,2936,121,2,2,http://localhost:8081/users,0,0,0
1763944650532,0,DELETE,200,OK,TESTES 1-14,text,true,,165,210,2,2,http://localhost:8081/users/74,0,0,0
1763944650532,1,Healthcheck,200,OK,TESTES 1-14,text,true,,176,127,2,2,http://localhost:8081/healthcheck,1,0,0
1763944650514,39,POST,201,Created,TESTES 1-13,text,true,,340,376,2,2,http://localhost:8081/users,39,0,0
1763944650553,0,GET ID,200,OK,TESTES 1-13,text,true,,423,124,2,2,http://localhost:8081/users/75,0,0,0
1763944650553,1,PUT,200,OK,TESTES 1-13,text,true,,408,319,2,2,http://localhost:8081/users/75,1,0,0
1763944650554,0,GET,200,OK,TESTES 1-13,text,true,,2939,121,2,2,http://localhost:8081/users,0,0,0
1763944650554,1,DELETE,200,OK,TESTES 1-13,text,true,,165,210,2,2,http://localhost:8081/users/75,1,0,0
1763944650555,0,Healthcheck,200,OK,TESTES 1-13,text,true,,176,127,2,2,http://localhost:8081/healthcheck,0,0,0
1763944650533,40,POST,201,Created,TESTES 1-14,text,true,,340,376,2,2,http://localhost:8081/users,40,0,0
1763944650573,0,GET ID,200,OK,TESTES 1-14,text,true,,423,124,2,2,http://localhost:8081/users/76,0,0,0
1763944650573,1,PUT,200,OK,TESTES 1-14,text,true,,408,319,2,2,http://localhost:8081/users/76,1,0,0
1763944650574,0,GET,200,OK,TESTES 1-14,text,true,,2939,121,2,2,http://localhost:8081/users,0,0,0
1763944650574,0,DELETE,200,OK,TESTES 1-14,text,true,,165,210,2,2,http://localhost:8081/users/76,0,0,0
1763944650574,0,Healthcheck,200,OK,TESTES 1-14,text,true,,176,127,2,2,http://localhost:8081/healthcheck,0,0,0
1763944650589,0,Healthcheck,200,OK,TESTES 1-15,text,true,,176,127,3,3,http://localhost:8081/healthcheck,0,0,0
1763944650555,39,POST,201,Created,TESTES 1-13,text,true,,339,374,3,3,http://localhost:8081/users,39,0,0
1763944650594,1,GET ID,200,OK,TESTES 1-13,text,true,,422,124,3,3,http://localhost:8081/users/77,1,0,0
1763944650595,0,PUT,200,OK,TESTES 1-13,text,true,,408,319,3,3,http://localhost:8081/users/77,0,0,0
1763944650595,1,GET,200,OK,TESTES 1-13,text,true,,2939,121,3,3,http://localhost:8081/users,1,0,0
1763944650596,0,DELETE,200,OK,TESTES 1-13,text,true,,165,210,3,3,http://localhost:8081/users/77,0,0,0
1763944650574,40,POST,201,Created,TESTES 1-14,text,true,,339,375,2,2,http://localhost:8081/users,40,0,0
1763944650614,0,GET ID,200,OK,TESTES 1-14,text,true,,422,124,2,2,http://localhost:8081/users/78,0,0,0
1763944650614,0,PUT,200,OK,TESTES 1-14,text,true,,407,318,2,2,http://localhost:8081/users/78,0,0,0
1763944650615,0,GET,200,OK,TESTES 1-14,text,true,,2938,121,2,2,http://localhost:8081/users,0,0,0
1763944650615,0,DELETE,200,OK,TESTES 1-14,text,true,,165,210,2,2,http://localhost:8081/users/78,0,0,0
1763944650615,0,Healthcheck,200,OK,TESTES 1-14,text,true,,176,127,2,2,http://localhost:8081/healthcheck,0,0,0
1763944650589,41,POST,201,Created,TESTES 1-15,text,true,,340,376,2,2,http://localhost:8081/users,41,0,0
1763944650630,1,GET ID,200,OK,TESTES 1-15,text,true,,423,124,2,2,http://localhost:8081/users/79,1,0,0
1763944650631,0,PUT,200,OK,TESTES 1-15,text,true,,408,319,2,2,http://localhost:8081/users/79,0,0,0
1763944650631,1,GET,200,OK,TESTES 1-15,text,true,,2939,121,2,2,http://localhost:8081/users,1,0,0
1763944650632,0,DELETE,200,OK,TESTES 1-15,text,true,,165,210,2,2,http://localhost:8081/users/79,0,0,0
1763944650632,0,Healthcheck,200,OK,TESTES 1-15,text,true,,176,127,2,2,http://localhost:8081/healthcheck,0,0,0
1763944650615,40,POST,201,Created,TESTES 1-14,text,true,,339,375,2,2,http://localhost:8081/users,40,0,0
1763944650655,0,GET ID,200,OK,TESTES 1-14,text,true,,422,124,2,2,http://localhost:8081/users/80,0,0,0
1763944650655,1,PUT,200,OK,TESTES 1-14,text,true,,406,317,2,2,http://localhost:8081/users/80,1,0,0
1763944650656,1,GET,200,OK,TESTES 1-14,text,true,,2937,121,2,2,http://localhost:8081/users,1,0,0
1763944650657,1,DELETE,200,OK,TESTES 1-14,text,true,,165,210,2,2,http://localhost:8081/users/80,1,0,0
1763944650658,0,Healthcheck,200,OK,TESTES 1-14,text,true,,176,127,2,2,http://localhost:8081/healthcheck,0,0,0
1763944650632,41,POST,201,Created,TESTES 1-15,text,true,,340,375,2,2,http://localhost:8081/users,41,0,0
1763944650673,0,GET ID,200,OK,TESTES 1-15,text,true,,423,124,2,2,http://localhost:8081/users/81,0,0,0
1763944650673,1,PUT,200,OK,TESTES 1-15,text,true,,408,319,2,2,http://localhost:8081/users/81,1,0,0
1763944650674,0,GET,200,OK,TESTES 1-15,text,true,,2939,121,2,2,http://localhost:8081/users,0,0,0
1763944650674,1,DELETE,200,OK,TESTES 1-15,text,true,,165,210,2,2,http://localhost:8081/users/81,1,0,0
1763944650675,0,Healthcheck,200,OK,TESTES 1-15,text,true,,176,127,2,2,http://localhost:8081/healthcheck,0,0,0
1763944650689,0,Healthcheck,200,OK,TESTES 1-16,text,true,,176,127,3,3,http://localhost:8081/healthcheck,0,0,0
1763944650658,40,POST,201,Created,TESTES 1-14,text,true,,340,376,3,3,http://localhost:8081/users,40,0,0
1763944650698,0,GET ID,200,OK,TESTES 1-14,text,true,,423,124,3,3,http://localhost:8081/users/82,0,0,0
1763944650698,1,PUT,200,OK,TESTES 1-14,text,true,,408,319,3,3,http://localhost:8081/users/82,1,0,0
1763944650699,0,GET,200,OK,TESTES 1-14,text,true,,2939,121,3,3,http://localhost:8081/users,0,0,0
1763944650699,0,DELETE,200,OK,TESTES 1-14,text,true,,165,210,3,3,http://localhost:8081/users/82,0,0,0
1763944650675,40,POST,201,Created,TESTES 1-15,text,true,,340,376,2,2,http://localhost:8081/users,40,0,0
1763944650715,0,GET ID,200,OK,TESTES 1-15,text,true,,423,124,2,2,http://localhost:8081/users/83,0,0,0
1763944650715,1,PUT,200,OK,TESTES 1-15,text,true,,407,318,2,2,http://localhost:8081/users/83,1,0,0
1763944650716,0,GET,200,OK,TESTES 1-15,text,true,,2938,121,2,2,http://localhost:8081/users,0,0,0
1763944650716,0,DELETE,200,OK,TESTES 1-15,text,true,,165,210,2,2,http://localhost:8081/users/83,0,0,0
1763944650716,1,Healthcheck,200,OK,TESTES 1-15,text,true,,176,127,2,2,http://localhost:8081/healthcheck,1,0,0
1763944650689,40,POST,201,Created,TESTES 1-16,text,true,,340,376,2,2,http://localhost:8081/users,40,0,0
1763944650729,1,GET ID,200,OK,TESTES 1-16,text,true,,423,124,2,2,http://localhost:8081/users/84,1,0,0
1763944650730,0,PUT,200,OK,TESTES 1-16,text,true,,408,319,2,2,http://localhost:8081/users/84,0,0,0
1763944650730,0,GET,200,OK,TESTES 1-16,text,true,,2939,121,2,2,http://localhost:8081/users,0,0,0
1763944650731,0,DELETE,200,OK,TESTES 1-16,text,true,,165,210,2,2,http://localhost:8081/users/84,0,0,0
1763944650731,0,Healthcheck,200,OK,TESTES 1-16,text,true,,176,127,2,2,http://localhost:8081/healthcheck,0,0,0
1763944650717,39,POST,201,Created,TESTES 1-15,text,true,,340,376,2,2,http://localhost:8081/users,39,0,0
1763944650757,0,GET ID,200,OK,TESTES 1-15,text,true,,423,124,2,2,http://localhost:8081/users/85,0,0,0
1763944650757,1,PUT,200,OK,TESTES 1-15,text,true,,408,319,2,2,http://localhost:8081/users/85,1,0,0
1763944650758,0,GET,200,OK,TESTES 1-15,text,true,,2939,121,2,2,http://localhost:8081/users,0,0,0
1763944650758,1,DELETE,200,OK,TESTES 1-15,text,true,,165,210,2,2,http://localhost:8081/users/85,1,0,0
1763944650759,0,Healthcheck,200,OK,TESTES 1-15,text,true,,176,127,2,2,http://localhost:8081/healthcheck,0,0,0
1763944650731,40,POST,201,Created,TESTES 1-16,text,true,,339,375,2,2,http://localhost:8081/users,40,0,0
1763944650771,0,GET ID,200,OK,TESTES 1-16,text,true,,422,124,2,2,http://localhost:8081/users/86,0,0,0
1763944650771,1,PUT,200,OK,TESTES 1-16,text,true,,408,319,2,2,http://localhost:8081/users/86,1,0,0
1763944650772,0,GET,200,OK,TESTES 1-16,text,true,,2939,121,2,2,http://localhost:8081/users,0,0,0
1763944650772,1,DELETE,200,OK,TESTES 1-16,text,true,,165,210,2,2,http://localhost:8081/users/86,1,0,0
1763944650773,0,Healthcheck,200,OK,TESTES 1-16,text,true,,176,127,2,2,http://localhost:8081/healthcheck,0,0,0
1763944650789,1,Healthcheck,200,OK,TESTES 1-17,text,true,,176,127,3,3,http://localhost:8081/healthcheck,1,0,1
1763944650759,40,POST,201,Created,TESTES 1-15,text,true,,340,375,3,3,http://localhost:8081/users,40,0,0
1763944650799,0,GET ID,200,OK,TESTES 1-15,text,true,,419,124,3,3,http://localhost:8081/users/87,0,0,0
1763944650799,1,PUT,200,OK,TESTES 1-15,text,true,,406,319,3,3,http://localhost:8081/users/87,1,0,0
1763944650800,0,GET,200,OK,TESTES 1-15,text,true,,2937,121,3,3,http://localhost:8081/users,0,0,0
1763944650800,0,DELETE,200,OK,TESTES 1-15,text,true,,165,210,3,3,http://localhost:8081/users/87,0,0,0
1763944650773,39,POST,201,Created,TESTES 1-16,text,true,,340,376,2,2,http://localhost:8081/users,39,0,0
1763944650812,0,GET ID,200,OK,TESTES 1-16,text,true,,423,124,2,2,http://localhost:8081/users/88,0,0,0
1763944650812,1,PUT,200,OK,TESTES 1-16,text,true,,408,319,2,2,http://localhost:8081/users/88,1,0,0
1763944650813,0,GET,200,OK,TESTES 1-16,text,true,,2939,121,2,2,http://localhost:8081/users,0,0,0
1763944650813,0,DELETE,200,OK,TESTES 1-16,text,true,,165,210,2,2,http://localhost:8081/users/88,0,0,0
1763944650813,1,Healthcheck,200,OK,TESTES 1-16,text,true,,176,127,2,2,http://localhost:8081/healthcheck,1,0,0
1763944650790,41,POST,201,Created,TESTES 1-17,text,true,,339,375,2,2,http://localhost:8081/users,41,0,0
1763944650831,0,GET ID,200,OK,TESTES 1-17,text,true,,422,124,2,2,http://localhost:8081/users/89,0,0,0
1763944650831,1,PUT,200,OK,TESTES 1-17,text,true,,408,319,2,2,http://localhost:8081/users/89,1,0,0
1763944650832,0,GET,200,OK,TESTES 1-17,text,true,,2939,121,2,2,http://localhost:8081/users,0,0,0
1763944650832,1,DELETE,200,OK,TESTES 1-17,text,true,,165,210,2,2,http://localhost:8081/users/89,1,0,0
1763944650833,0,Healthcheck,200,OK,TESTES 1-17,text,true,,176,127,2,2,http://localhost:8081/healthcheck,0,0,0
1763944650814,39,POST,201,Created,TESTES 1-16,text,true,,340,376,2,2,http://localhost:8081/users,39,0,0
1763944650853,0,GET ID,200,OK,TESTES 1-16,text,true,,423,124,2,2,http://localhost:8081/users/90,0,0,0
1763944650853,1,PUT,200,OK,TESTES 1-16,text,true,,408,319,2,2,http://localhost:8081/users/90,1,0,0
1763944650854,0,GET,200,OK,TESTES 1-16,text,true,,2939,121,2,2,http://localhost:8081/users,0,0,0
1763944650854,1,DELETE,200,OK,TESTES 1-16,text,true,,165,210,2,2,http://localhost:8081/users/90,1,0,0
1763944650855,0,Healthcheck,200,OK,TESTES 1-16,text,true,,176,127,2,2,http://localhost:8081/healthcheck,0,0,0
1763944650833,40,POST,201,Created,TESTES 1-17,text,true,,340,376,2,2,http://localhost:8081/users,40,0,0
1763944650873,0,GET ID,200,OK,TESTES 1-17,text,true,,423,124,2,2,http://localhost:8081/users/91,0,0,0
1763944650873,1,PUT,200,OK,TESTES 1-17,text,true,,408,319,2,2,http://localhost:8081/users/91,1,0,0
1763944650874,0,GET,200,OK,TESTES 1-17,text,true,,2939,121,2,2,http://localhost:8081/users,0,0,0
1763944650874,1,DELETE,200,OK,TESTES 1-17,text,true,,165,210,2,2,http://localhost:8081/users/91,1,0,0
1763944650875,0,Healthcheck,200,OK,TESTES 1-17,text,true,,176,127,2,2,http://localhost:8081/healthcheck,0,0,0
1763944650889,0,Healthcheck,200,OK,TESTES 1-18,text,true,,176,127,3,3,http://localhost:8081/healthcheck,0,0,0
1763944650855,39,POST,201,Created,TESTES 1-16,text,true,,340,375,3,3,http://localhost:8081/users,39,0,0
1763944650894,0,GET ID,200,OK,TESTES 1-16,text,true,,423,124,3,3,http://localhost:8081/users/92,0,0,0
1763944650895,0,PUT,200,OK,TESTES 1-16,text,true,,408,319,3,3,http://localhost:8081/users/92,0,0,0
1763944650895,1,GET,200,OK,TESTES 1-16,text,true,,2939,121,3,3,http://localhost:8081/users,1,0,0
1763944650896,0,DELETE,200,OK,TESTES 1-16,text,true,,165,210,3,3,http://localhost:8081/users/92,0,0,0
1763944650875,39,POST,201,Created,TESTES 1-17,text,true,,340,376,2,2,http://localhost:8081/users,39,0,0
1763944650914,1,GET ID,200,OK,TESTES 1-17,text,true,,423,124,2,2,http://localhost:8081/users/93,1,0,0
1763944650915,0,PUT,200,OK,TESTES 1-17,text,true,,408,319,2,2,http://localhost:8081/users/93,0,0,0
1763944650915,0,GET,200,OK,TESTES 1-17,text,true,,2939,121,2,2,http://localhost:8081/users,0,0,0
1763944650915,1,DELETE,200,OK,TESTES 1-17,text,true,,165,210,2,2,http://localhost:8081/users/93,1,0,0
1763944650916,0,Healthcheck,200,OK,TESTES 1-17,text,true,,176,127,2,2,http://localhost:8081/healthcheck,0,0,0
1763944650889,41,POST,201,Created,TESTES 1-18,text,true,,340,376,2,2,http://localhost:8081/users,41,0,0
1763944650930,1,GET ID,200,OK,TESTES 1-18,text,true,,423,124,2,2,http://localhost:8081/users/94,1,0,0
1763944650931,0,PUT,200,OK,TESTES 1-18,text,true,,408,319,2,2,http://localhost:8081/users/94,0,0,0
1763944650931,0,GET,200,OK,TESTES 1-18,text,true,,2939,121,2,2,http://localhost:8081/users,0,0,0
1763944650931,1,DELETE,200,OK,TESTES 1-18,text,true,,165,210,2,2,http://localhost:8081/users/94,1,0,0
1763944650932,0,Healthcheck,200,OK,TESTES 1-18,text,true,,176,127,2,2,http://localhost:8081/healthcheck,0,0,0
1763944650916,40,POST,201,Created,TESTES 1-17,text,true,,340,376,2,2,http://localhost:8081/users,40,0,0
1763944650957,0,GET ID,200,OK,TESTES 1-17,text,true,,423,124,2,2,http://localhost:8081/users/95,0,0,0
1763944650957,1,PUT,200,OK,TESTES 1-17,text,true,,407,319,2,2,http://localhost:8081/users/95,1,0,0
1763944650958,0,GET,200,OK,TESTES 1-17,text,true,,2938,121,2,2,http://localhost:8081/users,0,0,0
1763944650958,1,DELETE,200,OK,TESTES 1-17,text,true,,165,210,2,2,http://localhost:8081/users/95,1,0,0
1763944650959,0,Healthcheck,200,OK,TESTES 1-17,text,true,,176,127,2,2,http://localhost:8081/healthcheck,0,0,0
1763944650932,40,POST,201,Created,TESTES 1-18,text,true,,340,376,2,2,http://localhost:8081/users,40,0,0
1763944650972,0,GET ID,200,OK,TESTES 1-18,text,true,,423,124,2,2,http://localhost:8081/users/96,0,0,0
1763944650972,1,PUT,200,OK,TESTES 1-18,text,true,,407,319,2,2,http://localhost:8081/users/96,1,0,0
1763944650973,0,GET,200,OK,TESTES 1-18,text,true,,2938,121,2,2,http://localhost:8081/users,0,0,0
1763944650973,0,DELETE,200,OK,TESTES 1-18,text,true,,165,210,2,2,http://localhost:8081/users/96,0,0,0
1763944650973,1,Healthcheck,200,OK,TESTES 1-18,text,true,,176,127,2,2,http://localhost:8081/healthcheck,1,0,0
1763944650988,1,Healthcheck,200,OK,TESTES 1-19,text,true,,176,127,3,3,http://localhost:8081/healthcheck,1,0,0
1763944650959,40,POST,201,Created,TESTES 1-17,text,true,,340,376,3,3,http://localhost:8081/users,40,0,0
1763944650999,1,GET ID,200,OK,TESTES 1-17,text,true,,423,124,3,3,http://localhost:8081/users/97,1,0,0
1763944651000,1,PUT,200,OK,TESTES 1-17,text,true,,408,319,3,3,http://localhost:8081/users/97,1,0,0
1763944651001,0,GET,200,OK,TESTES 1-17,text,true,,2939,121,3,3,http://localhost:8081/users,0,0,0
1763944651001,0,DELETE,200,OK,TESTES 1-17,text,true,,165,210,3,3,http://localhost:8081/users/97,0,0,0
1763944650974,39,POST,201,Created,TESTES 1-18,text,true,,340,376,2,2,http://localhost:8081/users,39,0,0
1763944651013,0,GET ID,200,OK,TESTES 1-18,text,true,,423,124,2,2,http://localhost:8081/users/98,0,0,0
1763944651013,1,PUT,200,OK,TESTES 1-18,text,true,,407,318,2,2,http://localhost:8081/users/98,1,0,0
1763944651014,1,GET,200,OK,TESTES 1-18,text,true,,2938,121,2,2,http://localhost:8081/users,1,0,0
1763944651015,0,DELETE,200,OK,TESTES 1-18,text,true,,165,210,2,2,http://localhost:8081/users/98,0,0,0
1763944651015,0,Healthcheck,200,OK,TESTES 1-18,text,true,,176,127,2,2,http://localhost:8081/healthcheck,0,0,0
1763944650989,39,POST,201,Created,TESTES 1-19,text,true,,339,375,2,2,http://localhost:8081/users,39,0,0
1763944651028,1,GET ID,200,OK,TESTES 1-19,text,true,,422,124,2,2,http://localhost:8081/users/99,1,0,0
1763944651029,0,PUT,200,OK,TESTES 1-19,text,true,,408,319,2,2,http://localhost:8081/users/99,0,0,0
1763944651029,0,GET,200,OK,TESTES 1-19,text,true,,2939,121,2,2,http://localhost:8081/users,0,0,0
1763944651029,1,DELETE,200,OK,TESTES 1-19,text,true,,165,210,2,2,http://localhost:8081/users/99,1,0,0
1763944651030,0,Healthcheck,200,OK,TESTES 1-19,text,true,,176,127,2,2,http://localhost:8081/healthcheck,0,0,0
1763944651015,40,POST,201,Created,TESTES 1-18,text,true,,341,376,2,2,http://localhost:8081/users,40,0,0
1763944651055,0,GET ID,200,OK,TESTES 1-18,text,true,,424,125,2,2,http://localhost:8081/users/100,0,0,0
1763944651055,1,PUT,200,OK,TESTES 1-18,text,true,,408,319,2,2,http://localhost:8081/users/100,1,0,0
1763944651056,0,GET,200,OK,TESTES 1-18,text,true,,2939,121,2,2,http://localhost:8081/users,0,0,0
1763944651056,1,DELETE,200,OK,TESTES 1-18,text,true,,165,211,2,2,http://localhost:8081/users/100,1,0,0
1763944651057,0,Healthcheck,200,OK,TESTES 1-18,text,true,,176,127,2,2,http://localhost:8081/healthcheck,0,0,0
1763944651030,39,POST,201,Created,TESTES 1-19,text,true,,340,375,2,2,http://localhost:8081/users,39,0,0
1763944651069,0,GET ID,200,OK,TESTES 1-19,text,true,,423,125,2,2,http://localhost:8081/users/101,0,0,0
1763944651069,1,PUT,200,OK,TESTES 1-19,text,true,,409,320,2,2,http://localhost:8081/users/101,1,0,0
1763944651070,0,GET,200,OK,TESTES 1-19,text,true,,2940,121,2,2,http://localhost:8081/users,0,0,0
1763944651070,1,DELETE,200,OK,TESTES 1-19,text,true,,165,211,2,2,http://localhost:8081/users/101,1,0,0
1763944651071,0,Healthcheck,200,OK,TESTES 1-19,text,true,,176,127,2,2,http://localhost:8081/healthcheck,0,0,0
1763944651088,2,Healthcheck,200,OK,TESTES 1-20,text,true,,176,127,3,3,http://localhost:8081/healthcheck,2,0,1
1763944651057,39,POST,201,Created,TESTES 1-18,text,true,,341,376,3,3,http://localhost:8081/users,39,0,0
1763944651096,1,GET ID,200,OK,TESTES 1-18,text,true,,424,125,3,3,http://localhost:8081/users/102,1,0,0
1763944651097,1,PUT,200,OK,TESTES 1-18,text,true,,409,320,3,3,http://localhost:8081/users/102,1,0,0
1763944651098,0,GET,200,OK,TESTES 1-18,text,true,,2940,121,3,3,http://localhost:8081/users,0,0,0
1763944651098,1,DELETE,200,OK,TESTES 1-18,text,true,,165,211,3,3,http://localhost:8081/users/102,1,0,0
1763944651071,40,POST,201,Created,TESTES 1-19,text,true,,341,376,2,2,http://localhost:8081/users,40,0,0
1763944651111,0,GET ID,200,OK,TESTES 1-19,text,true,,424,125,2,2,http://localhost:8081/users/103,0,0,0
1763944651111,0,PUT,200,OK,TESTES 1-19,text,true,,409,320,2,2,http://localhost:8081/users/103,0,0,0
1763944651111,0,GET,200,OK,TESTES 1-19,text,true,,2940,121,2,2,http://localhost:8081/users,0,0,0
1763944651111,1,DELETE,200,OK,TESTES 1-19,text,true,,165,211,2,2,http://localhost:8081/users/103,1,0,0
1763944651112,0,Healthcheck,200,OK,TESTES 1-19,text,true,,176,127,2,2,http://localhost:8081/healthcheck,0,0,0
1763944651090,41,POST,201,Created,TESTES 1-20,text,true,,341,376,2,2,http://localhost:8081/users,41,0,0
1763944651131,0,GET ID,200,OK,TESTES 1-20,text,true,,424,125,2,2,http://localhost:8081/users/104,0,0,0
1763944651131,1,PUT,200,OK,TESTES 1-20,text,true,,409,320,2,2,http://localhost:8081/users/104,1,0,0
1763944651132,0,GET,200,OK,TESTES 1-20,text,true,,2940,121,2,2,http://localhost:8081/users,0,0,0
1763944651132,1,DELETE,200,OK,TESTES 1-20,text,true,,165,211,2,2,http://localhost:8081/users/104,1,0,0
1763944651133,0,Healthcheck,200,OK,TESTES 1-20,text,true,,176,127,2,2,http://localhost:8081/healthcheck,0,0,0
1763944651112,39,POST,201,Created,TESTES 1-19,text,true,,341,375,2,2,http://localhost:8081/users,39,0,0
1763944651151,1,GET ID,200,OK,TESTES 1-19,text,true,,424,125,2,2,http://localhost:8081/users/105,1,0,0
1763944651152,0,PUT,200,OK,TESTES 1-19,text,true,,408,319,2,2,http://localhost:8081/users/105,0,0,0
1763944651153,0,GET,200,OK,TESTES 1-19,text,true,,2939,121,2,2,http://localhost:8081/users,0,0,0
1763944651153,1,DELETE,200,OK,TESTES 1-19,text,true,,165,211,2,2,http://localhost:8081/users/105,1,0,0
1763944651154,0,Healthcheck,200,OK,TESTES 1-19,text,true,,176,127,2,2,http://localhost:8081/healthcheck,0,0,0
1763944651133,39,POST,201,Created,TESTES 1-20,text,true,,341,376,2,2,http://localhost:8081/users,39,0,0
1763944651172,1,GET ID,200,OK,TESTES 1-20,text,true,,422,125,2,2,http://localhost:8081/users/106,1,0,0
1763944651173,0,PUT,200,OK,TESTES 1-20,text,true,,408,320,2,2,http://localhost:8081/users/106,0,0,0
1763944651174,0,GET,200,OK,TESTES 1-20,text,true,,2939,121,2,2,http://localhost:8081/users,0,0,0
1763944651174,1,DELETE,200,OK,TESTES 1-20,text,true,,165,211,2,2,http://localhost:8081/users/106,1,0,0
1763944651175,0,Healthcheck,200,OK,TESTES 1-20,text,true,,176,127,2,2,http://localhost:8081/healthcheck,0,0,0
1763944651188,3,Healthcheck,200,OK,TESTES 1-21,text,true,,176,127,3,3,http://localhost:8081/healthcheck,3,0,0
1763944651154,39,POST,201,Created,TESTES 1-19,text,true,,341,376,3,3,http://localhost:8081/users,39,0,0
1763944651193,1,GET ID,200,OK,TESTES 1-19,text,true,,424,125,3,3,http://localhost:8081/users/107,1,0,0
1763944651194,0,PUT,200,OK,TESTES 1-19,text,true,,409,320,3,3,http://localhost:8081/users/107,0,0,0
1763944651194,0,GET,200,OK,TESTES 1-19,text,true,,2940,121,3,3,http://localhost:8081/users,0,0,0
1763944651194,1,DELETE,200,OK,TESTES 1-19,text,true,,165,211,3,3,http://localhost:8081/users/107,1,0,0
1763944651175,39,POST,201,Created,TESTES 1-20,text,true,,340,375,2,2,http://localhost:8081/users,39,0,0
1763944651214,0,GET ID,200,OK,TESTES 1-20,text,true,,421,125,2,2,http://localhost:8081/users/108,0,0,0
1763944651215,0,PUT,200,OK,TESTES 1-20,text,true,,408,320,2,2,http://localhost:8081/users/108,0,0,0
1763944651215,1,GET,200,OK,TESTES 1-20,text,true,,2939,121,2,2,http://localhost:8081/users,1,0,0
1763944651216,0,DELETE,200,OK,TESTES 1-20,text,true,,165,211,2,2,http://localhost:8081/users/108,0,0,0
1763944651216,0,Healthcheck,200,OK,TESTES 1-20,text,true,,176,127,2,2,http://localhost:8081/healthcheck,0,0,0
1763944651191,40,POST,201,Created,TESTES 1-21,text,true,,341,376,2,2,http://localhost:8081/users,40,0,0
1763944651231,0,GET ID,200,OK,TESTES 1-21,text,true,,424,125,2,2,http://localhost:8081/users/109,0,0,0
1763944651231,1,PUT,200,OK,TESTES 1-21,text,true,,409,320,2,2,http://localhost:8081/users/109,1,0,0
1763944651232,1,GET,200,OK,TESTES 1-21,text,true,,2940,121,2,2,http://localhost:8081/users,1,0,0
1763944651233,0,DELETE,200,OK,TESTES 1-21,text,true,,165,211,2,2,http://localhost:8081/users/109,0,0,0
1763944651233,0,Healthcheck,200,OK,TESTES 1-21,text,true,,176,127,2,2,http://localhost:8081/healthcheck,0,0,0
1763944651216,40,POST,201,Created,TESTES 1-20,text,true,,341,376,2,2,http://localhost:8081/users,40,0,0
1763944651256,1,GET ID,200,OK,TESTES 1-20,text,true,,424,125,2,2,http://localhost:8081/users/110,1,0,0
1763944651257,1,PUT,200,OK,TESTES 1-20,text,true,,408,319,2,2,http://localhost:8081/users/110,1,0,0
1763944651258,0,GET,200,OK,TESTES 1-20,text,true,,2939,121,2,2,http://localhost:8081/users,0,0,0
1763944651258,1,DELETE,200,OK,TESTES 1-20,text,true,,165,211,2,2,http://localhost:8081/users/110,1,0,0
1763944651259,0,Healthcheck,200,OK,TESTES 1-20,text,true,,176,127,2,2,http://localhost:8081/healthcheck,0,0,0
1763944651233,40,POST,201,Created,TESTES 1-21,text,true,,341,376,2,2,http://localhost:8081/users,40,0,0
1763944651273,0,GET ID,200,OK,TESTES 1-21,text,true,,424,125,2,2,http://localhost:8081/users/111,0,0,0
1763944651273,1,PUT,200,OK,TESTES 1-21,text,true,,408,320,2,2,http://localhost:8081/users/111,1,0,0
1763944651274,0,GET,200,OK,TESTES 1-21,text,true,,2939,121,2,2,http://localhost:8081/users,0,0,0
1763944651274,1,DELETE,200,OK,TESTES 1-21,text,true,,165,211,2,2,http://localhost:8081/users/111,1,0,0
1763944651275,0,Healthcheck,200,OK,TESTES 1-21,text,true,,176,127,2,2,http://localhost:8081/healthcheck,0,0,0
1763944651288,3,Healthcheck,200,OK,TESTES 1-22,text,true,,176,127,3,3,http://localhost:8081/healthcheck,3,0,0
1763944651259,40,POST,201,Created,TESTES 1-20,text,true,,340,375,3,3,http://localhost:8081/users,40,0,0
1763944651299,0,GET ID,200,OK,TESTES 1-20,text,true,,423,125,3,3,http://localhost:8081/users/112,0,0,0
1763944651299,1,PUT,200,OK,TESTES 1-20,text,true,,408,319,3,3,http://localhost:8081/users/112,1,0,0
1763944651300,0,GET,200,OK,TESTES 1-20,text,true,,2939,121,3,3,http://localhost:8081/users,0,0,0
1763944651300,1,DELETE,200,OK,TESTES 1-20,text,true,,165,211,3,3,http://localhost:8081/users/112,1,0,0
1763944651275,39,POST,201,Created,TESTES 1-21,text,true,,341,376,2,2,http://localhost:8081/users,39,0,0
1763944651314,0,GET ID,200,OK,TESTES 1-21,text,true,,422,125,2,2,http://localhost:8081/users/113,0,0,0
1763944651314,1,PUT,200,OK,TESTES 1-21,text,true,,407,320,2,2,http://localhost:8081/users/113,1,0,0
1763944651315,0,GET,200,OK,TESTES 1-21,text,true,,2938,121,2,2,http://localhost:8081/users,0,0,0
1763944651315,1,DELETE,200,OK,TESTES 1-21,text,true,,165,211,2,2,http://localhost:8081/users/113,1,0,0
1763944651316,0,Healthcheck,200,OK,TESTES 1-21,text,true,,176,127,2,2,http://localhost:8081/healthcheck,0,0,0
1763944651291,40,POST,201,Created,TESTES 1-22,text,true,,341,375,2,2,http://localhost:8081/users,40,0,0
1763944651331,0,GET ID,200,OK,TESTES 1-22,text,true,,424,125,2,2,http://localhost:8081/users/114,0,0,0
1763944651331,1,PUT,200,OK,TESTES 1-22,text,true,,409,320,2,2,http://localhost:8081/users/114,1,0,0
1763944651332,0,GET,200,OK,TESTES 1-22,text,true,,2940,121,2,2,http://localhost:8081/users,0,0,0
1763944651332,1,DELETE,200,OK,TESTES 1-22,text,true,,165,211,2,2,http://localhost:8081/users/114,1,0,0
1763944651333,0,Healthcheck,200,OK,TESTES 1-22,text,true,,176,127,2,2,http://localhost:8081/healthcheck,0,0,0
1763944651316,39,POST,201,Created,TESTES 1-21,text,true,,341,376,2,2,http://localhost:8081/users,39,0,0
1763944651355,1,GET ID,200,OK,TESTES 1-21,text,true,,424,125,2,2,http://localhost:8081/users/115,1,0,0
1763944651356,1,PUT,200,OK,TESTES 1-21,text,true,,408,319,2,2,http://localhost:8081/users/115,1,0,0
1763944651357,0,GET,200,OK,TESTES 1-21,text,true,,2939,121,2,2,http://localhost:8081/users,0,0,0
1763944651357,1,DELETE,200,OK,TESTES 1-21,text,true,,165,211,2,2,http://localhost:8081/users/115,1,0,0
1763944651358,0,Healthcheck,200,OK,TESTES 1-21,text,true,,176,127,2,2,http://localhost:8081/healthcheck,0,0,0
1763944651333,39,POST,201,Created,TESTES 1-22,text,true,,341,376,2,2,http://localhost:8081/users,39,0,0
1763944651372,0,GET ID,200,OK,TESTES 1-22,text,true,,424,125,2,2,http://localhost:8081/users/116,0,0,0
1763944651372,1,PUT,200,OK,TESTES 1-22,text,true,,409,320,2,2,http://localhost:8081/users/116,1,0,0
1763944651373,1,GET,200,OK,TESTES 1-22,text,true,,2940,121,2,2,http://localhost:8081/users,1,0,0
1763944651374,0,DELETE,200,OK,TESTES 1-22,text,true,,165,211,2,2,http://localhost:8081/users/116,0,0,0
1763944651374,0,Healthcheck,200,OK,TESTES 1-22,text,true,,176,127,2,2,http://localhost:8081/healthcheck,0,0,0
1763944651388,1,Healthcheck,200,OK,TESTES 1-23,text,true,,176,127,3,3,http://localhost:8081/healthcheck,1,0,0
1763944651358,40,POST,201,Created,TESTES 1-21,text,true,,340,375,3,3,http://localhost:8081/users,40,0,0
1763944651398,0,GET ID,200,OK,TESTES 1-21,text,true,,423,125,3,3,http://localhost:8081/users/117,0,0,0
1763944651398,1,PUT,200,OK,TESTES 1-21,text,true,,409,320,3,3,http://localhost:8081/users/117,1,0,0
1763944651399,0,GET,200,OK,TESTES 1-21,text,true,,2940,121,3,3,http://localhost:8081/users,0,0,0
1763944651399,1,DELETE,200,OK,TESTES 1-21,text,true,,165,211,3,3,http://localhost:8081/users/117,1,0,0
1763944651374,41,POST,201,Created,TESTES 1-22,text,true,,341,376,2,2,http://localhost:8081/users,41,0,0
1763944651415,0,GET ID,200,OK,TESTES 1-22,text,true,,424,125,2,2,http://localhost:8081/users/118,0,0,0
1763944651415,1,PUT,200,OK,TESTES 1-22,text,true,,408,319,2,2,http://localhost:8081/users/118,1,0,0
1763944651416,0,GET,200,OK,TESTES 1-22,text,true,,2939,121,2,2,http://localhost:8081/users,0,0,0
1763944651416,1,DELETE,200,OK,TESTES 1-22,text,true,,165,211,2,2,http://localhost:8081/users/118,1,0,0
1763944651417,0,Healthcheck,200,OK,TESTES 1-22,text,true,,176,127,2,2,http://localhost:8081/healthcheck,0,0,0
1763944651389,39,POST,201,Created,TESTES 1-23,text,true,,341,376,2,2,http://localhost:8081/users,39,0,0
1763944651428,1,GET ID,200,OK,TESTES 1-23,text,true,,424,125,2,2,http://localhost:8081/users/119,1,0,0
1763944651429,0,PUT,200,OK,TESTES 1-23,text,true,,409,320,2,2,http://localhost:8081/users/119,0,0,0
1763944651429,0,GET,200,OK,TESTES 1-23,text,true,,2940,121,2,2,http://localhost:8081/users,0,0,0
1763944651429,1,DELETE,200,OK,TESTES 1-23,text,true,,165,211,2,2,http://localhost:8081/users/119,1,0,0
1763944651430,0,Healthcheck,200,OK,TESTES 1-23,text,true,,176,127,2,2,http://localhost:8081/healthcheck,0,0,0
1763944651417,41,POST,201,Created,TESTES 1-22,text,true,,340,375,2,2,http://localhost:8081/users,41,0,0
1763944651458,1,GET ID,200,OK,TESTES 1-22,text,true,,423,125,2,2,http://localhost:8081/users/120,1,0,0
1763944651459,1,PUT,200,OK,TESTES 1-22,text,true,,407,319,2,2,http://localhost:8081/users/120,1,0,0
1763944651460,0,GET,200,OK,TESTES 1-22,text,true,,2938,121,2,2,http://localhost:8081/users,0,0,0
1763944651460,1,DELETE,200,OK,TESTES 1-22,text,true,,165,211,2,2,http://localhost:8081/users/120,1,0,0
1763944651461,0,Healthcheck,200,OK,TESTES 1-22,text,true,,176,127,2,2,http://localhost:8081/healthcheck,0,0,0
1763944651430,40,POST,201,Created,TESTES 1-23,text,true,,341,376,2,2,http://localhost:8081/users,40,0,0
1763944651470,0,GET ID,200,OK,TESTES 1-23,text,true,,424,125,2,2,http://localhost:8081/users/121,0,0,0
1763944651470,1,PUT,200,OK,TESTES 1-23,text,true,,409,320,2,2,http://localhost:8081/users/121,1,0,0
1763944651471,0,GET,200,OK,TESTES 1-23,text,true,,2940,121,2,2,http://localhost:8081/users,0,0,0
1763944651471,1,DELETE,200,OK,TESTES 1-23,text,true,,165,211,2,2,http://localhost:8081/users/121,1,0,0
1763944651472,0,Healthcheck,200,OK,TESTES 1-23,text,true,,176,127,2,2,http://localhost:8081/healthcheck,0,0,0
1763944651488,1,Healthcheck,200,OK,TESTES 1-24,text,true,,176,127,3,3,http://localhost:8081/healthcheck,1,0,1
1763944651461,40,POST,201,Created,TESTES 1-22,text,true,,341,376,3,3,http://localhost:8081/users,40,0,0
1763944651501,0,GET ID,200,OK,TESTES 1-22,text,true,,424,125,3,3,http://localhost:8081/users/122,0,0,0
1763944651501,0,PUT,200,OK,TESTES 1-22,text,true,,409,320,3,3,http://localhost:8081/users/122,0,0,0
1763944651501,1,GET,200,OK,TESTES 1-22,text,true,,2940,121,3,3,http://localhost:8081/users,1,0,0
1763944651502,0,DELETE,200,OK,TESTES 1-22,text,true,,165,211,3,3,http://localhost:8081/users/122,0,0,0
1763944651472,39,POST,201,Created,TESTES 1-23,text,true,,341,376,2,2,http://localhost:8081/users,39,0,0
1763944651511,0,GET ID,200,OK,TESTES 1-23,text,true,,424,125,2,2,http://localhost:8081/users/123,0,0,0
1763944651511,1,PUT,200,OK,TESTES 1-23,text,true,,409,320,2,2,http://localhost:8081/users/123,1,0,0
1763944651512,0,GET,200,OK,TESTES 1-23,text,true,,2940,121,2,2,http://localhost:8081/users,0,0,0
1763944651512,0,DELETE,200,OK,TESTES 1-23,text,true,,165,211,2,2,http://localhost:8081/users/123,0,0,0
1763944651512,0,Healthcheck,200,OK,TESTES 1-23,text,true,,176,127,2,2,http://localhost:8081/healthcheck,0,0,0
1763944651489,40,POST,201,Created,TESTES 1-24,text,true,,341,376,2,2,http://localhost:8081/users,40,0,0
1763944651529,0,GET ID,200,OK,TESTES 1-24,text,true,,424,125,2,2,http://localhost:8081/users/124,0,0,0
1763944651529,1,PUT,200,OK,TESTES 1-24,text,true,,409,320,2,2,http://localhost:8081/users/124,1,0,0
1763944651530,1,GET,200,OK,TESTES 1-24,text,true,,2940,121,2,2,http://localhost:8081/users,1,0,0
1763944651531,0,DELETE,200,OK,TESTES 1-24,text,true,,165,211,2,2,http://localhost:8081/users/124,0,0,0
1763944651531,0,Healthcheck,200,OK,TESTES 1-24,text,true,,176,127,2,2,http://localhost:8081/healthcheck,0,0,0
1763944651512,40,POST,201,Created,TESTES 1-23,text,true,,341,376,2,2,http://localhost:8081/users,40,0,0
1763944651552,0,GET ID,200,OK,TESTES 1-23,text,true,,424,125,2,2,http://localhost:8081/users/125,0,0,0
1763944651552,1,PUT,200,OK,TESTES 1-23,text,true,,409,320,2,2,http://localhost:8081/users/125,1,0,0
1763944651553,0,GET,200,OK,TESTES 1-23,text,true,,2940,121,2,2,http://localhost:8081/users,0,0,0
1763944651553,1,DELETE,200,OK,TESTES 1-23,text,true,,165,211,2,2,http://localhost:8081/users/125,1,0,0
1763944651554,0,Healthcheck,200,OK,TESTES 1-23,text,true,,176,127,2,2,http://localhost:8081/healthcheck,0,0,0
1763944651531,39,POST,201,Created,TESTES 1-24,text,true,,341,376,2,2,http://localhost:8081/users,39,0,0
1763944651570,0,GET ID,200,OK,TESTES 1-24,text,true,,424,125,2,2,http://localhost:8081/users/126,0,0,0
1763944651570,1,PUT,200,OK,TESTES 1-24,text,true,,409,320,2,2,http://localhost:8081/users/126,1,0,0
1763944651571,0,GET,200,OK,TESTES 1-24,text,true,,2940,121,2,2,http://localhost:8081/users,0,0,0
1763944651571,1,DELETE,200,OK,TESTES 1-24,text,true,,165,211,2,2,http://localhost:8081/users/126,1,0,0
1763944651572,0,Healthcheck,200,OK,TESTES 1-24,text,true,,176,127,2,2,http://localhost:8081/healthcheck,0,0,0
1763944651588,1,Healthcheck,200,OK,TESTES 1-25,text,true,,176,127,3,3,http://localhost:8081/healthcheck,1,0,1
1763944651554,42,POST,201,Created,TESTES 1-23,text,true,,341,376,3,3,http://localhost:8081/users,42,0,0
1763944651596,0,GET ID,200,OK,TESTES 1-23,text,true,,424,125,3,3,http://localhost:8081/users/127,0,0,0
1763944651596,1,PUT,200,OK,TESTES 1-23,text,true,,408,319,3,3,http://localhost:8081/users/127,1,0,0
1763944651597,0,GET,200,OK,TESTES 1-23,text,true,,2939,121,3,3,http://localhost:8081/users,0,0,0
1763944651597,1,DELETE,200,OK,TESTES 1-23,text,true,,165,211,3,3,http://localhost:8081/users/127,1,0,0
1763944651572,41,POST,201,Created,TESTES 1-24,text,true,,341,376,2,2,http://localhost:8081/users,41,0,0
1763944651613,0,GET ID,200,OK,TESTES 1-24,text,true,,424,125,2,2,http://localhost:8081/users/128,0,0,0
1763944651613,1,PUT,200,OK,TESTES 1-24,text,true,,408,319,2,2,http://localhost:8081/users/128,1,0,0
1763944651614,0,GET,200,OK,TESTES 1-24,text,true,,2939,121,2,2,http://localhost:8081/users,0,0,0
1763944651614,1,DELETE,200,OK,TESTES 1-24,text,true,,165,211,2,2,http://localhost:8081/users/128,1,0,0
1763944651615,0,Healthcheck,200,OK,TESTES 1-24,text,true,,176,127,2,2,http://localhost:8081/healthcheck,0,0,0
1763944651589,41,POST,201,Created,TESTES 1-25,text,true,,341,376,2,2,http://localhost:8081/users,41,0,0
1763944651631,0,GET ID,200,OK,TESTES 1-25,text,true,,424,125,2,2,http://localhost:8081/users/129,0,0,0
1763944651631,1,PUT,200,OK,TESTES 1-25,text,true,,409,320,2,2,http://localhost:8081/users/129,1,0,0
1763944651632,0,GET,200,OK,TESTES 1-25,text,true,,2940,121,2,2,http://localhost:8081/users,0,0,0
1763944651632,1,DELETE,200,OK,TESTES 1-25,text,true,,165,211,2,2,http://localhost:8081/users/129,1,0,0
1763944651633,0,Healthcheck,200,OK,TESTES 1-25,text,true,,176,127,2,2,http://localhost:8081/healthcheck,0,0,0
1763944651615,40,POST,201,Created,TESTES 1-24,text,true,,341,376,2,2,http://localhost:8081/users,40,0,0
1763944651655,0,GET ID,200,OK,TESTES 1-24,text,true,,418,125,2,2,http://localhost:8081/users/130,0,0,0
1763944651655,1,PUT,200,OK,TESTES 1-24,text,true,,406,320,2,2,http://localhost:8081/users/130,1,0,0
1763944651656,1,GET,200,OK,TESTES 1-24,text,true,,2937,121,2,2,http://localhost:8081/users,1,0,0
1763944651657,1,DELETE,200,OK,TESTES 1-24,text,true,,165,211,2,2,http://localhost:8081/users/130,1,0,0
1763944651658,0,Healthcheck,200,OK,TESTES 1-24,text,true,,176,127,2,2,http://localhost:8081/healthcheck,0,0,0
1763944651633,40,POST,201,Created,TESTES 1-25,text,true,,341,376,2,2,http://localhost:8081/users,40,0,0
1763944651673,0,GET ID,200,OK,TESTES 1-25,text,true,,424,125,2,2,http://localhost:8081/users/131,0,0,0
1763944651673,1,PUT,200,OK,TESTES 1-25,text,true,,409,320,2,2,http://localhost:8081/users/131,1,0,0
1763944651674,0,GET,200,OK,TESTES 1-25,text,true,,2940,121,2,2,http://localhost:8081/users,0,0,0
1763944651674,1,DELETE,200,OK,TESTES 1-25,text,true,,165,211,2,2,http://localhost:8081/users/131,1,0,0
1763944651675,0,Healthcheck,200,OK,TESTES 1-25,text,true,,176,127,2,2,http://localhost:8081/healthcheck,0,0,0
1763944651689,5,Healthcheck,200,OK,TESTES 1-26,text,true,,176,127,3,3,http://localhost:8081/healthcheck,5,0,0
1763944651658,39,POST,201,Created,TESTES 1-24,text,true,,341,376,3,3,http://localhost:8081/users,39,0,0
1763944651697,0,GET ID,200,OK,TESTES 1-24,text,true,,424,125,3,3,http://localhost:8081/users/132,0,0,0
1763944651697,1,PUT,200,OK,TESTES 1-24,text,true,,408,319,3,3,http://localhost:8081/users/132,1,0,0
1763944651698,0,GET,200,OK,TESTES 1-24,text,true,,2939,121,3,3,http://localhost:8081/users,0,0,0
1763944651698,1,DELETE,200,OK,TESTES 1-24,text,true,,165,211,3,3,http://localhost:8081/users/132,1,0,0
1763944651675,39,POST,201,Created,TESTES 1-25,text,true,,341,376,2,2,http://localhost:8081/users,39,0,0
1763944651714,0,GET ID,200,OK,TESTES 1-25,text,true,,424,125,2,2,http://localhost:8081/users/133,0,0,0
1763944651714,1,PUT,200,OK,TESTES 1-25,text,true,,409,320,2,2,http://localhost:8081/users/133,1,0,0
1763944651715,0,GET,200,OK,TESTES 1-25,text,true,,2940,121,2,2,http://localhost:8081/users,0,0,0
1763944651715,1,DELETE,200,OK,TESTES 1-25,text,true,,165,211,2,2,http://localhost:8081/users/133,1,0,0
1763944651716,0,Healthcheck,200,OK,TESTES 1-25,text,true,,176,127,2,2,http://localhost:8081/healthcheck,0,0,0
1763944651694,40,POST,201,Created,TESTES 1-26,text,true,,341,376,2,2,http://localhost:8081/users,40,0,0
1763944651734,0,GET ID,200,OK,TESTES 1-26,text,true,,424,125,2,2,http://localhost:8081/users/134,0,0,0
1763944651734,1,PUT,200,OK,TESTES 1-26,text,true,,409,320,2,2,http://localhost:8081/users/134,1,0,0
1763944651735,0,GET,200,OK,TESTES 1-26,text,true,,2940,121,2,2,http://localhost:8081/users,0,0,0
1763944651735,1,DELETE,200,OK,TESTES 1-26,text,true,,165,211,2,2,http://localhost:8081/users/134,1,0,0
1763944651736,0,Healthcheck,200,OK,TESTES 1-26,text,true,,176,127,2,2,http://localhost:8081/healthcheck,0,0,0
1763944651716,40,POST,201,Created,TESTES 1-25,text,true,,341,376,2,2,http://localhost:8081/users,40,0,0
1763944651756,0,GET ID,200,OK,TESTES 1-25,text,true,,424,125,2,2,http://localhost:8081/users/135,0,0,0
1763944651756,1,PUT,200,OK,TESTES 1-25,text,true,,409,320,2,2,http://localhost:8081/users/135,1,0,0
1763944651757,1,GET,200,OK,TESTES 1-25,text,true,,2940,121,2,2,http://localhost:8081/users,1,0,0
1763944651758,1,DELETE,200,OK,TESTES 1-25,text,true,,165,211,2,2,http://localhost:8081/users/135,1,0,0
1763944651759,0,Healthcheck,200,OK,TESTES 1-25,text,true,,176,127,2,2,http://localhost:8081/healthcheck,0,0,0
1763944651736,40,POST,201,Created,TESTES 1-26,text,true,,341,375,2,2,http://localhost:8081/users,40,0,0
1763944651776,0,GET ID,200,OK,TESTES 1-26,text,true,,424,125,2,2,http://localhost:8081/users/136,0,0,0
1763944651777,0,PUT,200,OK,TESTES 1-26,text,true,,409,320,2,2,http://localhost:8081/users/136,0,0,0
1763944651777,1,GET,200,OK,TESTES 1-26,text,true,,2940,121,2,2,http://localhost:8081/users,1,0,0
1763944651778,0,DELETE,200,OK,TESTES 1-26,text,true,,165,211,2,2,http://localhost:8081/users/136,0,0,0
1763944651778,0,Healthcheck,200,OK,TESTES 1-26,text,true,,176,127,2,2,http://localhost:8081/healthcheck,0,0,0
1763944651788,7,Healthcheck,200,OK,TESTES 1-27,text,true,,176,127,3,3,http://localhost:8081/healthcheck,7,0,1
1763944651759,39,POST,201,Created,TESTES 1-25,text,true,,341,376,3,3,http://localhost:8081/users,39,0,0
1763944651798,1,GET ID,200,OK,TESTES 1-25,text,true,,424,125,3,3,http://localhost:8081/users/137,1,0,0
1763944651799,1,PUT,200,OK,TESTES 1-25,text,true,,408,320,3,3,http://localhost:8081/users/137,1,0,0
1763944651800,0,GET,200,OK,TESTES 1-25,text,true,,2939,121,3,3,http://localhost:8081/users,0,0,0
1763944651800,1,DELETE,200,OK,TESTES 1-25,text,true,,165,211,3,3,http://localhost:8081/users/137,1,0,0
1763944651778,40,POST,201,Created,TESTES 1-26,text,true,,341,376,2,2,http://localhost:8081/users,40,0,0
1763944651818,1,GET ID,200,OK,TESTES 1-26,text,true,,424,125,2,2,http://localhost:8081/users/138,1,0,0
1763944651819,1,PUT,200,OK,TESTES 1-26,text,true,,408,319,2,2,http://localhost:8081/users/138,1,0,0
1763944651820,0,GET,200,OK,TESTES 1-26,text,true,,2939,121,2,2,http://localhost:8081/users,0,0,0
1763944651820,0,DELETE,200,OK,TESTES 1-26,text,true,,165,211,2,2,http://localhost:8081/users/138,0,0,0
1763944651820,0,Healthcheck,200,OK,TESTES 1-26,text,true,,176,127,2,2,http://localhost:8081/healthcheck,0,0,0
1763944651795,40,POST,201,Created,TESTES 1-27,text,true,,341,376,2,2,http://localhost:8081/users,40,0,0
1763944651835,0,GET ID,200,OK,TESTES 1-27,text,true,,424,125,2,2,http://localhost:8081/users/139,0,0,0
1763944651835,1,PUT,200,OK,TESTES 1-27,text,true,,409,320,2,2,http://localhost:8081/users/139,1,0,0
1763944651836,0,GET,200,OK,TESTES 1-27,text,true,,2940,121,2,2,http://localhost:8081/users,0,0,0
1763944651836,1,DELETE,200,OK,TESTES 1-27,text,true,,165,211,2,2,http://localhost:8081/users/139,1,0,0
1763944651837,0,Healthcheck,200,OK,TESTES 1-27,text,true,,176,127,2,2,http://localhost:8081/healthcheck,0,0,0
1763944651820,40,POST,201,Created,TESTES 1-26,text,true,,341,376,2,2,http://localhost:8081/users,40,0,0
1763944651860,1,GET ID,200,OK,TESTES 1-26,text,true,,424,125,2,2,http://localhost:8081/users/140,1,0,0
1763944651861,1,PUT,200,OK,TESTES 1-26,text,true,,409,320,2,2,http://localhost:8081/users/140,1,0,0
1763944651862,0,GET,200,OK,TESTES 1-26,text,true,,2940,121,2,2,http://localhost:8081/users,0,0,0
1763944651862,1,DELETE,200,OK,TESTES 1-26,text,true,,165,211,2,2,http://localhost:8081/users/140,1,0,0
1763944651863,1,Healthcheck,200,OK,TESTES 1-26,text,true,,176,127,2,2,http://localhost:8081/healthcheck,1,0,0
1763944651837,39,POST,201,Created,TESTES 1-27,text,true,,341,376,2,2,http://localhost:8081/users,39,0,0
1763944651876,0,GET ID,200,OK,TESTES 1-27,text,true,,424,125,2,2,http://localhost:8081/users/141,0,0,0
1763944651876,1,PUT,200,OK,TESTES 1-27,text,true,,409,320,2,2,http://localhost:8081/users/141,1,0,0
1763944651878,0,GET,200,OK,TESTES 1-27,text,true,,2940,121,2,2,http://localhost:8081/users,0,0,0
1763944651878,0,DELETE,200,OK,TESTES 1-27,text,true,,165,211,2,2,http://localhost:8081/users/141,0,0,0
1763944651878,1,Healthcheck,200,OK,TESTES 1-27,text,true,,176,127,2,2,http://localhost:8081/healthcheck,1,0,0
1763944651889,6,Healthcheck,200,OK,TESTES 1-28,text,true,,176,127,3,3,http://localhost:8081/healthcheck,6,0,0
1763944651864,39,POST,201,Created,TESTES 1-26,text,true,,341,376,3,3,http://localhost:8081/users,39,0,0
1763944651903,0,GET ID,200,OK,TESTES 1-26,text,true,,424,125,3,3,http://localhost:8081/users/142,0,0,0
1763944651903,1,PUT,200,OK,TESTES 1-26,text,true,,409,320,3,3,http://localhost:8081/users/142,1,0,0
1763944651904,0,GET,200,OK,TESTES 1-26,text,true,,2940,121,3,3,http://localhost:8081/users,0,0,0
1763944651904,1,DELETE,200,OK,TESTES 1-26,text,true,,165,211,3,3,http://localhost:8081/users/142,1,0,0
1763944651879,40,POST,201,Created,TESTES 1-27,text,true,,341,376,2,2,http://localhost:8081/users,40,0,0
1763944651919,0,GET ID,200,OK,TESTES 1-27,text,true,,424,125,2,2,http://localhost:8081/users/143,0,0,0
1763944651919,0,PUT,200,OK,TESTES 1-27,text,true,,409,320,2,2,http://localhost:8081/users/143,0,0,0
1763944651919,1,GET,200,OK,TESTES 1-27,text,true,,2940,121,2,2,http://localhost:8081/users,1,0,0
1763944651920,0,DELETE,200,OK,TESTES 1-27,text,true,,165,211,2,2,http://localhost:8081/users/143,0,0,0
1763944651920,0,Healthcheck,200,OK,TESTES 1-27,text,true,,176,127,2,2,http://localhost:8081/healthcheck,0,0,0
1763944651895,39,POST,201,Created,TESTES 1-28,text,true,,341,376,2,2,http://localhost:8081/users,39,0,0
1763944651935,0,GET ID,200,OK,TESTES 1-28,text,true,,424,125,2,2,http://localhost:8081/users/144,0,0,0
1763944651935,1,PUT,200,OK,TESTES 1-28,text,true,,407,318,2,2,http://localhost:8081/users/144,1,0,0
1763944651936,0,GET,200,OK,TESTES 1-28,text,true,,2938,121,2,2,http://localhost:8081/users,0,0,0
1763944651936,0,DELETE,200,OK,TESTES 1-28,text,true,,165,211,2,2,http://localhost:8081/users/144,0,0,0
1763944651936,0,Healthcheck,200,OK,TESTES 1-28,text,true,,176,127,2,2,http://localhost:8081/healthcheck,0,0,0
1763944651920,40,POST,201,Created,TESTES 1-27,text,true,,341,376,2,2,http://localhost:8081/users,40,0,0
1763944651960,0,GET ID,200,OK,TESTES 1-27,text,true,,424,125,2,2,http://localhost:8081/users/145,0,0,0
1763944651961,1,PUT,200,OK,TESTES 1-27,text,true,,409,320,2,2,http://localhost:8081/users/145,1,0,0
1763944651962,0,GET,200,OK,TESTES 1-27,text,true,,2940,121,2,2,http://localhost:8081/users,0,0,0
1763944651962,1,DELETE,200,OK,TESTES 1-27,text,true,,165,211,2,2,http://localhost:8081/users/145,1,0,0
1763944651963,0,Healthcheck,200,OK,TESTES 1-27,text,true,,176,127,2,2,http://localhost:8081/healthcheck,0,0,0
1763944651936,40,POST,201,Created,TESTES 1-28,text,true,,341,376,2,2,http://localhost:8081/users,40,0,0
1763944651976,0,GET ID,200,OK,TESTES 1-28,text,true,,424,125,2,2,http://localhost:8081/users/146,0,0,0
1763944651976,1,PUT,200,OK,TESTES 1-28,text,true,,409,320,2,2,http://localhost:8081/users/146,1,0,0
1763944651977,0,GET,200,OK,TESTES 1-28,text,true,,2940,121,2,2,http://localhost:8081/users,0,0,0
1763944651977,1,DELETE,200,OK,TESTES 1-28,text,true,,165,211,2,2,http://localhost:8081/users/146,1,0,0
1763944651978,0,Healthcheck,200,OK,TESTES 1-28,text,true,,176,127,2,2,http://localhost:8081/healthcheck,0,0,0
1763944651989,7,Healthcheck,200,OK,TESTES 1-29,text,true,,176,127,3,3,http://localhost:8081/healthcheck,7,0,0
1763944651963,39,POST,201,Created,TESTES 1-27,text,true,,341,376,3,3,http://localhost:8081/users,39,0,0
1763944652002,1,GET ID,200,OK,TESTES 1-27,text,true,,424,125,3,3,http://localhost:8081/users/147,1,0,0
1763944652003,1,PUT,200,OK,TESTES 1-27,text,true,,409,320,3,3,http://localhost:8081/users/147,1,0,0
1763944652004,0,GET,200,OK,TESTES 1-27,text,true,,2940,121,3,3,http://localhost:8081/users,0,0,0
1763944652004,1,DELETE,200,OK,TESTES 1-27,text,true,,165,211,3,3,http://localhost:8081/users/147,1,0,0
1763944651978,39,POST,201,Created,TESTES 1-28,text,true,,340,375,2,2,http://localhost:8081/users,39,0,0
1763944652017,0,GET ID,200,OK,TESTES 1-28,text,true,,423,125,2,2,http://localhost:8081/users/148,0,0,0
1763944652018,0,PUT,200,OK,TESTES 1-28,text,true,,408,319,2,2,http://localhost:8081/users/148,0,0,0
1763944652018,0,GET,200,OK,TESTES 1-28,text,true,,2939,121,2,2,http://localhost:8081/users,0,0,0
1763944652018,1,DELETE,200,OK,TESTES 1-28,text,true,,165,211,2,2,http://localhost:8081/users/148,1,0,0
1763944652019,0,Healthcheck,200,OK,TESTES 1-28,text,true,,176,127,2,2,http://localhost:8081/healthcheck,0,0,0
1763944651996,40,POST,201,Created,TESTES 1-29,text,true,,341,376,2,2,http://localhost:8081/users,40,0,0
1763944652036,0,GET ID,200,OK,TESTES 1-29,text,true,,424,125,2,2,http://localhost:8081/users/149,0,0,0
1763944652036,1,PUT,200,OK,TESTES 1-29,text,true,,409,320,2,2,http://localhost:8081/users/149,1,0,0
1763944652037,0,GET,200,OK,TESTES 1-29,text,true,,2940,121,2,2,http://localhost:8081/users,0,0,0
1763944652037,0,DELETE,200,OK,TESTES 1-29,text,true,,165,211,2,2,http://localhost:8081/users/149,0,0,0
1763944652037,0,Healthcheck,200,OK,TESTES 1-29,text,true,,176,127,2,2,http://localhost:8081/healthcheck,0,0,0
1763944652019,40,POST,201,Created,TESTES 1-28,text,true,,341,376,2,2,http://localhost:8081/users,40,0,0
1763944652059,0,GET ID,200,OK,TESTES 1-28,text,true,,424,125,2,2,http://localhost:8081/users/150,0,0,0
1763944652059,1,PUT,200,OK,TESTES 1-28,text,true,,409,320,2,2,http://localhost:8081/users/150,1,0,0
1763944652060,0,GET,200,OK,TESTES 1-28,text,true,,2940,121,2,2,http://localhost:8081/users,0,0,0
1763944652060,0,DELETE,200,OK,TESTES 1-28,text,true,,165,211,2,2,http://localhost:8081/users/150,0,0,0
1763944652061,0,Healthcheck,200,OK,TESTES 1-28,text,true,,176,127,2,2,http://localhost:8081/healthcheck,0,0,0
1763944652037,40,POST,201,Created,TESTES 1-29,text,true,,341,376,2,2,http://localhost:8081/users,40,0,0
1763944652077,0,GET ID,200,OK,TESTES 1-29,text,true,,424,125,2,2,http://localhost:8081/users/151,0,0,0
1763944652077,1,PUT,200,OK,TESTES 1-29,text,true,,408,319,2,2,http://localhost:8081/users/151,1,0,0
1763944652078,0,GET,200,OK,TESTES 1-29,text,true,,2939,121,2,2,http://localhost:8081/users,0,0,0
1763944652078,0,DELETE,200,OK,TESTES 1-29,text,true,,165,211,2,2,http://localhost:8081/users/151,0,0,0
1763944652078,0,Healthcheck,200,OK,TESTES 1-29,text,true,,176,127,2,2,http://localhost:8081/healthcheck,0,0,0
1763944652088,9,Healthcheck,200,OK,TESTES 1-30,text,true,,176,127,3,3,http://localhost:8081/healthcheck,9,0,0
1763944652061,40,POST,201,Created,TESTES 1-28,text,true,,341,376,3,3,http://localhost:8081/users,40,0,0
1763944652101,0,GET ID,200,OK,TESTES 1-28,text,true,,424,125,3,3,http://localhost:8081/users/152,0,0,0
1763944652101,1,PUT,200,OK,TESTES 1-28,text,true,,409,320,3,3,http://localhost:8081/users/152,1,0,0
1763944652102,0,GET,200,OK,TESTES 1-28,text,true,,2940,121,3,3,http://localhost:8081/users,0,0,0
1763944652102,1,DELETE,200,OK,TESTES 1-28,text,true,,165,211,3,3,http://localhost:8081/users/152,1,0,0
1763944652078,40,POST,201,Created,TESTES 1-29,text,true,,341,376,2,2,http://localhost:8081/users,40,0,0
1763944652118,0,GET ID,200,OK,TESTES 1-29,text,true,,424,125,2,2,http://localhost:8081/users/153,0,0,0
1763944652118,1,PUT,200,OK,TESTES 1-29,text,true,,409,320,2,2,http://localhost:8081/users/153,1,0,0
1763944652119,0,GET,200,OK,TESTES 1-29,text,true,,2940,121,2,2,http://localhost:8081/users,0,0,0
1763944652120,0,DELETE,200,OK,TESTES 1-29,text,true,,165,211,2,2,http://localhost:8081/users/153,0,0,0
1763944652120,0,Healthcheck,200,OK,TESTES 1-29,text,true,,176,127,2,2,http://localhost:8081/healthcheck,0,0,0
1763944652097,40,POST,201,Created,TESTES 1-30,text,true,,341,376,2,2,http://localhost:8081/users,40,0,0
1763944652137,0,GET ID,200,OK,TESTES 1-30,text,true,,424,125,2,2,http://localhost:8081/users/154,0,0,0
1763944652137,1,PUT,200,OK,TESTES 1-30,text,true,,409,320,2,2,http://localhost:8081/users/154,1,0,0
1763944652138,1,GET,200,OK,TESTES 1-30,text,true,,2940,121,2,2,http://localhost:8081/users,1,0,0
1763944652139,1,DELETE,200,OK,TESTES 1-30,text,true,,165,211,2,2,http://localhost:8081/users/154,1,0,0
1763944652140,0,Healthcheck,200,OK,TESTES 1-30,text,true,,176,127,2,2,http://localhost:8081/healthcheck,0,0,0
1763944652120,41,POST,201,Created,TESTES 1-29,text,true,,341,375,2,2,http://localhost:8081/users,41,0,0
1763944652161,0,GET ID,200,OK,TESTES 1-29,text,true,,424,125,2,2,http://localhost:8081/users/155,0,0,0
1763944652161,1,PUT,200,OK,TESTES 1-29,text,true,,409,320,2,2,http://localhost:8081/users/155,1,0,0
1763944652162,0,GET,200,OK,TESTES 1-29,text,true,,2940,121,2,2,http://localhost:8081/users,0,0,0
1763944652162,0,DELETE,200,OK,TESTES 1-29,text,true,,165,211,2,2,http://localhost:8081/users/155,0,0,0
1763944652162,1,Healthcheck,200,OK,TESTES 1-29,text,true,,176,127,2,2,http://localhost:8081/healthcheck,1,0,0
1763944652140,39,POST,201,Created,TESTES 1-30,text,true,,340,375,2,2,http://localhost:8081/users,39,0,0
1763944652179,0,GET ID,200,OK,TESTES 1-30,text,true,,423,125,2,2,http://localhost:8081/users/156,0,0,0
1763944652179,1,PUT,200,OK,TESTES 1-30,text,true,,409,320,2,2,http://localhost:8081/users/156,1,0,0
1763944652180,0,GET,200,OK,TESTES 1-30,text,true,,2940,121,2,2,http://localhost:8081/users,0,0,0
1763944652180,1,DELETE,200,OK,TESTES 1-30,text,true,,165,211,2,2,http://localhost:8081/users/156,1,0,0
1763944652181,0,Healthcheck,200,OK,TESTES 1-30,text,true,,176,127,2,2,http://localhost:8081/healthcheck,0,0,0
1763944652189,8,Healthcheck,200,OK,TESTES 1-31,text,true,,176,127,3,3,http://localhost:8081/healthcheck,8,0,0
1763944652163,39,POST,201,Created,TESTES 1-29,text,true,,341,376,3,3,http://localhost:8081/users,39,0,0
1763944652202,0,GET ID,200,OK,TESTES 1-29,text,true,,424,125,3,3,http://localhost:8081/users/157,0,0,0
1763944652202,1,PUT,200,OK,TESTES 1-29,text,true,,408,319,3,3,http://localhost:8081/users/157,1,0,0
1763944652203,0,GET,200,OK,TESTES 1-29,text,true,,2939,121,3,3,http://localhost:8081/users,0,0,0
1763944652203,0,DELETE,200,OK,TESTES 1-29,text,true,,165,211,3,3,http://localhost:8081/users/157,0,0,0
1763944652181,40,POST,201,Created,TESTES 1-30,text,true,,341,375,2,2,http://localhost:8081/users,40,0,0
1763944652221,0,GET ID,200,OK,TESTES 1-30,text,true,,422,125,2,2,http://localhost:8081/users/158,0,0,0
1763944652221,1,PUT,200,OK,TESTES 1-30,text,true,,408,320,2,2,http://localhost:8081/users/158,1,0,0
1763944652222,0,GET,200,OK,TESTES 1-30,text,true,,2939,121,2,2,http://localhost:8081/users,0,0,0
1763944652222,0,DELETE,200,OK,TESTES 1-30,text,true,,165,211,2,2,http://localhost:8081/users/158,0,0,0
1763944652222,0,Healthcheck,200,OK,TESTES 1-30,text,true,,176,127,2,2,http://localhost:8081/healthcheck,0,0,0
1763944652197,41,POST,201,Created,TESTES 1-31,text,true,,341,376,2,2,http://localhost:8081/users,41,0,0
1763944652238,0,GET ID,200,OK,TESTES 1-31,text,true,,424,125,2,2,http://localhost:8081/users/159,0,0,0
1763944652238,1,PUT,200,OK,TESTES 1-31,text,true,,409,320,2,2,http://localhost:8081/users/159,1,0,0
1763944652239,0,GET,200,OK,TESTES 1-31,text,true,,2940,121,2,2,http://localhost:8081/users,0,0,0
1763944652239,1,DELETE,200,OK,TESTES 1-31,text,true,,165,211,2,2,http://localhost:8081/users/159,1,0,0
1763944652240,0,Healthcheck,200,OK,TESTES 1-31,text,true,,176,127,2,2,http://localhost:8081/healthcheck,0,0,0
1763944652222,40,POST,201,Created,TESTES 1-30,text,true,,341,376,2,2,http://localhost:8081/users,40,0,0
1763944652262,0,GET ID,200,OK,TESTES 1-30,text,true,,424,125,2,2,http://localhost:8081/users/160,0,0,0
1763944652262,1,PUT,200,OK,TESTES 1-30,text,true,,409,320,2,2,http://localhost:8081/users/160,1,0,0
1763944652263,0,GET,200,OK,TESTES 1-30,text,true,,2940,121,2,2,http://localhost:8081/users,0,0,0
1763944652263,1,DELETE,200,OK,TESTES 1-30,text,true,,165,211,2,2,http://localhost:8081/users/160,1,0,0
1763944652264,0,Healthcheck,200,OK,TESTES 1-30,text,true,,176,127,2,2,http://localhost:8081/healthcheck,0,0,0
1763944652240,39,POST,201,Created,TESTES 1-31,text,true,,341,376,2,2,http://localhost:8081/users,39,0,0
1763944652279,0,GET ID,200,OK,TESTES 1-31,text,true,,424,125,2,2,http://localhost:8081/users/161,0,0,0
1763944652279,1,PUT,200,OK,TESTES 1-31,text,true,,409,320,2,2,http://localhost:8081/users/161,1,0,0
1763944652280,0,GET,200,OK,TESTES 1-31,text,true,,2940,121,2,2,http://localhost:8081/users,0,0,0
1763944652280,1,DELETE,200,OK,TESTES 1-31,text,true,,165,211,2,2,http://localhost:8081/users/161,1,0,0
1763944652281,0,Healthcheck,200,OK,TESTES 1-31,text,true,,176,127,2,2,http://localhost:8081/healthcheck,0,0,0
1763944652289,9,Healthcheck,200,OK,TESTES 1-32,text,true,,176,127,3,3,http://localhost:8081/healthcheck,9,0,0
1763944652264,40,POST,201,Created,TESTES 1-30,text,true,,341,376,3,3,http://localhost:8081/users,40,0,0
1763944652304,0,GET ID,200,OK,TESTES 1-30,text,true,,424,125,3,3,http://localhost:8081/users/162,0,0,0
1763944652304,1,PUT,200,OK,TESTES 1-30,text,true,,409,320,3,3,http://localhost:8081/users/162,1,0,0
1763944652305,0,GET,200,OK,TESTES 1-30,text,true,,2940,121,3,3,http://localhost:8081/users,0,0,0
1763944652305,1,DELETE,200,OK,TESTES 1-30,text,true,,165,211,3,3,http://localhost:8081/users/162,1,0,0
1763944652281,41,POST,201,Created,TESTES 1-31,text,true,,341,376,2,2,http://localhost:8081/users,41,0,0
1763944652322,1,GET ID,200,OK,TESTES 1-31,text,true,,424,125,2,2,http://localhost:8081/users/163,1,0,0
1763944652323,0,PUT,200,OK,TESTES 1-31,text,true,,409,320,2,2,http://localhost:8081/users/163,0,0,0
1763944652323,1,GET,200,OK,TESTES 1-31,text,true,,2940,121,2,2,http://localhost:8081/users,1,0,0
1763944652324,0,DELETE,200,OK,TESTES 1-31,text,true,,165,211,2,2,http://localhost:8081/users/163,0,0,0
1763944652324,0,Healthcheck,200,OK,TESTES 1-31,text,true,,176,127,2,2,http://localhost:8081/healthcheck,0,0,0
1763944652298,40,POST,201,Created,TESTES 1-32,text,true,,341,376,2,2,http://localhost:8081/users,40,0,0
1763944652339,0,GET ID,200,OK,TESTES 1-32,text,true,,424,125,2,2,http://localhost:8081/users/164,0,0,0
1763944652339,1,PUT,200,OK,TESTES 1-32,text,true,,408,319,2,2,http://localhost:8081/users/164,1,0,0
1763944652340,0,GET,200,OK,TESTES 1-32,text,true,,2939,121,2,2,http://localhost:8081/users,0,0,0
1763944652340,0,DELETE,200,OK,TESTES 1-32,text,true,,165,211,2,2,http://localhost:8081/users/164,0,0,0
1763944652340,1,Healthcheck,200,OK,TESTES 1-32,text,true,,176,127,2,2,http://localhost:8081/healthcheck,1,0,0
1763944652324,40,POST,201,Created,TESTES 1-31,text,true,,341,376,2,2,http://localhost:8081/users,40,0,0
1763944652364,0,GET ID,200,OK,TESTES 1-31,text,true,,424,125,2,2,http://localhost:8081/users/165,0,0,0
1763944652364,1,PUT,200,OK,TESTES 1-31,text,true,,409,320,2,2,http://localhost:8081/users/165,1,0,0
1763944652365,0,GET,200,OK,TESTES 1-31,text,true,,2940,121,2,2,http://localhost:8081/users,0,0,0
1763944652365,1,DELETE,200,OK,TESTES 1-31,text,true,,165,211,2,2,http://localhost:8081/users/165,1,0,0
1763944652366,0,Healthcheck,200,OK,TESTES 1-31,text,true,,176,127,2,2,http://localhost:8081/healthcheck,0,0,0
1763944652341,39,POST,201,Created,TESTES 1-32,text,true,,341,376,2,2,http://localhost:8081/users,39,0,0
1763944652380,1,GET ID,200,OK,TESTES 1-32,text,true,,424,125,2,2,http://localhost:8081/users/166,1,0,0
1763944652381,0,PUT,200,OK,TESTES 1-32,text,true,,409,320,2,2,http://localhost:8081/users/166,0,0,0
1763944652381,0,GET,200,OK,TESTES 1-32,text,true,,2940,121,2,2,http://localhost:8081/users,0,0,0
1763944652381,1,DELETE,200,OK,TESTES 1-32,text,true,,165,211,2,2,http://localhost:8081/users/166,1,0,0
1763944652382,0,Healthcheck,200,OK,TESTES 1-32,text,true,,176,127,2,2,http://localhost:8081/healthcheck,0,0,0
1763944652389,10,Healthcheck,200,OK,TESTES 1-33,text,true,,176,127,3,3,http://localhost:8081/healthcheck,10,0,0
1763944652366,39,POST,201,Created,TESTES 1-31,text,true,,341,376,3,3,http://localhost:8081/users,39,0,0
1763944652406,0,GET ID,200,OK,TESTES 1-31,text,true,,422,125,3,3,http://localhost:8081/users/167,0,0,0
1763944652406,0,PUT,200,OK,TESTES 1-31,text,true,,407,319,3,3,http://localhost:8081/users/167,0,0,0
1763944652406,1,GET,200,OK,TESTES 1-31,text,true,,2938,121,3,3,http://localhost:8081/users,1,0,0
1763944652407,0,DELETE,200,OK,TESTES 1-31,text,true,,165,211,3,3,http://localhost:8081/users/167,0,0,0
1763944652382,40,POST,201,Created,TESTES 1-32,text,true,,339,374,2,2,http://localhost:8081/users,40,0,0
1763944652422,0,GET ID,200,OK,TESTES 1-32,text,true,,422,125,2,2,http://localhost:8081/users/168,0,0,0
1763944652422,1,PUT,200,OK,TESTES 1-32,text,true,,409,320,2,2,http://localhost:8081/users/168,1,0,0
1763944652423,0,GET,200,OK,TESTES 1-32,text,true,,2940,121,2,2,http://localhost:8081/users,0,0,0
1763944652423,1,DELETE,200,OK,TESTES 1-32,text,true,,165,211,2,2,http://localhost:8081/users/168,1,0,0
1763944652424,0,Healthcheck,200,OK,TESTES 1-32,text,true,,176,127,2,2,http://localhost:8081/healthcheck,0,0,0
1763944652399,41,POST,201,Created,TESTES 1-33,text,true,,341,376,2,2,http://localhost:8081/users,41,0,0
1763944652440,0,GET ID,200,OK,TESTES 1-33,text,true,,424,125,2,2,http://localhost:8081/users/169,0,0,0
1763944652440,1,PUT,200,OK,TESTES 1-33,text,true,,407,318,2,2,http://localhost:8081/users/169,1,0,0
1763944652441,0,GET,200,OK,TESTES 1-33,text,true,,2938,121,2,2,http://localhost:8081/users,0,0,0
1763944652441,0,DELETE,200,OK,TESTES 1-33,text,true,,165,211,2,2,http://localhost:8081/users/169,0,0,0
1763944652441,0,Healthcheck,200,OK,TESTES 1-33,text,true,,176,127,2,2,http://localhost:8081/healthcheck,0,0,0
1763944652424,40,POST,201,Created,TESTES 1-32,text,true,,341,376,2,2,http://localhost:8081/users,40,0,0
1763944652464,0,GET ID,200,OK,TESTES 1-32,text,true,,422,125,2,2,http://localhost:8081/users/170,0,0,0
1763944652464,1,PUT,200,OK,TESTES 1-32,text,true,,407,319,2,2,http://localhost:8081/users/170,1,0,0
1763944652465,0,GET,200,OK,TESTES 1-32,text,true,,2938,121,2,2,http://localhost:8081/users,0,0,0
1763944652465,1,DELETE,200,OK,TESTES 1-32,text,true,,165,211,2,2,http://localhost:8081/users/170,1,0,0
1763944652466,0,Healthcheck,200,OK,TESTES 1-32,text,true,,176,127,2,2,http://localhost:8081/healthcheck,0,0,0
1763944652441,40,POST,201,Created,TESTES 1-33,text,true,,341,376,2,2,http://localhost:8081/users,40,0,0
1763944652481,0,GET ID,200,OK,TESTES 1-33,text,true,,422,125,2,2,http://localhost:8081/users/171,0,0,0
1763944652481,1,PUT,200,OK,TESTES 1-33,text,true,,407,319,2,2,http://localhost:8081/users/171,1,0,0
1763944652482,0,GET,200,OK,TESTES 1-33,text,true,,2938,121,2,2,http://localhost:8081/users,0,0,0
1763944652482,1,DELETE,200,OK,TESTES 1-33,text,true,,165,211,2,2,http://localhost:8081/users/171,1,0,0
1763944652483,0,Healthcheck,200,OK,TESTES 1-33,text,true,,176,127,2,2,http://localhost:8081/healthcheck,0,0,0
1763944652488,1,Healthcheck,200,OK,TESTES 1-34,text,true,,176,127,3,3,http://localhost:8081/healthcheck,1,0,0
1763944652466,41,POST,201,Created,TESTES 1-32,text,true,,341,376,3,3,http://localhost:8081/users,41,0,0
1763944652507,0,GET ID,200,OK,TESTES 1-32,text,true,,424,125,3,3,http://localhost:8081/users/172,0,0,0
1763944652507,1,PUT,200,OK,TESTES 1-32,text,true,,409,320,3,3,http://localhost:8081/users/172,1,0,0
1763944652508,0,GET,200,OK,TESTES 1-32,text,true,,2940,121,3,3,http://localhost:8081/users,0,0,0
1763944652508,1,DELETE,200,OK,TESTES 1-32,text,true,,165,211,3,3,http://localhost:8081/users/172,1,0,0
1763944652483,39,POST,201,Created,TESTES 1-33,text,true,,341,376,2,2,http://localhost:8081/users,39,0,0
1763944652522,1,GET ID,200,OK,TESTES 1-33,text,true,,424,125,2,2,http://localhost:8081/users/173,1,0,0
1763944652523,0,PUT,200,OK,TESTES 1-33,text,true,,407,319,2,2,http://localhost:8081/users/173,0,0,0
1763944652523,0,GET,200,OK,TESTES 1-33,text,true,,2938,121,2,2,http://localhost:8081/users,0,0,0
1763944652523,1,DELETE,200,OK,TESTES 1-33,text,true,,165,211,2,2,http://localhost:8081/users/173,1,0,0
1763944652524,0,Healthcheck,200,OK,TESTES 1-33,text,true,,176,127,2,2,http://localhost:8081/healthcheck,0,0,0
1763944652489,39,POST,201,Created,TESTES 1-34,text,true,,341,376,2,2,http://localhost:8081/users,39,0,0
1763944652528,0,GET ID,200,OK,TESTES 1-34,text,true,,422,125,2,2,http://localhost:8081/users/174,0,0,0
1763944652528,1,PUT,200,OK,TESTES 1-34,text,true,,408,320,2,2,http://localhost:8081/users/174,1,0,0
1763944652529,0,GET,200,OK,TESTES 1-34,text,true,,2939,121,2,2,http://localhost:8081/users,0,0,0
1763944652529,0,DELETE,200,OK,TESTES 1-34,text,true,,165,211,2,2,http://localhost:8081/users/174,0,0,0
1763944652530,0,Healthcheck,200,OK,TESTES 1-34,text,true,,176,127,2,2,http://localhost:8081/healthcheck,0,0,0
1763944652524,39,POST,201,Created,TESTES 1-33,text,true,,341,376,2,2,http://localhost:8081/users,39,0,0
1763944652564,0,GET ID,200,OK,TESTES 1-33,text,true,,422,125,2,2,http://localhost:8081/users/175,0,0,0
1763944652564,1,PUT,200,OK,TESTES 1-33,text,true,,408,320,2,2,http://localhost:8081/users/175,1,0,0
1763944652565,0,GET,200,OK,TESTES 1-33,text,true,,2939,121,2,2,http://localhost:8081/users,0,0,0
1763944652565,1,DELETE,200,OK,TESTES 1-33,text,true,,165,211,2,2,http://localhost:8081/users/175,1,0,0
1763944652566,0,Healthcheck,200,OK,TESTES 1-33,text,true,,176,127,2,2,http://localhost:8081/healthcheck,0,0,0
1763944652530,39,POST,201,Created,TESTES 1-34,text,true,,341,376,2,2,http://localhost:8081/users,39,0,0
1763944652569,0,GET ID,200,OK,TESTES 1-34,text,true,,424,125,2,2,http://localhost:8081/users/176,0,0,0
1763944652569,0,PUT,200,OK,TESTES 1-34,text,true,,409,320,2,2,http://localhost:8081/users/176,0,0,0
1763944652569,1,GET,200,OK,TESTES 1-34,text,true,,2940,121,2,2,http://localhost:8081/users,1,0,0
1763944652570,0,DELETE,200,OK,TESTES 1-34,text,true,,165,211,2,2,http://localhost:8081/users/176,0,0,0
1763944652570,0,Healthcheck,200,OK,TESTES 1-34,text,true,,176,127,2,2,http://localhost:8081/healthcheck,0,0,0
1763944652588,1,Healthcheck,200,OK,TESTES 1-35,text,true,,176,127,3,3,http://localhost:8081/healthcheck,1,0,1
1763944652566,39,POST,201,Created,TESTES 1-33,text,true,,340,375,3,3,http://localhost:8081/users,39,0,0
1763944652606,0,GET ID,200,OK,TESTES 1-33,text,true,,423,125,3,3,http://localhost:8081/users/177,0,0,0
1763944652606,0,PUT,200,OK,TESTES 1-33,text,true,,409,320,3,3,http://localhost:8081/users/177,0,0,0
1763944652606,1,GET,200,OK,TESTES 1-33,text,true,,2940,121,3,3,http://localhost:8081/users,1,0,0
1763944652607,0,DELETE,200,OK,TESTES 1-33,text,true,,165,211,3,3,http://localhost:8081/users/177,0,0,0
1763944652570,39,POST,201,Created,TESTES 1-34,text,true,,341,376,2,2,http://localhost:8081/users,39,0,0
1763944652609,0,GET ID,200,OK,TESTES 1-34,text,true,,424,125,2,2,http://localhost:8081/users/178,0,0,0
1763944652609,1,PUT,200,OK,TESTES 1-34,text,true,,409,320,2,2,http://localhost:8081/users/178,1,0,0
1763944652610,0,GET,200,OK,TESTES 1-34,text,true,,2940,121,2,2,http://localhost:8081/users,0,0,0
1763944652610,1,DELETE,200,OK,TESTES 1-34,text,true,,165,211,2,2,http://localhost:8081/users/178,1,0,0
1763944652611,0,Healthcheck,200,OK,TESTES 1-34,text,true,,176,127,2,2,http://localhost:8081/healthcheck,0,0,0
1763944652589,39,POST,201,Created,TESTES 1-35,text,true,,341,375,2,2,http://localhost:8081/users,39,0,0
1763944652629,0,GET ID,200,OK,TESTES 1-35,text,true,,422,125,2,2,http://localhost:8081/users/179,0,0,0
1763944652629,0,PUT,200,OK,TESTES 1-35,text,true,,408,320,2,2,http://localhost:8081/users/179,0,0,0
1763944652629,1,GET,200,OK,TESTES 1-35,text,true,,2939,121,2,2,http://localhost:8081/users,1,0,0
1763944652630,0,DELETE,200,OK,TESTES 1-35,text,true,,165,211,2,2,http://localhost:8081/users/179,0,0,0
1763944652630,0,Healthcheck,200,OK,TESTES 1-35,text,true,,176,127,2,2,http://localhost:8081/healthcheck,0,0,0
1763944652611,39,POST,201,Created,TESTES 1-34,text,true,,341,376,2,2,http://localhost:8081/users,39,0,0
1763944652650,1,GET ID,200,OK,TESTES 1-34,text,true,,424,125,2,2,http://localhost:8081/users/180,1,0,0
1763944652651,0,PUT,200,OK,TESTES 1-34,text,true,,408,319,2,2,http://localhost:8081/users/180,0,0,0
1763944652651,1,GET,200,OK,TESTES 1-34,text,true,,2939,121,2,2,http://localhost:8081/users,1,0,0
1763944652652,0,DELETE,200,OK,TESTES 1-34,text,true,,165,211,2,2,http://localhost:8081/users/180,0,0,0
1763944652652,0,Healthcheck,200,OK,TESTES 1-34,text,true,,176,127,2,2,http://localhost:8081/healthcheck,0,0,0
1763944652630,41,POST,201,Created,TESTES 1-35,text,true,,340,375,2,2,http://localhost:8081/users,41,0,0
1763944652671,1,GET ID,200,OK,TESTES 1-35,text,true,,421,125,2,2,http://localhost:8081/users/181,1,0,0
1763944652672,1,PUT,200,OK,TESTES 1-35,text,true,,407,319,2,2,http://localhost:8081/users/181,1,0,0
1763944652673,0,GET,200,OK,TESTES 1-35,text,true,,2938,121,2,2,http://localhost:8081/users,0,0,0
1763944652673,0,DELETE,200,OK,TESTES 1-35,text,true,,165,211,2,2,http://localhost:8081/users/181,0,0,0
1763944652673,0,Healthcheck,200,OK,TESTES 1-35,text,true,,176,127,2,2,http://localhost:8081/healthcheck,0,0,0
1763944652688,2,Healthcheck,200,OK,TESTES 1-36,text,true,,176,127,3,3,http://localhost:8081/healthcheck,2,0,1
1763944652652,39,POST,201,Created,TESTES 1-34,text,true,,341,376,3,3,http://localhost:8081/users,39,0,0
1763944652691,1,GET ID,200,OK,TESTES 1-34,text,true,,424,125,3,3,http://localhost:8081/users/182,1,0,0
1763944652692,1,PUT,200,OK,TESTES 1-34,text,true,,408,319,3,3,http://localhost:8081/users/182,1,0,0
1763944652693,0,GET,200,OK,TESTES 1-34,text,true,,2939,121,3,3,http://localhost:8081/users,0,0,0
1763944652693,1,DELETE,200,OK,TESTES 1-34,text,true,,165,211,3,3,http://localhost:8081/users/182,1,0,0
1763944652673,39,POST,201,Created,TESTES 1-35,text,true,,341,376,2,2,http://localhost:8081/users,39,0,0
1763944652713,0,GET ID,200,OK,TESTES 1-35,text,true,,424,125,2,2,http://localhost:8081/users/183,0,0,0
1763944652713,0,PUT,200,OK,TESTES 1-35,text,true,,409,320,2,2,http://localhost:8081/users/183,0,0,0
1763944652714,0,GET,200,OK,TESTES 1-35,text,true,,2940,121,2,2,http://localhost:8081/users,0,0,0
1763944652714,0,DELETE,200,OK,TESTES 1-35,text,true,,165,211,2,2,http://localhost:8081/users/183,0,0,0
1763944652714,1,Healthcheck,200,OK,TESTES 1-35,text,true,,176,127,2,2,http://localhost:8081/healthcheck,1,0,0
1763944652690,40,POST,201,Created,TESTES 1-36,text,true,,341,376,2,2,http://localhost:8081/users,40,0,0
1763944652730,0,GET ID,200,OK,TESTES 1-36,text,true,,424,125,2,2,http://localhost:8081/users/184,0,0,0
1763944652730,1,PUT,200,OK,TESTES 1-36,text,true,,409,320,2,2,http://localhost:8081/users/184,1,0,0
1763944652731,0,GET,200,OK,TESTES 1-36,text,true,,2940,121,2,2,http://localhost:8081/users,0,0,0
1763944652731,1,DELETE,200,OK,TESTES 1-36,text,true,,165,211,2,2,http://localhost:8081/users/184,1,0,0
1763944652732,0,Healthcheck,200,OK,TESTES 1-36,text,true,,176,127,2,2,http://localhost:8081/healthcheck,0,0,0
1763944652715,40,POST,201,Created,TESTES 1-35,text,true,,341,376,2,2,http://localhost:8081/users,40,0,0
1763944652755,0,GET ID,200,OK,TESTES 1-35,text,true,,422,125,2,2,http://localhost:8081/users/185,0,0,0
1763944652755,1,PUT,200,OK,TESTES 1-35,text,true,,408,320,2,2,http://localhost:8081/users/185,1,0,0
1763944652756,0,GET,200,OK,TESTES 1-35,text,true,,2939,121,2,2,http://localhost:8081/users,0,0,0
1763944652756,0,DELETE,200,OK,TESTES 1-35,text,true,,165,211,2,2,http://localhost:8081/users/185,0,0,0
1763944652756,0,Healthcheck,200,OK,TESTES 1-35,text,true,,176,127,2,2,http://localhost:8081/healthcheck,0,0,0
1763944652732,39,POST,201,Created,TESTES 1-36,text,true,,341,376,2,2,http://localhost:8081/users,39,0,0
1763944652771,0,GET ID,200,OK,TESTES 1-36,text,true,,424,125,2,2,http://localhost:8081/users/186,0,0,0
1763944652771,0,PUT,200,OK,TESTES 1-36,text,true,,409,320,2,2,http://localhost:8081/users/186,0,0,0
1763944652771,1,GET,200,OK,TESTES 1-36,text,true,,2940,121,2,2,http://localhost:8081/users,1,0,0
1763944652772,0,DELETE,200,OK,TESTES 1-36,text,true,,165,211,2,2,http://localhost:8081/users/186,0,0,0
1763944652772,0,Healthcheck,200,OK,TESTES 1-36,text,true,,176,127,2,2,http://localhost:8081/healthcheck,0,0,0
1763944652789,2,Healthcheck,200,OK,TESTES 1-37,text,true,,176,127,3,3,http://localhost:8081/healthcheck,2,0,0
1763944652757,39,POST,201,Created,TESTES 1-35,text,true,,341,376,3,3,http://localhost:8081/users,39,0,0
1763944652796,0,GET ID,200,OK,TESTES 1-35,text,true,,424,125,3,3,http://localhost:8081/users/187,0,0,0
1763944652796,1,PUT,200,OK,TESTES 1-35,text,true,,408,320,3,3,http://localhost:8081/users/187,1,0,0
1763944652797,0,GET,200,OK,TESTES 1-35,text,true,,2939,121,3,3,http://localhost:8081/users,0,0,0
1763944652797,1,DELETE,200,OK,TESTES 1-35,text,true,,165,211,3,3,http://localhost:8081/users/187,1,0,0
1763944652773,39,POST,201,Created,TESTES 1-36,text,true,,341,376,2,2,http://localhost:8081/users,39,0,0
1763944652812,1,GET ID,200,OK,TESTES 1-36,text,true,,424,125,2,2,http://localhost:8081/users/188,1,0,0
1763944652813,0,PUT,200,OK,TESTES 1-36,text,true,,408,319,2,2,http://localhost:8081/users/188,0,0,0
1763944652813,0,GET,200,OK,TESTES 1-36,text,true,,2939,121,2,2,http://localhost:8081/users,0,0,0
1763944652813,1,DELETE,200,OK,TESTES 1-36,text,true,,165,211,2,2,http://localhost:8081/users/188,1,0,0
1763944652814,0,Healthcheck,200,OK,TESTES 1-36,text,true,,176,127,2,2,http://localhost:8081/healthcheck,0,0,0
1763944652791,40,POST,201,Created,TESTES 1-37,text,true,,340,375,2,2,http://localhost:8081/users,40,0,0
1763944652831,0,GET ID,200,OK,TESTES 1-37,text,true,,421,125,2,2,http://localhost:8081/users/189,0,0,0
1763944652831,1,PUT,200,OK,TESTES 1-37,text,true,,408,320,2,2,http://localhost:8081/users/189,1,0,0
1763944652832,0,GET,200,OK,TESTES 1-37,text,true,,2939,121,2,2,http://localhost:8081/users,0,0,0
1763944652832,0,DELETE,200,OK,TESTES 1-37,text,true,,165,211,2,2,http://localhost:8081/users/189,0,0,0
1763944652833,0,Healthcheck,200,OK,TESTES 1-37,text,true,,176,127,2,2,http://localhost:8081/healthcheck,0,0,0
1763944652814,39,POST,201,Created,TESTES 1-36,text,true,,341,376,2,2,http://localhost:8081/users,39,0,0
1763944652854,0,GET ID,200,OK,TESTES 1-36,text,true,,424,125,2,2,http://localhost:8081/users/190,0,0,0
1763944652854,1,PUT,200,OK,TESTES 1-36,text,true,,409,320,2,2,http://localhost:8081/users/190,1,0,0
1763944652855,0,GET,200,OK,TESTES 1-36,text,true,,2940,121,2,2,http://localhost:8081/users,0,0,0
1763944652855,1,DELETE,200,OK,TESTES 1-36,text,true,,165,211,2,2,http://localhost:8081/users/190,1,0,0
1763944652856,0,Healthcheck,200,OK,TESTES 1-36,text,true,,176,127,2,2,http://localhost:8081/healthcheck,0,0,0
1763944652833,40,POST,201,Created,TESTES 1-37,text,true,,341,376,2,2,http://localhost:8081/users,40,0,0
1763944652873,0,GET ID,200,OK,TESTES 1-37,text,true,,424,125,2,2,http://localhost:8081/users/191,0,0,0
1763944652873,1,PUT,200,OK,TESTES 1-37,text,true,,408,320,2,2,http://localhost:8081/users/191,1,0,0
1763944652874,1,GET,200,OK,TESTES 1-37,text,true,,2939,121,2,2,http://localhost:8081/users,1,0,0
1763944652875,0,DELETE,200,OK,TESTES 1-37,text,true,,165,211,2,2,http://localhost:8081/users/191,0,0,0
1763944652875,0,Healthcheck,200,OK,TESTES 1-37,text,true,,176,127,2,2,http://localhost:8081/healthcheck,0,0,0
1763944652889,2,Healthcheck,200,OK,TESTES 1-38,text,true,,176,127,3,3,http://localhost:8081/healthcheck,2,0,0
1763944652856,39,POST,201,Created,TESTES 1-36,text,true,,341,376,3,3,http://localhost:8081/users,39,0,0
1763944652895,0,GET ID,200,OK,TESTES 1-36,text,true,,424,125,3,3,http://localhost:8081/users/192,0,0,0
1763944652895,1,PUT,200,OK,TESTES 1-36,text,true,,409,320,3,3,http://localhost:8081/users/192,1,0,0
1763944652896,0,GET,200,OK,TESTES 1-36,text,true,,2940,121,3,3,http://localhost:8081/users,0,0,0
1763944652896,1,DELETE,200,OK,TESTES 1-36,text,true,,165,211,3,3,http://localhost:8081/users/192,1,0,0
1763944652875,40,POST,201,Created,TESTES 1-37,text,true,,341,376,2,2,http://localhost:8081/users,40,0,0
1763944652915,0,GET ID,200,OK,TESTES 1-37,text,true,,424,125,2,2,http://localhost:8081/users/193,0,0,0
1763944652915,1,PUT,200,OK,TESTES 1-37,text,true,,408,319,2,2,http://localhost:8081/users/193,1,0,0
1763944652916,0,GET,200,OK,TESTES 1-37,text,true,,2939,121,2,2,http://localhost:8081/users,0,0,0
1763944652916,0,DELETE,200,OK,TESTES 1-37,text,true,,165,211,2,2,http://localhost:8081/users/193,0,0,0
1763944652916,0,Healthcheck,200,OK,TESTES 1-37,text,true,,176,127,2,2,http://localhost:8081/healthcheck,0,0,0
1763944652891,41,POST,201,Created,TESTES 1-38,text,true,,341,376,2,2,http://localhost:8081/users,41,0,0
1763944652932,0,GET ID,200,OK,TESTES 1-38,text,true,,424,125,2,2,http://localhost:8081/users/194,0,0,0
1763944652932,1,PUT,200,OK,TESTES 1-38,text,true,,408,319,2,2,http://localhost:8081/users/194,1,0,0
1763944652933,0,GET,200,OK,TESTES 1-38,text,true,,2939,121,2,2,http://localhost:8081/users,0,0,0
1763944652933,1,DELETE,200,OK,TESTES 1-38,text,true,,165,211,2,2,http://localhost:8081/users/194,1,0,0
1763944652934,0,Healthcheck,200,OK,TESTES 1-38,text,true,,176,127,2,2,http://localhost:8081/healthcheck,0,0,0
1763944652916,41,POST,201,Created,TESTES 1-37,text,true,,341,376,2,2,http://localhost:8081/users,41,0,0
1763944652957,1,GET ID,200,OK,TESTES 1-37,text,true,,424,125,2,2,http://localhost:8081/users/195,1,0,0
1763944652958,0,PUT,200,OK,TESTES 1-37,text,true,,408,319,2,2,http://localhost:8081/users/195,0,0,0
1763944652958,1,GET,200,OK,TESTES 1-37,text,true,,2939,121,2,2,http://localhost:8081/users,1,0,0
1763944652959,1,DELETE,200,OK,TESTES 1-37,text,true,,165,211,2,2,http://localhost:8081/users/195,1,0,0
1763944652960,0,Healthcheck,200,OK,TESTES 1-37,text,true,,176,127,2,2,http://localhost:8081/healthcheck,0,0,0
1763944652934,39,POST,201,Created,TESTES 1-38,text,true,,340,375,2,2,http://localhost:8081/users,39,0,0
1763944652973,1,GET ID,200,OK,TESTES 1-38,text,true,,423,125,2,2,http://localhost:8081/users/196,1,0,0
1763944652974,0,PUT,200,OK,TESTES 1-38,text,true,,408,319,2,2,http://localhost:8081/users/196,0,0,0
1763944652974,1,GET,200,OK,TESTES 1-38,text,true,,2939,121,2,2,http://localhost:8081/users,1,0,0
1763944652975,0,DELETE,200,OK,TESTES 1-38,text,true,,165,211,2,2,http://localhost:8081/users/196,0,0,0
1763944652975,0,Healthcheck,200,OK,TESTES 1-38,text,true,,176,127,2,2,http://localhost:8081/healthcheck,0,0,0
1763944652989,3,Healthcheck,200,OK,TESTES 1-39,text,true,,176,127,3,3,http://localhost:8081/healthcheck,3,0,0
1763944652960,40,POST,201,Created,TESTES 1-37,text,true,,341,376,3,3,http://localhost:8081/users,40,0,0
1763944653000,0,GET ID,200,OK,TESTES 1-37,text,true,,422,125,3,3,http://localhost:8081/users/197,0,0,0
1763944653000,1,PUT,200,OK,TESTES 1-37,text,true,,408,320,3,3,http://localhost:8081/users/197,1,0,0
1763944653001,0,GET,200,OK,TESTES 1-37,text,true,,2939,121,3,3,http://localhost:8081/users,0,0,0
1763944653001,1,DELETE,200,OK,TESTES 1-37,text,true,,165,211,3,3,http://localhost:8081/users/197,1,0,0
1763944652975,40,POST,201,Created,TESTES 1-38,text,true,,341,376,2,2,http://localhost:8081/users,40,0,0
1763944653015,0,GET ID,200,OK,TESTES 1-38,text,true,,424,125,2,2,http://localhost:8081/users/198,0,0,0
1763944653015,1,PUT,200,OK,TESTES 1-38,text,true,,408,319,2,2,http://localhost:8081/users/198,1,0,0
1763944653016,0,GET,200,OK,TESTES 1-38,text,true,,2939,121,2,2,http://localhost:8081/users,0,0,0
1763944653016,1,DELETE,200,OK,TESTES 1-38,text,true,,165,211,2,2,http://localhost:8081/users/198,1,0,0
1763944653017,0,Healthcheck,200,OK,TESTES 1-38,text,true,,176,127,2,2,http://localhost:8081/healthcheck,0,0,0
1763944652992,40,POST,201,Created,TESTES 1-39,text,true,,341,376,2,2,http://localhost:8081/users,40,0,0
1763944653032,0,GET ID,200,OK,TESTES 1-39,text,true,,424,125,2,2,http://localhost:8081/users/199,0,0,0
1763944653032,1,PUT,200,OK,TESTES 1-39,text,true,,408,319,2,2,http://localhost:8081/users/199,1,0,0
1763944653033,0,GET,200,OK,TESTES 1-39,text,true,,2939,121,2,2,http://localhost:8081/users,0,0,0
1763944653033,1,DELETE,200,OK,TESTES 1-39,text,true,,165,211,2,2,http://localhost:8081/users/199,1,0,0
1763944653034,0,Healthcheck,200,OK,TESTES 1-39,text,true,,176,127,2,2,http://localhost:8081/healthcheck,0,0,0
1763944653017,41,POST,201,Created,TESTES 1-38,text,true,,341,376,2,2,http://localhost:8081/users,41,0,0
1763944653058,0,GET ID,200,OK,TESTES 1-38,text,true,,424,125,2,2,http://localhost:8081/users/200,0,0,0
1763944653058,1,PUT,200,OK,TESTES 1-38,text,true,,409,320,2,2,http://localhost:8081/users/200,1,0,0
1763944653059,0,GET,200,OK,TESTES 1-38,text,true,,2940,121,2,2,http://localhost:8081/users,0,0,0
1763944653059,1,DELETE,200,OK,TESTES 1-38,text,true,,165,211,2,2,http://localhost:8081/users/200,1,0,0
1763944653060,0,Healthcheck,200,OK,TESTES 1-38,text,true,,176,127,2,2,http://localhost:8081/healthcheck,0,0,0
1763944653034,41,POST,201,Created,TESTES 1-39,text,true,,340,375,2,2,http://localhost:8081/users,41,0,0
1763944653075,0,GET ID,200,OK,TESTES 1-39,text,true,,423,125,2,2,http://localhost:8081/users/201,0,0,0
1763944653075,1,PUT,200,OK,TESTES 1-39,text,true,,409,320,2,2,http://localhost:8081/users/201,1,0,0
1763944653076,0,GET,200,OK,TESTES 1-39,text,true,,2940,121,2,2,http://localhost:8081/users,0,0,0
1763944653076,0,DELETE,200,OK,TESTES 1-39,text,true,,165,211,2,2,http://localhost:8081/users/201,0,0,0
1763944653076,0,Healthcheck,200,OK,TESTES 1-39,text,true,,176,127,2,2,http://localhost:8081/healthcheck,0,0,0
1763944653088,5,Healthcheck,200,OK,TESTES 1-40,text,true,,176,127,3,3,http://localhost:8081/healthcheck,5,0,0
1763944653060,39,POST,201,Created,TESTES 1-38,text,true,,341,376,3,3,http://localhost:8081/users,39,0,0
1763944653099,0,GET ID,200,OK,TESTES 1-38,text,true,,424,125,3,3,http://localhost:8081/users/202,0,0,0
1763944653099,1,PUT,200,OK,TESTES 1-38,text,true,,409,320,3,3,http://localhost:8081/users/202,1,0,0
1763944653100,0,GET,200,OK,TESTES 1-38,text,true,,2940,121,3,3,http://localhost:8081/users,0,0,0
1763944653100,0,DELETE,200,OK,TESTES 1-38,text,true,,165,211,3,3,http://localhost:8081/users/202,0,0,0
1763944653076,41,POST,201,Created,TESTES 1-39,text,true,,340,375,2,2,http://localhost:8081/users,41,0,0
1763944653117,1,GET ID,200,OK,TESTES 1-39,text,true,,423,125,2,2,http://localhost:8081/users/203,1,0,0
1763944653118,0,PUT,200,OK,TESTES 1-39,text,true,,408,320,2,2,http://localhost:8081/users/203,0,0,0
1763944653118,1,GET,200,OK,TESTES 1-39,text,true,,2939,121,2,2,http://localhost:8081/users,1,0,0
1763944653119,0,DELETE,200,OK,TESTES 1-39,text,true,,165,211,2,2,http://localhost:8081/users/203,0,0,0
1763944653119,0,Healthcheck,200,OK,TESTES 1-39,text,true,,176,127,2,2,http://localhost:8081/healthcheck,0,0,0
1763944653093,40,POST,201,Created,TESTES 1-40,text,true,,340,375,2,2,http://localhost:8081/users,40,0,0
1763944653133,0,GET ID,200,OK,TESTES 1-40,text,true,,423,125,2,2,http://localhost:8081/users/204,0,0,0
1763944653133,1,PUT,200,OK,TESTES 1-40,text,true,,409,320,2,2,http://localhost:8081/users/204,1,0,0
1763944653134,0,GET,200,OK,TESTES 1-40,text,true,,2940,121,2,2,http://localhost:8081/users,0,0,0
1763944653134,0,DELETE,200,OK,TESTES 1-40,text,true,,165,211,2,2,http://localhost:8081/users/204,0,0,0
1763944653135,0,Healthcheck,200,OK,TESTES 1-40,text,true,,176,127,2,2,http://localhost:8081/healthcheck,0,0,0
1763944653119,40,POST,201,Created,TESTES 1-39,text,true,,341,376,2,2,http://localhost:8081/users,40,0,0
1763944653159,1,GET ID,200,OK,TESTES 1-39,text,true,,422,125,2,2,http://localhost:8081/users/205,1,0,0
1763944653160,1,PUT,200,OK,TESTES 1-39,text,true,,408,320,2,2,http://localhost:8081/users/205,1,0,0
1763944653161,0,GET,200,OK,TESTES 1-39,text,true,,2939,121,2,2,http://localhost:8081/users,0,0,0
1763944653161,1,DELETE,200,OK,TESTES 1-39,text,true,,165,211,2,2,http://localhost:8081/users/205,1,0,0
1763944653162,0,Healthcheck,200,OK,TESTES 1-39,text,true,,176,127,2,2,http://localhost:8081/healthcheck,0,0,0
1763944653135,39,POST,201,Created,TESTES 1-40,text,true,,341,376,2,2,http://localhost:8081/users,39,0,0
1763944653174,0,GET ID,200,OK,TESTES 1-40,text,true,,424,125,2,2,http://localhost:8081/users/206,0,0,0
1763944653174,1,PUT,200,OK,TESTES 1-40,text,true,,408,320,2,2,http://localhost:8081/users/206,1,0,0
1763944653175,0,GET,200,OK,TESTES 1-40,text,true,,2939,121,2,2,http://localhost:8081/users,0,0,0
1763944653175,1,DELETE,200,OK,TESTES 1-40,text,true,,165,211,2,2,http://localhost:8081/users/206,1,0,0
1763944653176,0,Healthcheck,200,OK,TESTES 1-40,text,true,,176,127,2,2,http://localhost:8081/healthcheck,0,0,0
1763944653188,0,Healthcheck,200,OK,TESTES 1-41,text,true,,176,127,3,3,http://localhost:8081/healthcheck,0,0,0
1763944653162,39,POST,201,Created,TESTES 1-39,text,true,,341,376,3,3,http://localhost:8081/users,39,0,0
1763944653202,0,GET ID,200,OK,TESTES 1-39,text,true,,424,125,3,3,http://localhost:8081/users/207,0,0,0
1763944653202,1,PUT,200,OK,TESTES 1-39,text,true,,409,320,3,3,http://localhost:8081/users/207,1,0,0
1763944653203,0,GET,200,OK,TESTES 1-39,text,true,,2940,121,3,3,http://localhost:8081/users,0,0,0
1763944653203,0,DELETE,200,OK,TESTES 1-39,text,true,,165,211,3,3,http://localhost:8081/users/207,0,0,0
1763944653176,39,POST,201,Created,TESTES 1-40,text,true,,341,376,2,2,http://localhost:8081/users,39,0,0
1763944653215,1,GET ID,200,OK,TESTES 1-40,text,true,,424,125,2,2,http://localhost:8081/users/208,1,0,0
1763944653216,0,PUT,200,OK,TESTES 1-40,text,true,,408,319,2,2,http://localhost:8081/users/208,0,0,0
1763944653216,1,GET,200,OK,TESTES 1-40,text,true,,2939,121,2,2,http://localhost:8081/users,1,0,0
1763944653217,0,DELETE,200,OK,TESTES 1-40,text,true,,165,211,2,2,http://localhost:8081/users/208,0,0,0
1763944653217,0,Healthcheck,200,OK,TESTES 1-40,text,true,,176,127,2,2,http://localhost:8081/healthcheck,0,0,0
1763944653188,43,POST,201,Created,TESTES 1-41,text,true,,341,376,2,2,http://localhost:8081/users,43,0,0
1763944653231,0,GET ID,200,OK,TESTES 1-41,text,true,,424,125,2,2,http://localhost:8081/users/209,0,0,0
1763944653231,1,PUT,200,OK,TESTES 1-41,text,true,,409,320,2,2,http://localhost:8081/users/209,1,0,0
1763944653232,0,GET,200,OK,TESTES 1-41,text,true,,2940,121,2,2,http://localhost:8081/users,0,0,0
1763944653232,1,DELETE,200,OK,TESTES 1-41,text,true,,165,211,2,2,http://localhost:8081/users/209,1,0,0
1763944653233,0,Healthcheck,200,OK,TESTES 1-41,text,true,,176,127,2,2,http://localhost:8081/healthcheck,0,0,0
1763944653217,42,POST,201,Created,TESTES 1-40,text,true,,341,376,2,2,http://localhost:8081/users,42,0,0
1763944653259,0,GET ID,200,OK,TESTES 1-40,text,true,,424,125,2,2,http://localhost:8081/users/210,0,0,0
1763944653259,1,PUT,200,OK,TESTES 1-40,text,true,,409,320,2,2,http://localhost:8081/users/210,1,0,0
1763944653260,1,GET,200,OK,TESTES 1-40,text,true,,2940,121,2,2,http://localhost:8081/users,1,0,0
1763944653261,0,DELETE,200,OK,TESTES 1-40,text,true,,165,211,2,2,http://localhost:8081/users/210,0,0,0
1763944653261,0,Healthcheck,200,OK,TESTES 1-40,text,true,,176,127,2,2,http://localhost:8081/healthcheck,0,0,0
1763944653233,39,POST,201,Created,TESTES 1-41,text,true,,341,376,2,2,http://localhost:8081/users,39,0,0
1763944653272,0,GET ID,200,OK,TESTES 1-41,text,true,,424,125,2,2,http://localhost:8081/users/211,0,0,0
1763944653272,1,PUT,200,OK,TESTES 1-41,text,true,,408,319,2,2,http://localhost:8081/users/211,1,0,0
1763944653273,0,GET,200,OK,TESTES 1-41,text,true,,2939,121,2,2,http://localhost:8081/users,0,0,0
1763944653273,1,DELETE,200,OK,TESTES 1-41,text,true,,165,211,2,2,http://localhost:8081/users/211,1,0,0
1763944653274,0,Healthcheck,200,OK,TESTES 1-41,text,true,,176,127,2,2,http://localhost:8081/healthcheck,0,0,0
1763944653289,5,Healthcheck,200,OK,TESTES 1-42,text,true,,176,127,3,3,http://localhost:8081/healthcheck,5,0,0
1763944653261,39,POST,201,Created,TESTES 1-40,text,true,,341,376,3,3,http://localhost:8081/users,39,0,0
1763944653301,0,GET ID,200,OK,TESTES 1-40,text,true,,424,125,3,3,http://localhost:8081/users/212,0,0,0
1763944653301,0,PUT,200,OK,TESTES 1-40,text,true,,409,320,3,3,http://localhost:8081/users/212,0,0,0
1763944653301,1,GET,200,OK,TESTES 1-40,text,true,,2940,121,3,3,http://localhost:8081/users,1,0,0
1763944653302,0,DELETE,200,OK,TESTES 1-40,text,true,,165,211,3,3,http://localhost:8081/users/212,0,0,0
1763944653274,39,POST,201,Created,TESTES 1-41,text,true,,340,375,2,2,http://localhost:8081/users,39,0,0
1763944653313,0,GET ID,200,OK,TESTES 1-41,text,true,,423,125,2,2,http://localhost:8081/users/213,0,0,0
1763944653313,1,PUT,200,OK,TESTES 1-41,text,true,,409,320,2,2,http://localhost:8081/users/213,1,0,0
1763944653314,0,GET,200,OK,TESTES 1-41,text,true,,2940,121,2,2,http://localhost:8081/users,0,0,0
1763944653314,1,DELETE,200,OK,TESTES 1-41,text,true,,165,211,2,2,http://localhost:8081/users/213,1,0,0
1763944653315,0,Healthcheck,200,OK,TESTES 1-41,text,true,,176,127,2,2,http://localhost:8081/healthcheck,0,0,0
1763944653294,40,POST,201,Created,TESTES 1-42,text,true,,341,376,2,2,http://localhost:8081/users,40,0,0
1763944653334,0,GET ID,200,OK,TESTES 1-42,text,true,,424,125,2,2,http://localhost:8081/users/214,0,0,0
1763944653334,1,PUT,200,OK,TESTES 1-42,text,true,,409,320,2,2,http://localhost:8081/users/214,1,0,0
1763944653335,0,GET,200,OK,TESTES 1-42,text,true,,2940,121,2,2,http://localhost:8081/users,0,0,0
1763944653335,1,DELETE,200,OK,TESTES 1-42,text,true,,165,211,2,2,http://localhost:8081/users/214,1,0,0
1763944653336,0,Healthcheck,200,OK,TESTES 1-42,text,true,,176,127,2,2,http://localhost:8081/healthcheck,0,0,0
1763944653315,40,POST,201,Created,TESTES 1-41,text,true,,341,376,2,2,http://localhost:8081/users,40,0,0
1763944653355,0,GET ID,200,OK,TESTES 1-41,text,true,,422,125,2,2,http://localhost:8081/users/215,0,0,0
1763944653355,1,PUT,200,OK,TESTES 1-41,text,true,,408,320,2,2,http://localhost:8081/users/215,1,0,0
1763944653356,0,GET,200,OK,TESTES 1-41,text,true,,2939,121,2,2,http://localhost:8081/users,0,0,0
1763944653356,1,DELETE,200,OK,TESTES 1-41,text,true,,165,211,2,2,http://localhost:8081/users/215,1,0,0
1763944653357,0,Healthcheck,200,OK,TESTES 1-41,text,true,,176,127,2,2,http://localhost:8081/healthcheck,0,0,0
1763944653336,40,POST,201,Created,TESTES 1-42,text,true,,340,375,2,2,http://localhost:8081/users,40,0,0
1763944653376,0,GET ID,200,OK,TESTES 1-42,text,true,,423,125,2,2,http://localhost:8081/users/216,0,0,0
1763944653376,1,PUT,200,OK,TESTES 1-42,text,true,,409,320,2,2,http://localhost:8081/users/216,1,0,0
1763944653377,0,GET,200,OK,TESTES 1-42,text,true,,2940,121,2,2,http://localhost:8081/users,0,0,0
1763944653377,1,DELETE,200,OK,TESTES 1-42,text,true,,165,211,2,2,http://localhost:8081/users/216,1,0,0
1763944653378,0,Healthcheck,200,OK,TESTES 1-42,text,true,,176,127,2,2,http://localhost:8081/healthcheck,0,0,0
1763944653389,6,Healthcheck,200,OK,TESTES 1-43,text,true,,176,127,3,3,http://localhost:8081/healthcheck,6,0,0
1763944653357,40,POST,201,Created,TESTES 1-41,text,true,,341,375,3,3,http://localhost:8081/users,40,0,0
1763944653397,0,GET ID,200,OK,TESTES 1-41,text,true,,424,125,3,3,http://localhost:8081/users/217,0,0,0
1763944653397,1,PUT,200,OK,TESTES 1-41,text,true,,409,320,3,3,http://localhost:8081/users/217,1,0,0
1763944653398,0,GET,200,OK,TESTES 1-41,text,true,,2940,121,3,3,http://localhost:8081/users,0,0,0
1763944653398,1,DELETE,200,OK,TESTES 1-41,text,true,,165,211,3,3,http://localhost:8081/users/217,1,0,0
1763944653378,39,POST,201,Created,TESTES 1-42,text,true,,341,376,2,2,http://localhost:8081/users,39,0,0
1763944653417,0,GET ID,200,OK,TESTES 1-42,text,true,,424,125,2,2,http://localhost:8081/users/218,0,0,0
1763944653417,1,PUT,200,OK,TESTES 1-42,text,true,,409,320,2,2,http://localhost:8081/users/218,1,0,0
1763944653418,0,GET,200,OK,TESTES 1-42,text,true,,2940,121,2,2,http://localhost:8081/users,0,0,0
1763944653418,1,DELETE,200,OK,TESTES 1-42,text,true,,165,211,2,2,http://localhost:8081/users/218,1,0,0
1763944653419,0,Healthcheck,200,OK,TESTES 1-42,text,true,,176,127,2,2,http://localhost:8081/healthcheck,0,0,0
1763944653395,40,POST,201,Created,TESTES 1-43,text,true,,341,376,2,2,http://localhost:8081/users,40,0,0
1763944653435,0,GET ID,200,OK,TESTES 1-43,text,true,,424,125,2,2,http://localhost:8081/users/219,0,0,0
1763944653435,1,PUT,200,OK,TESTES 1-43,text,true,,408,319,2,2,http://localhost:8081/users/219,1,0,0
1763944653436,0,GET,200,OK,TESTES 1-43,text,true,,2939,121,2,2,http://localhost:8081/users,0,0,0
1763944653436,1,DELETE,200,OK,TESTES 1-43,text,true,,165,211,2,2,http://localhost:8081/users/219,1,0,0
1763944653437,0,Healthcheck,200,OK,TESTES 1-43,text,true,,176,127,2,2,http://localhost:8081/healthcheck,0,0,0
1763944653419,40,POST,201,Created,TESTES 1-42,text,true,,341,376,2,2,http://localhost:8081/users,40,0,0
1763944653459,0,GET ID,200,OK,TESTES 1-42,text,true,,424,125,2,2,http://localhost:8081/users/220,0,0,0
1763944653459,1,PUT,200,OK,TESTES 1-42,text,true,,408,319,2,2,http://localhost:8081/users/220,1,0,0
1763944653460,0,GET,200,OK,TESTES 1-42,text,true,,2939,121,2,2,http://localhost:8081/users,0,0,0
1763944653461,0,DELETE,200,OK,TESTES 1-42,text,true,,165,211,2,2,http://localhost:8081/users/220,0,0,0
1763944653461,0,Healthcheck,200,OK,TESTES 1-42,text,true,,176,127,2,2,http://localhost:8081/healthcheck,0,0,0
1763944653437,40,POST,201,Created,TESTES 1-43,text,true,,340,375,2,2,http://localhost:8081/users,40,0,0
1763944653477,0,GET ID,200,OK,TESTES 1-43,text,true,,423,125,2,2,http://localhost:8081/users/221,0,0,0
1763944653477,1,PUT,200,OK,TESTES 1-43,text,true,,409,320,2,2,http://localhost:8081/users/221,1,0,0
1763944653478,0,GET,200,OK,TESTES 1-43,text,true,,2940,121,2,2,http://localhost:8081/users,0,0,0
1763944653478,0,DELETE,200,OK,TESTES 1-43,text,true,,165,211,2,2,http://localhost:8081/users/221,0,0,0
1763944653478,0,Healthcheck,200,OK,TESTES 1-43,text,true,,176,127,2,2,http://localhost:8081/healthcheck,0,0,0
1763944653488,7,Healthcheck,200,OK,TESTES 1-44,text,true,,176,127,3,3,http://localhost:8081/healthcheck,7,0,0
1763944653461,40,POST,201,Created,TESTES 1-42,text,true,,340,374,3,3,http://localhost:8081/users,40,0,0
1763944653501,0,GET ID,200,OK,TESTES 1-42,text,true,,423,125,3,3,http://localhost:8081/users/222,0,0,0
1763944653501,1,PUT,200,OK,TESTES 1-42,text,true,,409,320,3,3,http://localhost:8081/users/222,1,0,0
1763944653502,0,GET,200,OK,TESTES 1-42,text,true,,2940,121,3,3,http://localhost:8081/users,0,0,0
1763944653502,1,DELETE,200,OK,TESTES 1-42,text,true,,165,211,3,3,http://localhost:8081/users/222,1,0,0
1763944653478,40,POST,201,Created,TESTES 1-43,text,true,,341,376,2,2,http://localhost:8081/users,40,0,0
1763944653519,0,GET ID,200,OK,TESTES 1-43,text,true,,424,125,2,2,http://localhost:8081/users/223,0,0,0
1763944653519,1,PUT,200,OK,TESTES 1-43,text,true,,408,320,2,2,http://localhost:8081/users/223,1,0,0
1763944653520,0,GET,200,OK,TESTES 1-43,text,true,,2939,121,2,2,http://localhost:8081/users,0,0,0
1763944653520,0,DELETE,200,OK,TESTES 1-43,text,true,,165,211,2,2,http://localhost:8081/users/223,0,0,0
1763944653520,1,Healthcheck,200,OK,TESTES 1-43,text,true,,176,127,2,2,http://localhost:8081/healthcheck,1,0,0
1763944653495,40,POST,201,Created,TESTES 1-44,text,true,,341,376,2,2,http://localhost:8081/users,40,0,0
1763944653535,1,GET ID,200,OK,TESTES 1-44,text,true,,424,125,2,2,http://localhost:8081/users/224,1,0,0
1763944653536,0,PUT,200,OK,TESTES 1-44,text,true,,409,320,2,2,http://localhost:8081/users/224,0,0,0
1763944653536,1,GET,200,OK,TESTES 1-44,text,true,,2940,121,2,2,http://localhost:8081/users,1,0,0
1763944653537,0,DELETE,200,OK,TESTES 1-44,text,true,,165,211,2,2,http://localhost:8081/users/224,0,0,0
1763944653537,0,Healthcheck,200,OK,TESTES 1-44,text,true,,176,127,2,2,http://localhost:8081/healthcheck,0,0,0
1763944653521,39,POST,201,Created,TESTES 1-43,text,true,,341,376,2,2,http://localhost:8081/users,39,0,0
1763944653560,1,GET ID,200,OK,TESTES 1-43,text,true,,424,125,2,2,http://localhost:8081/users/225,1,0,0
1763944653561,1,PUT,200,OK,TESTES 1-43,text,true,,408,319,2,2,http://localhost:8081/users/225,1,0,0
1763944653563,0,GET,200,OK,TESTES 1-43,text,true,,2939,121,2,2,http://localhost:8081/users,0,0,0
1763944653563,1,DELETE,200,OK,TESTES 1-43,text,true,,165,211,2,2,http://localhost:8081/users/225,1,0,0
1763944653564,0,Healthcheck,200,OK,TESTES 1-43,text,true,,176,127,2,2,http://localhost:8081/healthcheck,0,0,0
1763944653537,40,POST,201,Created,TESTES 1-44,text,true,,341,375,2,2,http://localhost:8081/users,40,0,0
1763944653577,0,GET ID,200,OK,TESTES 1-44,text,true,,424,125,2,2,http://localhost:8081/users/226,0,0,0
1763944653577,1,PUT,200,OK,TESTES 1-44,text,true,,409,320,2,2,http://localhost:8081/users/226,1,0,0
1763944653578,0,GET,200,OK,TESTES 1-44,text,true,,2940,121,2,2,http://localhost:8081/users,0,0,0
1763944653578,1,DELETE,200,OK,TESTES 1-44,text,true,,165,211,2,2,http://localhost:8081/users/226,1,0,0
1763944653579,0,Healthcheck,200,OK,TESTES 1-44,text,true,,176,127,2,2,http://localhost:8081/healthcheck,0,0,0
1763944653588,8,Healthcheck,200,OK,TESTES 1-45,text,true,,176,127,3,3,http://localhost:8081/healthcheck,8,0,0
1763944653564,41,POST,201,Created,TESTES 1-43,text,true,,341,376,3,3,http://localhost:8081/users,41,0,0
1763944653605,0,GET ID,200,OK,TESTES 1-43,text,true,,424,125,3,3,http://localhost:8081/users/227,0,0,0
1763944653606,1,PUT,200,OK,TESTES 1-43,text,true,,409,320,3,3,http://localhost:8081/users/227,1,0,0
1763944653607,0,GET,200,OK,TESTES 1-43,text,true,,2940,121,3,3,http://localhost:8081/users,0,0,0
1763944653607,1,DELETE,200,OK,TESTES 1-43,text,true,,165,211,3,3,http://localhost:8081/users/227,1,0,0
1763944653579,40,POST,201,Created,TESTES 1-44,text,true,,341,376,2,2,http://localhost:8081/users,40,0,0
1763944653619,0,GET ID,200,OK,TESTES 1-44,text,true,,424,125,2,2,http://localhost:8081/users/228,0,0,0
1763944653619,1,PUT,200,OK,TESTES 1-44,text,true,,408,319,2,2,http://localhost:8081/users/228,1,0,0
1763944653620,0,GET,200,OK,TESTES 1-44,text,true,,2939,121,2,2,http://localhost:8081/users,0,0,0
1763944653620,0,DELETE,200,OK,TESTES 1-44,text,true,,165,211,2,2,http://localhost:8081/users/228,0,0,0
1763944653620,0,Healthcheck,200,OK,TESTES 1-44,text,true,,176,127,2,2,http://localhost:8081/healthcheck,0,0,0
1763944653596,41,POST,201,Created,TESTES 1-45,text,true,,341,376,2,2,http://localhost:8081/users,41,0,0
1763944653637,0,GET ID,200,OK,TESTES 1-45,text,true,,424,125,2,2,http://localhost:8081/users/229,0,0,0
1763944653637,1,PUT,200,OK,TESTES 1-45,text,true,,408,319,2,2,http://localhost:8081/users/229,1,0,0
1763944653638,0,GET,200,OK,TESTES 1-45,text,true,,2939,121,2,2,http://localhost:8081/users,0,0,0
1763944653639,0,DELETE,200,OK,TESTES 1-45,text,true,,165,211,2,2,http://localhost:8081/users/229,0,0,0
1763944653639,0,Healthcheck,200,OK,TESTES 1-45,text,true,,176,127,2,2,http://localhost:8081/healthcheck,0,0,0
1763944653620,43,POST,201,Created,TESTES 1-44,text,true,,341,376,2,2,http://localhost:8081/users,43,0,0
1763944653663,1,GET ID,200,OK,TESTES 1-44,text,true,,424,125,2,2,http://localhost:8081/users/230,1,0,0
1763944653664,0,PUT,200,OK,TESTES 1-44,text,true,,407,319,2,2,http://localhost:8081/users/230,0,0,0
1763944653664,0,GET,200,OK,TESTES 1-44,text,true,,2938,121,2,2,http://localhost:8081/users,0,0,0
1763944653664,1,DELETE,200,OK,TESTES 1-44,text,true,,165,211,2,2,http://localhost:8081/users/230,1,0,0
1763944653665,0,Healthcheck,200,OK,TESTES 1-44,text,true,,176,127,2,2,http://localhost:8081/healthcheck,0,0,0
1763944653639,39,POST,201,Created,TESTES 1-45,text,true,,341,376,2,2,http://localhost:8081/users,39,0,0
1763944653678,1,GET ID,200,OK,TESTES 1-45,text,true,,424,125,2,2,http://localhost:8081/users/231,1,0,0
1763944653679,0,PUT,200,OK,TESTES 1-45,text,true,,409,320,2,2,http://localhost:8081/users/231,0,0,0
1763944653679,0,GET,200,OK,TESTES 1-45,text,true,,2940,121,2,2,http://localhost:8081/users,0,0,0
1763944653679,1,DELETE,200,OK,TESTES 1-45,text,true,,165,211,2,2,http://localhost:8081/users/231,1,0,0
1763944653680,0,Healthcheck,200,OK,TESTES 1-45,text,true,,176,127,2,2,http://localhost:8081/healthcheck,0,0,0
1763944653688,1,Healthcheck,200,OK,TESTES 1-46,text,true,,176,127,3,3,http://localhost:8081/healthcheck,1,0,1
1763944653665,40,POST,201,Created,TESTES 1-44,text,true,,341,376,3,3,http://localhost:8081/users,40,0,0
1763944653705,0,GET ID,200,OK,TESTES 1-44,text,true,,424,125,3,3,http://localhost:8081/users/232,0,0,0
1763944653705,1,PUT,200,OK,TESTES 1-44,text,true,,409,320,3,3,http://localhost:8081/users/232,1,0,0
1763944653706,0,GET,200,OK,TESTES 1-44,text,true,,2940,121,3,3,http://localhost:8081/users,0,0,0
1763944653706,0,DELETE,200,OK,TESTES 1-44,text,true,,165,211,3,3,http://localhost:8081/users/232,0,0,0
1763944653680,41,POST,201,Created,TESTES 1-45,text,true,,340,375,2,2,http://localhost:8081/users,41,0,0
1763944653721,0,GET ID,200,OK,TESTES 1-45,text,true,,423,125,2,2,http://localhost:8081/users/233,0,0,0
1763944653721,1,PUT,200,OK,TESTES 1-45,text,true,,408,319,2,2,http://localhost:8081/users/233,1,0,0
1763944653722,0,GET,200,OK,TESTES 1-45,text,true,,2939,121,2,2,http://localhost:8081/users,0,0,0
1763944653722,0,DELETE,200,OK,TESTES 1-45,text,true,,165,211,2,2,http://localhost:8081/users/233,0,0,0
1763944653722,0,Healthcheck,200,OK,TESTES 1-45,text,true,,176,127,2,2,http://localhost:8081/healthcheck,0,0,0
1763944653689,40,POST,201,Created,TESTES 1-46,text,true,,340,375,2,2,http://localhost:8081/users,40,0,0
1763944653729,0,GET ID,200,OK,TESTES 1-46,text,true,,423,125,2,2,http://localhost:8081/users/234,0,0,0
1763944653729,1,PUT,200,OK,TESTES 1-46,text,true,,409,320,2,2,http://localhost:8081/users/234,1,0,0
1763944653730,0,GET,200,OK,TESTES 1-46,text,true,,2940,121,2,2,http://localhost:8081/users,0,0,0
1763944653730,0,DELETE,200,OK,TESTES 1-46,text,true,,165,211,2,2,http://localhost:8081/users/234,0,0,0
1763944653730,0,Healthcheck,200,OK,TESTES 1-46,text,true,,176,127,2,2,http://localhost:8081/healthcheck,0,0,0
1763944653723,40,POST,201,Created,TESTES 1-45,text,true,,341,376,2,2,http://localhost:8081/users,40,0,0
1763944653763,0,GET ID,200,OK,TESTES 1-45,text,true,,424,125,2,2,http://localhost:8081/users/235,0,0,0
1763944653763,1,PUT,200,OK,TESTES 1-45,text,true,,407,319,2,2,http://localhost:8081/users/235,1,0,0
1763944653764,0,GET,200,OK,TESTES 1-45,text,true,,2938,121,2,2,http://localhost:8081/users,0,0,0
1763944653765,0,DELETE,200,OK,TESTES 1-45,text,true,,165,211,2,2,http://localhost:8081/users/235,0,0,0
1763944653765,0,Healthcheck,200,OK,TESTES 1-45,text,true,,176,127,2,2,http://localhost:8081/healthcheck,0,0,0
1763944653730,40,POST,201,Created,TESTES 1-46,text,true,,341,376,2,2,http://localhost:8081/users,40,0,0
1763944653770,0,GET ID,200,OK,TESTES 1-46,text,true,,424,125,2,2,http://localhost:8081/users/236,0,0,0
1763944653770,1,PUT,200,OK,TESTES 1-46,text,true,,408,320,2,2,http://localhost:8081/users/236,1,0,0
1763944653771,0,GET,200,OK,TESTES 1-46,text,true,,2939,121,2,2,http://localhost:8081/users,0,0,0
1763944653771,1,DELETE,200,OK,TESTES 1-46,text,true,,165,211,2,2,http://localhost:8081/users/236,1,0,0
1763944653772,0,Healthcheck,200,OK,TESTES 1-46,text,true,,176,127,2,2,http://localhost:8081/healthcheck,0,0,0
1763944653788,1,Healthcheck,200,OK,TESTES 1-47,text,true,,176,127,3,3,http://localhost:8081/healthcheck,1,0,1
1763944653765,40,POST,201,Created,TESTES 1-45,text,true,,341,376,3,3,http://localhost:8081/users,40,0,0
1763944653805,0,GET ID,200,OK,TESTES 1-45,text,true,,424,125,3,3,http://localhost:8081/users/237,0,0,0
1763944653805,1,PUT,200,OK,TESTES 1-45,text,true,,409,320,3,3,http://localhost:8081/users/237,1,0,0
1763944653806,0,GET,200,OK,TESTES 1-45,text,true,,2940,121,3,3,http://localhost:8081/users,0,0,0
1763944653806,0,DELETE,200,OK,TESTES 1-45,text,true,,165,211,3,3,http://localhost:8081/users/237,0,0,0
1763944653772,39,POST,201,Created,TESTES 1-46,text,true,,341,375,2,2,http://localhost:8081/users,39,0,0
1763944653811,0,GET ID,200,OK,TESTES 1-46,text,true,,424,125,2,2,http://localhost:8081/users/238,0,0,0
1763944653811,1,PUT,200,OK,TESTES 1-46,text,true,,409,320,2,2,http://localhost:8081/users/238,1,0,0
1763944653812,0,GET,200,OK,TESTES 1-46,text,true,,2940,121,2,2,http://localhost:8081/users,0,0,0
1763944653812,0,DELETE,200,OK,TESTES 1-46,text,true,,165,211,2,2,http://localhost:8081/users/238,0,0,0
1763944653812,0,Healthcheck,200,OK,TESTES 1-46,text,true,,176,127,2,2,http://localhost:8081/healthcheck,0,0,0
1763944653789,40,POST,201,Created,TESTES 1-47,text,true,,341,376,2,2,http://localhost:8081/users,40,0,0
1763944653829,1,GET ID,200,OK,TESTES 1-47,text,true,,424,125,2,2,http://localhost:8081/users/239,1,0,0
1763944653830,0,PUT,200,OK,TESTES 1-47,text,true,,409,320,2,2,http://localhost:8081/users/239,0,0,0
1763944653830,0,GET,200,OK,TESTES 1-47,text,true,,2940,121,2,2,http://localhost:8081/users,0,0,0
1763944653830,1,DELETE,200,OK,TESTES 1-47,text,true,,165,211,2,2,http://localhost:8081/users/239,1,0,0
1763944653831,0,Healthcheck,200,OK,TESTES 1-47,text,true,,176,127,2,2,http://localhost:8081/healthcheck,0,0,0
1763944653812,40,POST,201,Created,TESTES 1-46,text,true,,341,376,2,2,http://localhost:8081/users,40,0,0
1763944653852,0,GET ID,200,OK,TESTES 1-46,text,true,,424,125,2,2,http://localhost:8081/users/240,0,0,0
1763944653852,1,PUT,200,OK,TESTES 1-46,text,true,,409,320,2,2,http://localhost:8081/users/240,1,0,0
1763944653853,0,GET,200,OK,TESTES 1-46,text,true,,2940,121,2,2,http://localhost:8081/users,0,0,0
1763944653853,0,DELETE,200,OK,TESTES 1-46,text,true,,165,211,2,2,http://localhost:8081/users/240,0,0,0
1763944653853,0,Healthcheck,200,OK,TESTES 1-46,text,true,,176,127,2,2,http://localhost:8081/healthcheck,0,0,0
1763944653831,41,POST,201,Created,TESTES 1-47,text,true,,341,376,2,2,http://localhost:8081/users,41,0,0
1763944653872,0,GET ID,200,OK,TESTES 1-47,text,true,,424,125,2,2,http://localhost:8081/users/241,0,0,0
1763944653872,1,PUT,200,OK,TESTES 1-47,text,true,,409,320,2,2,http://localhost:8081/users/241,1,0,0
1763944653873,0,GET,200,OK,TESTES 1-47,text,true,,2940,121,2,2,http://localhost:8081/users,0,0,0
1763944653873,1,DELETE,200,OK,TESTES 1-47,text,true,,165,211,2,2,http://localhost:8081/users/241,1,0,0
1763944653874,0,Healthcheck,200,OK,TESTES 1-47,text,true,,176,127,2,2,http://localhost:8081/healthcheck,0,0,0
1763944653889,0,Healthcheck,200,OK,TESTES 1-48,text,true,,176,127,3,3,http://localhost:8081/healthcheck,0,0,0
1763944653853,40,POST,201,Created,TESTES 1-46,text,true,,341,376,3,3,http://localhost:8081/users,40,0,0
1763944653893,0,GET ID,200,OK,TESTES 1-46,text,true,,424,125,3,3,http://localhost:8081/users/242,0,0,0
1763944653893,1,PUT,200,OK,TESTES 1-46,text,true,,409,320,3,3,http://localhost:8081/users/242,1,0,0
1763944653894,0,GET,200,OK,TESTES 1-46,text,true,,2940,121,3,3,http://localhost:8081/users,0,0,0
1763944653894,1,DELETE,200,OK,TESTES 1-46,text,true,,165,211,3,3,http://localhost:8081/users/242,1,0,0
1763944653874,39,POST,201,Created,TESTES 1-47,text,true,,341,376,2,2,http://localhost:8081/users,39,0,0
1763944653913,1,GET ID,200,OK,TESTES 1-47,text,true,,424,125,2,2,http://localhost:8081/users/243,1,0,0
1763944653914,0,PUT,200,OK,TESTES 1-47,text,true,,408,320,2,2,http://localhost:8081/users/243,0,0,0
1763944653914,0,GET,200,OK,TESTES 1-47,text,true,,2939,121,2,2,http://localhost:8081/users,0,0,0
1763944653915,0,DELETE,200,OK,TESTES 1-47,text,true,,165,211,2,2,http://localhost:8081/users/243,0,0,0
1763944653915,0,Healthcheck,200,OK,TESTES 1-47,text,true,,176,127,2,2,http://localhost:8081/healthcheck,0,0,0
1763944653889,40,POST,201,Created,TESTES 1-48,text,true,,340,375,2,2,http://localhost:8081/users,40,0,0
1763944653929,0,GET ID,200,OK,TESTES 1-48,text,true,,423,125,2,2,http://localhost:8081/users/244,0,0,0
1763944653929,1,PUT,200,OK,TESTES 1-48,text,true,,408,319,2,2,http://localhost:8081/users/244,1,0,0
1763944653930,0,GET,200,OK,TESTES 1-48,text,true,,2939,121,2,2,http://localhost:8081/users,0,0,0
1763944653930,1,DELETE,200,OK,TESTES 1-48,text,true,,165,211,2,2,http://localhost:8081/users/244,1,0,0
1763944653931,0,Healthcheck,200,OK,TESTES 1-48,text,true,,176,127,2,2,http://localhost:8081/healthcheck,0,0,0
1763944653915,40,POST,201,Created,TESTES 1-47,text,true,,341,376,2,2,http://localhost:8081/users,40,0,0
1763944653955,1,GET ID,200,OK,TESTES 1-47,text,true,,424,125,2,2,http://localhost:8081/users/245,1,0,0
1763944653956,1,PUT,200,OK,TESTES 1-47,text,true,,408,320,2,2,http://localhost:8081/users/245,1,0,0
1763944653957,0,GET,200,OK,TESTES 1-47,text,true,,2939,121,2,2,http://localhost:8081/users,0,0,0
1763944653957,1,DELETE,200,OK,TESTES 1-47,text,true,,165,211,2,2,http://localhost:8081/users/245,1,0,0
1763944653958,0,Healthcheck,200,OK,TESTES 1-47,text,true,,176,127,2,2,http://localhost:8081/healthcheck,0,0,0
1763944653931,39,POST,201,Created,TESTES 1-48,text,true,,341,376,2,2,http://localhost:8081/users,39,0,0
1763944653970,1,GET ID,200,OK,TESTES 1-48,text,true,,424,125,2,2,http://localhost:8081/users/246,1,0,0
1763944653971,0,PUT,200,OK,TESTES 1-48,text,true,,409,320,2,2,http://localhost:8081/users/246,0,0,0
1763944653972,0,GET,200,OK,TESTES 1-48,text,true,,2940,121,2,2,http://localhost:8081/users,0,0,0
1763944653972,0,DELETE,200,OK,TESTES 1-48,text,true,,165,211,2,2,http://localhost:8081/users/246,0,0,0
1763944653972,0,Healthcheck,200,OK,TESTES 1-48,text,true,,176,127,2,2,http://localhost:8081/healthcheck,0,0,0
1763944653988,1,Healthcheck,200,OK,TESTES 1-49,text,true,,176,127,3,3,http://localhost:8081/healthcheck,1,0,0
1763944653958,40,POST,201,Created,TESTES 1-47,text,true,,341,375,3,3,http://localhost:8081/users,40,0,0
1763944653998,0,GET ID,200,OK,TESTES 1-47,text,true,,422,125,3,3,http://localhost:8081/users/247,0,0,0
1763944653998,1,PUT,200,OK,TESTES 1-47,text,true,,407,319,3,3,http://localhost:8081/users/247,1,0,0
1763944653999,0,GET,200,OK,TESTES 1-47,text,true,,2938,121,3,3,http://localhost:8081/users,0,0,0
1763944653999,0,DELETE,200,OK,TESTES 1-47,text,true,,165,211,3,3,http://localhost:8081/users/247,0,0,0
1763944653972,42,POST,201,Created,TESTES 1-48,text,true,,341,376,2,2,http://localhost:8081/users,42,0,0
1763944654014,1,GET ID,200,OK,TESTES 1-48,text,true,,424,125,2,2,http://localhost:8081/users/248,1,0,0
1763944654015,0,PUT,200,OK,TESTES 1-48,text,true,,409,320,2,2,http://localhost:8081/users/248,0,0,0
1763944654015,1,GET,200,OK,TESTES 1-48,text,true,,2940,121,2,2,http://localhost:8081/users,1,0,0
1763944654016,0,DELETE,200,OK,TESTES 1-48,text,true,,165,211,2,2,http://localhost:8081/users/248,0,0,0
1763944654016,0,Healthcheck,200,OK,TESTES 1-48,text,true,,176,127,2,2,http://localhost:8081/healthcheck,0,0,0
1763944653989,39,POST,201,Created,TESTES 1-49,text,true,,341,376,2,2,http://localhost:8081/users,39,0,0
1763944654028,1,GET ID,200,OK,TESTES 1-49,text,true,,424,125,2,2,http://localhost:8081/users/249,1,0,0
1763944654029,0,PUT,200,OK,TESTES 1-49,text,true,,409,320,2,2,http://localhost:8081/users/249,0,0,0
1763944654029,0,GET,200,OK,TESTES 1-49,text,true,,2940,121,2,2,http://localhost:8081/users,0,0,0
1763944654029,1,DELETE,200,OK,TESTES 1-49,text,true,,165,211,2,2,http://localhost:8081/users/249,1,0,0
1763944654030,0,Healthcheck,200,OK,TESTES 1-49,text,true,,176,127,2,2,http://localhost:8081/healthcheck,0,0,0
1763944654016,40,POST,201,Created,TESTES 1-48,text,true,,341,376,2,2,http://localhost:8081/users,40,0,0
1763944654056,1,GET ID,200,OK,TESTES 1-48,text,true,,424,125,2,2,http://localhost:8081/users/250,1,0,0
1763944654057,1,PUT,200,OK,TESTES 1-48,text,true,,409,320,2,2,http://localhost:8081/users/250,1,0,0
1763944654058,0,GET,200,OK,TESTES 1-48,text,true,,2940,121,2,2,http://localhost:8081/users,0,0,0
1763944654058,1,DELETE,200,OK,TESTES 1-48,text,true,,165,211,2,2,http://localhost:8081/users/250,1,0,0
1763944654059,0,Healthcheck,200,OK,TESTES 1-48,text,true,,176,127,2,2,http://localhost:8081/healthcheck,0,0,0
1763944654030,40,POST,201,Created,TESTES 1-49,text,true,,340,375,2,2,http://localhost:8081/users,40,0,0
1763944654070,0,GET ID,200,OK,TESTES 1-49,text,true,,423,125,2,2,http://localhost:8081/users/251,0,0,0
1763944654070,1,PUT,200,OK,TESTES 1-49,text,true,,408,319,2,2,http://localhost:8081/users/251,1,0,0
1763944654071,0,GET,200,OK,TESTES 1-49,text,true,,2939,121,2,2,http://localhost:8081/users,0,0,0
1763944654071,0,DELETE,200,OK,TESTES 1-49,text,true,,165,211,2,2,http://localhost:8081/users/251,0,0,0
1763944654071,1,Healthcheck,200,OK,TESTES 1-49,text,true,,176,127,2,2,http://localhost:8081/healthcheck,1,0,0
1763944654089,1,Healthcheck,200,OK,TESTES 1-50,text,true,,176,127,3,3,http://localhost:8081/healthcheck,1,0,1
1763944654059,40,POST,201,Created,TESTES 1-48,text,true,,341,376,3,3,http://localhost:8081/users,40,0,0
1763944654100,0,GET ID,200,OK,TESTES 1-48,text,true,,424,125,3,3,http://localhost:8081/users/252,0,0,0
1763944654100,1,PUT,200,OK,TESTES 1-48,text,true,,408,319,3,3,http://localhost:8081/users/252,1,0,0
1763944654101,0,GET,200,OK,TESTES 1-48,text,true,,2939,121,3,3,http://localhost:8081/users,0,0,0
1763944654101,0,DELETE,200,OK,TESTES 1-48,text,true,,165,211,3,3,http://localhost:8081/users/252,0,0,0
1763944654072,39,POST,201,Created,TESTES 1-49,text,true,,341,376,2,2,http://localhost:8081/users,39,0,0
1763944654111,0,GET ID,200,OK,TESTES 1-49,text,true,,424,125,2,2,http://localhost:8081/users/253,0,0,0
1763944654111,1,PUT,200,OK,TESTES 1-49,text,true,,408,320,2,2,http://localhost:8081/users/253,1,0,0
1763944654112,0,GET,200,OK,TESTES 1-49,text,true,,2939,121,2,2,http://localhost:8081/users,0,0,0
1763944654112,1,DELETE,200,OK,TESTES 1-49,text,true,,165,211,2,2,http://localhost:8081/users/253,1,0,0
1763944654113,0,Healthcheck,200,OK,TESTES 1-49,text,true,,176,127,2,2,http://localhost:8081/healthcheck,0,0,0
1763944654090,39,POST,201,Created,TESTES 1-50,text,true,,341,376,2,2,http://localhost:8081/users,39,0,0
1763944654129,1,GET ID,200,OK,TESTES 1-50,text,true,,424,125,2,2,http://localhost:8081/users/254,1,0,0
1763944654130,1,PUT,200,OK,TESTES 1-50,text,true,,409,320,2,2,http://localhost:8081/users/254,1,0,0
1763944654131,0,GET,200,OK,TESTES 1-50,text,true,,2940,121,2,2,http://localhost:8081/users,0,0,0
1763944654131,0,DELETE,200,OK,TESTES 1-50,text,true,,165,211,2,2,http://localhost:8081/users/254,0,0,0
1763944654131,0,Healthcheck,200,OK,TESTES 1-50,text,true,,176,127,2,2,http://localhost:8081/healthcheck,0,0,0
1763944654113,39,POST,201,Created,TESTES 1-49,text,true,,341,376,2,2,http://localhost:8081/users,39,0,0
1763944654152,1,GET ID,200,OK,TESTES 1-49,text,true,,424,125,2,2,http://localhost:8081/users/255,1,0,0
1763944654153,1,PUT,200,OK,TESTES 1-49,text,true,,409,320,2,2,http://localhost:8081/users/255,1,0,0
1763944654154,0,GET,200,OK,TESTES 1-49,text,true,,2940,121,2,2,http://localhost:8081/users,0,0,0
1763944654154,1,DELETE,200,OK,TESTES 1-49,text,true,,165,211,2,2,http://localhost:8081/users/255,1,0,0
1763944654155,0,Healthcheck,200,OK,TESTES 1-49,text,true,,176,127,2,2,http://localhost:8081/healthcheck,0,0,0
1763944654131,41,POST,201,Created,TESTES 1-50,text,true,,341,376,2,2,http://localhost:8081/users,41,0,0
1763944654172,0,GET ID,200,OK,TESTES 1-50,text,true,,424,125,2,2,http://localhost:8081/users/256,0,0,0
1763944654172,1,PUT,200,OK,TESTES 1-50,text,true,,409,320,2,2,http://localhost:8081/users/256,1,0,0
1763944654173,0,GET,200,OK,TESTES 1-50,text,true,,2940,121,2,2,http://localhost:8081/users,0,0,0
1763944654173,1,DELETE,200,OK,TESTES 1-50,text,true,,165,211,2,2,http://localhost:8081/users/256,1,0,0
1763944654174,0,Healthcheck,200,OK,TESTES 1-50,text,true,,176,127,2,2,http://localhost:8081/healthcheck,0,0,0
1763944654190,0,Healthcheck,200,OK,TESTES 1-51,text,true,,176,127,3,3,http://localhost:8081/healthcheck,0,0,0
1763944654155,39,POST,201,Created,TESTES 1-49,text,true,,341,376,3,3,http://localhost:8081/users,39,0,0
1763944654195,0,GET ID,200,OK,TESTES 1-49,text,true,,424,125,3,3,http://localhost:8081/users/257,0,0,0
1763944654195,1,PUT,200,OK,TESTES 1-49,text,true,,408,320,3,3,http://localhost:8081/users/257,1,0,0
1763944654196,0,GET,200,OK,TESTES 1-49,text,true,,2939,121,3,3,http://localhost:8081/users,0,0,0
1763944654196,1,DELETE,200,OK,TESTES 1-49,text,true,,165,211,3,3,http://localhost:8081/users/257,1,0,0
1763944654174,41,POST,201,Created,TESTES 1-50,text,true,,341,376,2,2,http://localhost:8081/users,41,0,0
1763944654215,0,GET ID,200,OK,TESTES 1-50,text,true,,424,125,2,2,http://localhost:8081/users/258,0,0,0
1763944654216,0,PUT,200,OK,TESTES 1-50,text,true,,409,320,2,2,http://localhost:8081/users/258,0,0,0
1763944654216,0,GET,200,OK,TESTES 1-50,text,true,,2940,121,2,2,http://localhost:8081/users,0,0,0
1763944654216,1,DELETE,200,OK,TESTES 1-50,text,true,,165,211,2,2,http://localhost:8081/users/258,1,0,0
1763944654217,0,Healthcheck,200,OK,TESTES 1-50,text,true,,176,127,2,2,http://localhost:8081/healthcheck,0,0,0
1763944654190,40,POST,201,Created,TESTES 1-51,text,true,,341,376,2,2,http://localhost:8081/users,40,0,0
1763944654230,1,GET ID,200,OK,TESTES 1-51,text,true,,424,125,2,2,http://localhost:8081/users/259,1,0,0
1763944654231,0,PUT,200,OK,TESTES 1-51,text,true,,408,320,2,2,http://localhost:8081/users/259,0,0,0
1763944654231,1,GET,200,OK,TESTES 1-51,text,true,,2939,121,2,2,http://localhost:8081/users,1,0,0
1763944654232,0,DELETE,200,OK,TESTES 1-51,text,true,,165,211,2,2,http://localhost:8081/users/259,0,0,0
1763944654232,1,Healthcheck,200,OK,TESTES 1-51,text,true,,176,127,2,2,http://localhost:8081/healthcheck,1,0,0
1763944654217,39,POST,201,Created,TESTES 1-50,text,true,,341,376,2,2,http://localhost:8081/users,39,0,0
1763944654256,1,GET ID,200,OK,TESTES 1-50,text,true,,424,125,2,2,http://localhost:8081/users/260,1,0,0
1763944654257,1,PUT,200,OK,TESTES 1-50,text,true,,409,320,2,2,http://localhost:8081/users/260,1,0,0
1763944654258,0,GET,200,OK,TESTES 1-50,text,true,,2940,121,2,2,http://localhost:8081/users,0,0,0
1763944654258,1,DELETE,200,OK,TESTES 1-50,text,true,,165,211,2,2,http://localhost:8081/users/260,1,0,0
1763944654259,0,Healthcheck,200,OK,TESTES 1-50,text,true,,176,127,2,2,http://localhost:8081/healthcheck,0,0,0
1763944654233,39,POST,201,Created,TESTES 1-51,text,true,,341,376,2,2,http://localhost:8081/users,39,0,0
1763944654272,0,GET ID,200,OK,TESTES 1-51,text,true,,424,125,2,2,http://localhost:8081/users/261,0,0,0
1763944654272,1,PUT,200,OK,TESTES 1-51,text,true,,408,320,2,2,http://localhost:8081/users/261,1,0,0
1763944654273,0,GET,200,OK,TESTES 1-51,text,true,,2939,121,2,2,http://localhost:8081/users,0,0,0
1763944654273,0,DELETE,200,OK,TESTES 1-51,text,true,,165,211,2,2,http://localhost:8081/users/261,0,0,0
1763944654273,0,Healthcheck,200,OK,TESTES 1-51,text,true,,176,127,2,2,http://localhost:8081/healthcheck,0,0,0
1763944654289,2,Healthcheck,200,OK,TESTES 1-52,text,true,,176,127,3,3,http://localhost:8081/healthcheck,2,0,1
1763944654259,39,POST,201,Created,TESTES 1-50,text,true,,340,375,3,3,http://localhost:8081/users,39,0,0
1763944654298,0,GET ID,200,OK,TESTES 1-50,text,true,,423,125,3,3,http://localhost:8081/users/262,0,0,0
1763944654298,1,PUT,200,OK,TESTES 1-50,text,true,,409,320,3,3,http://localhost:8081/users/262,1,0,0
1763944654299,0,GET,200,OK,TESTES 1-50,text,true,,2940,121,3,3,http://localhost:8081/users,0,0,0
1763944654299,1,DELETE,200,OK,TESTES 1-50,text,true,,165,211,3,3,http://localhost:8081/users/262,1,0,0
1763944654273,40,POST,201,Created,TESTES 1-51,text,true,,341,376,2,2,http://localhost:8081/users,40,0,0
1763944654313,1,GET ID,200,OK,TESTES 1-51,text,true,,424,125,2,2,http://localhost:8081/users/263,1,0,0
1763944654314,0,PUT,200,OK,TESTES 1-51,text,true,,409,320,2,2,http://localhost:8081/users/263,0,0,0
1763944654314,0,GET,200,OK,TESTES 1-51,text,true,,2940,121,2,2,http://localhost:8081/users,0,0,0
1763944654314,1,DELETE,200,OK,TESTES 1-51,text,true,,165,211,2,2,http://localhost:8081/users/263,1,0,0
1763944654315,0,Healthcheck,200,OK,TESTES 1-51,text,true,,176,127,2,2,http://localhost:8081/healthcheck,0,0,0
1763944654291,40,POST,201,Created,TESTES 1-52,text,true,,341,376,2,2,http://localhost:8081/users,40,0,0
1763944654331,0,GET ID,200,OK,TESTES 1-52,text,true,,424,125,2,2,http://localhost:8081/users/264,0,0,0
1763944654332,0,PUT,200,OK,TESTES 1-52,text,true,,409,320,2,2,http://localhost:8081/users/264,0,0,0
1763944654332,1,GET,200,OK,TESTES 1-52,text,true,,2940,121,2,2,http://localhost:8081/users,1,0,0
1763944654333,0,DELETE,200,OK,TESTES 1-52,text,true,,165,211,2,2,http://localhost:8081/users/264,0,0,0
1763944654333,0,Healthcheck,200,OK,TESTES 1-52,text,true,,176,127,2,2,http://localhost:8081/healthcheck,0,0,0
1763944654315,40,POST,201,Created,TESTES 1-51,text,true,,341,376,2,2,http://localhost:8081/users,40,0,0
1763944654355,1,GET ID,200,OK,TESTES 1-51,text,true,,424,125,2,2,http://localhost:8081/users/265,1,0,0
1763944654356,1,PUT,200,OK,TESTES 1-51,text,true,,404,318,2,2,http://localhost:8081/users/265,1,0,0
1763944654357,0,GET,200,OK,TESTES 1-51,text,true,,2935,121,2,2,http://localhost:8081/users,0,0,0
1763944654357,1,DELETE,200,OK,TESTES 1-51,text,true,,165,211,2,2,http://localhost:8081/users/265,1,0,0
1763944654358,0,Healthcheck,200,OK,TESTES 1-51,text,true,,176,127,2,2,http://localhost:8081/healthcheck,0,0,0
1763944654333,39,POST,201,Created,TESTES 1-52,text,true,,340,375,2,2,http://localhost:8081/users,39,0,0
1763944654373,0,GET ID,200,OK,TESTES 1-52,text,true,,423,125,2,2,http://localhost:8081/users/266,0,0,0
1763944654373,1,PUT,200,OK,TESTES 1-52,text,true,,409,320,2,2,http://localhost:8081/users/266,1,0,0
1763944654374,0,GET,200,OK,TESTES 1-52,text,true,,2940,121,2,2,http://localhost:8081/users,0,0,0
1763944654374,0,DELETE,200,OK,TESTES 1-52,text,true,,165,211,2,2,http://localhost:8081/users/266,0,0,0
1763944654374,1,Healthcheck,200,OK,TESTES 1-52,text,true,,176,127,2,2,http://localhost:8081/healthcheck,1,0,0
1763944654390,1,Healthcheck,200,OK,TESTES 1-53,text,true,,176,127,3,3,http://localhost:8081/healthcheck,1,0,0
1763944654358,39,POST,201,Created,TESTES 1-51,text,true,,341,376,3,3,http://localhost:8081/users,39,0,0
1763944654397,0,GET ID,200,OK,TESTES 1-51,text,true,,424,125,3,3,http://localhost:8081/users/267,0,0,0
1763944654397,1,PUT,200,OK,TESTES 1-51,text,true,,409,320,3,3,http://localhost:8081/users/267,1,0,0
1763944654398,0,GET,200,OK,TESTES 1-51,text,true,,2940,121,3,3,http://localhost:8081/users,0,0,0
1763944654398,1,DELETE,200,OK,TESTES 1-51,text,true,,165,211,3,3,http://localhost:8081/users/267,1,0,0
1763944654375,38,POST,201,Created,TESTES 1-52,text,true,,341,376,2,2,http://localhost:8081/users,38,0,0
1763944654414,0,GET ID,200,OK,TESTES 1-52,text,true,,424,125,2,2,http://localhost:8081/users/268,0,0,0
1763944654414,1,PUT,200,OK,TESTES 1-52,text,true,,409,320,2,2,http://localhost:8081/users/268,1,0,0
1763944654415,0,GET,200,OK,TESTES 1-52,text,true,,2940,121,2,2,http://localhost:8081/users,0,0,0
1763944654415,0,DELETE,200,OK,TESTES 1-52,text,true,,165,211,2,2,http://localhost:8081/users/268,0,0,0
1763944654415,0,Healthcheck,200,OK,TESTES 1-52,text,true,,176,127,2,2,http://localhost:8081/healthcheck,0,0,0
1763944654391,40,POST,201,Created,TESTES 1-53,text,true,,341,376,2,2,http://localhost:8081/users,40,0,0
1763944654431,1,GET ID,200,OK,TESTES 1-53,text,true,,424,125,2,2,http://localhost:8081/users/269,1,0,0
1763944654432,0,PUT,200,OK,TESTES 1-53,text,true,,409,320,2,2,http://localhost:8081/users/269,0,0,0
1763944654432,0,GET,200,OK,TESTES 1-53,text,true,,2940,121,2,2,http://localhost:8081/users,0,0,0
1763944654432,1,DELETE,200,OK,TESTES 1-53,text,true,,165,211,2,2,http://localhost:8081/users/269,1,0,0
1763944654433,0,Healthcheck,200,OK,TESTES 1-53,text,true,,176,127,2,2,http://localhost:8081/healthcheck,0,0,0
1763944654415,39,POST,201,Created,TESTES 1-52,text,true,,341,376,2,2,http://localhost:8081/users,39,0,0
1763944654454,0,GET ID,200,OK,TESTES 1-52,text,true,,424,125,2,2,http://localhost:8081/users/270,0,0,0
1763944654454,1,PUT,200,OK,TESTES 1-52,text,true,,409,320,2,2,http://localhost:8081/users/270,1,0,0
1763944654455,0,GET,200,OK,TESTES 1-52,text,true,,2940,121,2,2,http://localhost:8081/users,0,0,0
1763944654455,1,DELETE,200,OK,TESTES 1-52,text,true,,165,211,2,2,http://localhost:8081/users/270,1,0,0
1763944654456,0,Healthcheck,200,OK,TESTES 1-52,text,true,,176,127,2,2,http://localhost:8081/healthcheck,0,0,0
1763944654433,40,POST,201,Created,TESTES 1-53,text,true,,341,376,2,2,http://localhost:8081/users,40,0,0
1763944654473,0,GET ID,200,OK,TESTES 1-53,text,true,,424,125,2,2,http://localhost:8081/users/271,0,0,0
1763944654473,0,PUT,200,OK,TESTES 1-53,text,true,,409,320,2,2,http://localhost:8081/users/271,0,0,0
1763944654473,0,GET,200,OK,TESTES 1-53,text,true,,2940,121,2,2,http://localhost:8081/users,0,0,0
1763944654473,1,DELETE,200,OK,TESTES 1-53,text,true,,165,211,2,2,http://localhost:8081/users/271,1,0,0
1763944654474,0,Healthcheck,200,OK,TESTES 1-53,text,true,,176,127,2,2,http://localhost:8081/healthcheck,0,0,0
1763944654489,0,Healthcheck,200,OK,TESTES 1-54,text,true,,176,127,3,3,http://localhost:8081/healthcheck,0,0,0
1763944654456,40,POST,201,Created,TESTES 1-52,text,true,,340,375,3,3,http://localhost:8081/users,40,0,0
1763944654496,0,GET ID,200,OK,TESTES 1-52,text,true,,423,125,3,3,http://localhost:8081/users/272,0,0,0
1763944654496,1,PUT,200,OK,TESTES 1-52,text,true,,409,320,3,3,http://localhost:8081/users/272,1,0,0
1763944654497,0,GET,200,OK,TESTES 1-52,text,true,,2940,121,3,3,http://localhost:8081/users,0,0,0
1763944654497,1,DELETE,200,OK,TESTES 1-52,text,true,,165,211,3,3,http://localhost:8081/users/272,1,0,0
1763944654474,40,POST,201,Created,TESTES 1-53,text,true,,341,375,2,2,http://localhost:8081/users,40,0,0
1763944654514,0,GET ID,200,OK,TESTES 1-53,text,true,,424,125,2,2,http://localhost:8081/users/273,0,0,0
1763944654514,1,PUT,200,OK,TESTES 1-53,text,true,,409,320,2,2,http://localhost:8081/users/273,1,0,0
1763944654515,0,GET,200,OK,TESTES 1-53,text,true,,2940,121,2,2,http://localhost:8081/users,0,0,0
1763944654515,1,DELETE,200,OK,TESTES 1-53,text,true,,165,211,2,2,http://localhost:8081/users/273,1,0,0
1763944654516,0,Healthcheck,200,OK,TESTES 1-53,text,true,,176,127,2,2,http://localhost:8081/healthcheck,0,0,0
1763944654489,40,POST,201,Created,TESTES 1-54,text,true,,341,376,2,2,http://localhost:8081/users,40,0,0
1763944654529,0,GET ID,200,OK,TESTES 1-54,text,true,,424,125,2,2,http://localhost:8081/users/274,0,0,0
1763944654529,1,PUT,200,OK,TESTES 1-54,text,true,,409,320,2,2,http://localhost:8081/users/274,1,0,0
1763944654530,0,GET,200,OK,TESTES 1-54,text,true,,2940,121,2,2,http://localhost:8081/users,0,0,0
1763944654530,1,DELETE,200,OK,TESTES 1-54,text,true,,165,211,2,2,http://localhost:8081/users/274,1,0,0
1763944654531,0,Healthcheck,200,OK,TESTES 1-54,text,true,,176,127,2,2,http://localhost:8081/healthcheck,0,0,0
1763944654516,40,POST,201,Created,TESTES 1-53,text,true,,341,376,2,2,http://localhost:8081/users,40,0,0
1763944654556,0,GET ID,200,OK,TESTES 1-53,text,true,,424,125,2,2,http://localhost:8081/users/275,0,0,0
1763944654556,1,PUT,200,OK,TESTES 1-53,text,true,,408,320,2,2,http://localhost:8081/users/275,1,0,0
1763944654557,0,GET,200,OK,TESTES 1-53,text,true,,2939,121,2,2,http://localhost:8081/users,0,0,0
1763944654557,0,DELETE,200,OK,TESTES 1-53,text,true,,165,211,2,2,http://localhost:8081/users/275,0,0,0
1763944654557,1,Healthcheck,200,OK,TESTES 1-53,text,true,,176,127,2,2,http://localhost:8081/healthcheck,1,0,0
1763944654531,39,POST,201,Created,TESTES 1-54,text,true,,341,376,2,2,http://localhost:8081/users,39,0,0
1763944654570,0,GET ID,200,OK,TESTES 1-54,text,true,,424,125,2,2,http://localhost:8081/users/276,0,0,0
1763944654571,0,PUT,200,OK,TESTES 1-54,text,true,,409,320,2,2,http://localhost:8081/users/276,0,0,0
1763944654571,1,GET,200,OK,TESTES 1-54,text,true,,2940,121,2,2,http://localhost:8081/users,1,0,0
1763944654572,0,DELETE,200,OK,TESTES 1-54,text,true,,165,211,2,2,http://localhost:8081/users/276,0,0,0
1763944654572,0,Healthcheck,200,OK,TESTES 1-54,text,true,,176,127,2,2,http://localhost:8081/healthcheck,0,0,0
1763944654588,5,Healthcheck,200,OK,TESTES 1-55,text,true,,176,127,3,3,http://localhost:8081/healthcheck,5,0,0
1763944654558,39,POST,201,Created,TESTES 1-53,text,true,,341,376,3,3,http://localhost:8081/users,39,0,0
1763944654597,1,GET ID,200,OK,TESTES 1-53,text,true,,424,125,3,3,http://localhost:8081/users/277,1,0,0
1763944654598,0,PUT,200,OK,TESTES 1-53,text,true,,408,319,3,3,http://localhost:8081/users/277,0,0,0
1763944654599,0,GET,200,OK,TESTES 1-53,text,true,,2939,121,3,3,http://localhost:8081/users,0,0,0
1763944654599,0,DELETE,200,OK,TESTES 1-53,text,true,,165,211,3,3,http://localhost:8081/users/277,0,0,0
1763944654572,39,POST,201,Created,TESTES 1-54,text,true,,341,376,2,2,http://localhost:8081/users,39,0,0
1763944654612,0,GET ID,200,OK,TESTES 1-54,text,true,,424,125,2,2,http://localhost:8081/users/278,0,0,0
1763944654612,0,PUT,200,OK,TESTES 1-54,text,true,,409,320,2,2,http://localhost:8081/users/278,0,0,0
1763944654612,0,GET,200,OK,TESTES 1-54,text,true,,2940,121,2,2,http://localhost:8081/users,0,0,0
1763944654612,1,DELETE,200,OK,TESTES 1-54,text,true,,165,211,2,2,http://localhost:8081/users/278,1,0,0
1763944654613,0,Healthcheck,200,OK,TESTES 1-54,text,true,,176,127,2,2,http://localhost:8081/healthcheck,0,0,0
1763944654593,40,POST,201,Created,TESTES 1-55,text,true,,341,376,2,2,http://localhost:8081/users,40,0,0
1763944654633,0,GET ID,200,OK,TESTES 1-55,text,true,,424,125,2,2,http://localhost:8081/users/279,0,0,0
1763944654633,1,PUT,200,OK,TESTES 1-55,text,true,,409,320,2,2,http://localhost:8081/users/279,1,0,0
1763944654634,0,GET,200,OK,TESTES 1-55,text,true,,2940,121,2,2,http://localhost:8081/users,0,0,0
1763944654635,0,DELETE,200,OK,TESTES 1-55,text,true,,165,211,2,2,http://localhost:8081/users/279,0,0,0
1763944654635,0,Healthcheck,200,OK,TESTES 1-55,text,true,,176,127,2,2,http://localhost:8081/healthcheck,0,0,0
1763944654613,40,POST,201,Created,TESTES 1-54,text,true,,341,376,2,2,http://localhost:8081/users,40,0,0
1763944654653,0,GET ID,200,OK,TESTES 1-54,text,true,,422,125,2,2,http://localhost:8081/users/280,0,0,0
1763944654653,1,PUT,200,OK,TESTES 1-54,text,true,,408,320,2,2,http://localhost:8081/users/280,1,0,0
1763944654654,0,GET,200,OK,TESTES 1-54,text,true,,2939,121,2,2,http://localhost:8081/users,0,0,0
1763944654654,1,DELETE,200,OK,TESTES 1-54,text,true,,165,211,2,2,http://localhost:8081/users/280,1,0,0
1763944654655,0,Healthcheck,200,OK,TESTES 1-54,text,true,,176,127,2,2,http://localhost:8081/healthcheck,0,0,0
1763944654636,39,POST,201,Created,TESTES 1-55,text,true,,340,375,2,2,http://localhost:8081/users,39,0,0
1763944654675,0,GET ID,200,OK,TESTES 1-55,text,true,,423,125,2,2,http://localhost:8081/users/281,0,0,0
1763944654676,1,PUT,200,OK,TESTES 1-55,text,true,,407,320,2,2,http://localhost:8081/users/281,1,0,0
1763944654677,0,GET,200,OK,TESTES 1-55,text,true,,2938,121,2,2,http://localhost:8081/users,0,0,0
1763944654677,1,DELETE,200,OK,TESTES 1-55,text,true,,165,211,2,2,http://localhost:8081/users/281,1,0,0
1763944654678,0,Healthcheck,200,OK,TESTES 1-55,text,true,,176,127,2,2,http://localhost:8081/healthcheck,0,0,0
1763944654689,1,Healthcheck,200,OK,TESTES 1-56,text,true,,176,127,3,3,http://localhost:8081/healthcheck,1,0,0
1763944654655,40,POST,201,Created,TESTES 1-54,text,true,,341,376,3,3,http://localhost:8081/users,40,0,0
1763944654695,0,GET ID,200,OK,TESTES 1-54,text,true,,424,125,3,3,http://localhost:8081/users/282,0,0,0
1763944654695,1,PUT,200,OK,TESTES 1-54,text,true,,409,320,3,3,http://localhost:8081/users/282,1,0,0
1763944654696,0,GET,200,OK,TESTES 1-54,text,true,,2940,121,3,3,http://localhost:8081/users,0,0,0
1763944654696,1,DELETE,200,OK,TESTES 1-54,text,true,,165,211,3,3,http://localhost:8081/users/282,1,0,0
1763944654678,41,POST,201,Created,TESTES 1-55,text,true,,341,376,2,2,http://localhost:8081/users,41,0,0
1763944654719,1,GET ID,200,OK,TESTES 1-55,text,true,,424,125,2,2,http://localhost:8081/users/283,1,0,0
1763944654720,0,PUT,200,OK,TESTES 1-55,text,true,,408,320,2,2,http://localhost:8081/users/283,0,0,0
1763944654720,0,GET,200,OK,TESTES 1-55,text,true,,2939,121,2,2,http://localhost:8081/users,0,0,0
1763944654720,1,DELETE,200,OK,TESTES 1-55,text,true,,165,211,2,2,http://localhost:8081/users/283,1,0,0
1763944654721,0,Healthcheck,200,OK,TESTES 1-55,text,true,,176,127,2,2,http://localhost:8081/healthcheck,0,0,0
1763944654690,39,POST,201,Created,TESTES 1-56,text,true,,340,375,2,2,http://localhost:8081/users,39,0,0
1763944654729,1,GET ID,200,OK,TESTES 1-56,text,true,,421,125,2,2,http://localhost:8081/users/284,1,0,0
1763944654730,0,PUT,200,OK,TESTES 1-56,text,true,,407,320,2,2,http://localhost:8081/users/284,0,0,0
1763944654730,0,GET,200,OK,TESTES 1-56,text,true,,2938,121,2,2,http://localhost:8081/users,0,0,0
1763944654730,1,DELETE,200,OK,TESTES 1-56,text,true,,165,211,2,2,http://localhost:8081/users/284,1,0,0
1763944654731,0,Healthcheck,200,OK,TESTES 1-56,text,true,,176,127,2,2,http://localhost:8081/healthcheck,0,0,0
1763944654721,40,POST,201,Created,TESTES 1-55,text,true,,341,376,2,2,http://localhost:8081/users,40,0,0
1763944654761,0,GET ID,200,OK,TESTES 1-55,text,true,,424,125,2,2,http://localhost:8081/users/285,0,0,0
1763944654761,1,PUT,200,OK,TESTES 1-55,text,true,,409,320,2,2,http://localhost:8081/users/285,1,0,0
1763944654762,0,GET,200,OK,TESTES 1-55,text,true,,2940,121,2,2,http://localhost:8081/users,0,0,0
1763944654762,1,DELETE,200,OK,TESTES 1-55,text,true,,165,211,2,2,http://localhost:8081/users/285,1,0,0
1763944654763,0,Healthcheck,200,OK,TESTES 1-55,text,true,,176,127,2,2,http://localhost:8081/healthcheck,0,0,0
1763944654731,39,POST,201,Created,TESTES 1-56,text,true,,341,376,2,2,http://localhost:8081/users,39,0,0
1763944654770,1,GET ID,200,OK,TESTES 1-56,text,true,,424,125,2,2,http://localhost:8081/users/286,1,0,0
1763944654771,0,PUT,200,OK,TESTES 1-56,text,true,,409,320,2,2,http://localhost:8081/users/286,0,0,0
1763944654771,0,GET,200,OK,TESTES 1-56,text,true,,2940,121,2,2,http://localhost:8081/users,0,0,0
1763944654771,1,DELETE,200,OK,TESTES 1-56,text,true,,165,211,2,2,http://localhost:8081/users/286,1,0,0
1763944654772,0,Healthcheck,200,OK,TESTES 1-56,text,true,,176,127,2,2,http://localhost:8081/healthcheck,0,0,0
1763944654790,0,Healthcheck,200,OK,TESTES 1-57,text,true,,176,127,3,3,http://localhost:8081/healthcheck,0,0,0
1763944654763,40,POST,201,Created,TESTES 1-55,text,true,,341,375,3,3,http://localhost:8081/users,40,0,0
1763944654803,0,GET ID,200,OK,TESTES 1-55,text,true,,424,125,3,3,http://localhost:8081/users/287,0,0,0
1763944654803,1,PUT,200,OK,TESTES 1-55,text,true,,409,320,3,3,http://localhost:8081/users/287,1,0,0
1763944654804,0,GET,200,OK,TESTES 1-55,text,true,,2940,121,3,3,http://localhost:8081/users,0,0,0
1763944654804,1,DELETE,200,OK,TESTES 1-55,text,true,,165,211,3,3,http://localhost:8081/users/287,1,0,0
1763944654772,39,POST,201,Created,TESTES 1-56,text,true,,341,376,2,2,http://localhost:8081/users,39,0,0
1763944654811,0,GET ID,200,OK,TESTES 1-56,text,true,,424,125,2,2,http://localhost:8081/users/288,0,0,0
1763944654812,0,PUT,200,OK,TESTES 1-56,text,true,,408,319,2,2,http://localhost:8081/users/288,0,0,0
1763944654812,0,GET,200,OK,TESTES 1-56,text,true,,2939,121,2,2,http://localhost:8081/users,0,0,0
1763944654812,1,DELETE,200,OK,TESTES 1-56,text,true,,165,211,2,2,http://localhost:8081/users/288,1,0,0
1763944654813,0,Healthcheck,200,OK,TESTES 1-56,text,true,,176,127,2,2,http://localhost:8081/healthcheck,0,0,0
1763944654790,40,POST,201,Created,TESTES 1-57,text,true,,341,376,2,2,http://localhost:8081/users,40,0,0
1763944654830,0,GET ID,200,OK,TESTES 1-57,text,true,,424,125,2,2,http://localhost:8081/users/289,0,0,0
1763944654830,1,PUT,200,OK,TESTES 1-57,text,true,,409,320,2,2,http://localhost:8081/users/289,1,0,0
1763944654831,0,GET,200,OK,TESTES 1-57,text,true,,2940,121,2,2,http://localhost:8081/users,0,0,0
1763944654831,1,DELETE,200,OK,TESTES 1-57,text,true,,165,211,2,2,http://localhost:8081/users/289,1,0,0
1763944654832,0,Healthcheck,200,OK,TESTES 1-57,text,true,,176,127,2,2,http://localhost:8081/healthcheck,0,0,0
1763944654813,39,POST,201,Created,TESTES 1-56,text,true,,340,375,2,2,http://localhost:8081/users,39,0,0
1763944654853,0,GET ID,200,OK,TESTES 1-56,text,true,,423,125,2,2,http://localhost:8081/users/290,0,0,0
1763944654853,1,PUT,200,OK,TESTES 1-56,text,true,,409,320,2,2,http://localhost:8081/users/290,1,0,0
1763944654854,1,GET,200,OK,TESTES 1-56,text,true,,2940,121,2,2,http://localhost:8081/users,1,0,0
1763944654855,1,DELETE,200,OK,TESTES 1-56,text,true,,165,211,2,2,http://localhost:8081/users/290,1,0,0
1763944654856,0,Healthcheck,200,OK,TESTES 1-56,text,true,,176,127,2,2,http://localhost:8081/healthcheck,0,0,0
1763944654832,40,POST,201,Created,TESTES 1-57,text,true,,341,376,2,2,http://localhost:8081/users,40,0,0
1763944654872,0,GET ID,200,OK,TESTES 1-57,text,true,,424,125,2,2,http://localhost:8081/users/291,0,0,0
1763944654873,1,PUT,200,OK,TESTES 1-57,text,true,,409,320,2,2,http://localhost:8081/users/291,1,0,0
1763944654874,0,GET,200,OK,TESTES 1-57,text,true,,2940,121,2,2,http://localhost:8081/users,0,0,0
1763944654874,1,DELETE,200,OK,TESTES 1-57,text,true,,165,211,2,2,http://localhost:8081/users/291,1,0,0
1763944654875,0,Healthcheck,200,OK,TESTES 1-57,text,true,,176,127,2,2,http://localhost:8081/healthcheck,0,0,0
1763944654888,0,Healthcheck,200,OK,TESTES 1-58,text,true,,176,127,3,3,http://localhost:8081/healthcheck,0,0,0
1763944654856,40,POST,201,Created,TESTES 1-56,text,true,,341,376,3,3,http://localhost:8081/users,40,0,0
1763944654896,0,GET ID,200,OK,TESTES 1-56,text,true,,424,125,3,3,http://localhost:8081/users/292,0,0,0
1763944654896,1,PUT,200,OK,TESTES 1-56,text,true,,409,320,3,3,http://localhost:8081/users/292,1,0,0
1763944654897,0,GET,200,OK,TESTES 1-56,text,true,,2940,121,3,3,http://localhost:8081/users,0,0,0
1763944654897,1,DELETE,200,OK,TESTES 1-56,text,true,,165,211,3,3,http://localhost:8081/users/292,1,0,0
1763944654875,41,POST,201,Created,TESTES 1-57,text,true,,341,375,2,2,http://localhost:8081/users,41,0,0
1763944654916,1,GET ID,200,OK,TESTES 1-57,text,true,,424,125,2,2,http://localhost:8081/users/293,1,0,0
1763944654917,0,PUT,200,OK,TESTES 1-57,text,true,,409,320,2,2,http://localhost:8081/users/293,0,0,0
1763944654917,1,GET,200,OK,TESTES 1-57,text,true,,2940,121,2,2,http://localhost:8081/users,1,0,0
1763944654918,0,DELETE,200,OK,TESTES 1-57,text,true,,165,211,2,2,http://localhost:8081/users/293,0,0,0
1763944654918,0,Healthcheck,200,OK,TESTES 1-57,text,true,,176,127,2,2,http://localhost:8081/healthcheck,0,0,0
1763944654888,41,POST,201,Created,TESTES 1-58,text,true,,340,375,2,2,http://localhost:8081/users,41,0,0
1763944654929,0,GET ID,200,OK,TESTES 1-58,text,true,,423,125,2,2,http://localhost:8081/users/294,0,0,0
1763944654929,1,PUT,200,OK,TESTES 1-58,text,true,,409,320,2,2,http://localhost:8081/users/294,1,0,0
1763944654930,0,GET,200,OK,TESTES 1-58,text,true,,2940,121,2,2,http://localhost:8081/users,0,0,0
1763944654930,0,DELETE,200,OK,TESTES 1-58,text,true,,165,211,2,2,http://localhost:8081/users/294,0,0,0
1763944654930,1,Healthcheck,200,OK,TESTES 1-58,text,true,,176,127,2,2,http://localhost:8081/healthcheck,1,0,0
1763944654918,40,POST,201,Created,TESTES 1-57,text,true,,341,376,2,2,http://localhost:8081/users,40,0,0
1763944654958,1,GET ID,200,OK,TESTES 1-57,text,true,,424,125,2,2,http://localhost:8081/users/295,1,0,0
1763944654959,1,PUT,200,OK,TESTES 1-57,text,true,,409,320,2,2,http://localhost:8081/users/295,1,0,0
1763944654960,1,GET,200,OK,TESTES 1-57,text,true,,2940,121,2,2,http://localhost:8081/users,1,0,0
1763944654961,0,DELETE,200,OK,TESTES 1-57,text,true,,165,211,2,2,http://localhost:8081/users/295,0,0,0
1763944654961,1,Healthcheck,200,OK,TESTES 1-57,text,true,,176,127,2,2,http://localhost:8081/healthcheck,1,0,0
1763944654931,41,POST,201,Created,TESTES 1-58,text,true,,341,376,2,2,http://localhost:8081/users,41,0,0
1763944654972,0,GET ID,200,OK,TESTES 1-58,text,true,,424,125,2,2,http://localhost:8081/users/296,0,0,0
1763944654972,1,PUT,200,OK,TESTES 1-58,text,true,,409,320,2,2,http://localhost:8081/users/296,1,0,0
1763944654973,0,GET,200,OK,TESTES 1-58,text,true,,2940,121,2,2,http://localhost:8081/users,0,0,0
1763944654973,0,DELETE,200,OK,TESTES 1-58,text,true,,165,211,2,2,http://localhost:8081/users/296,0,0,0
1763944654973,1,Healthcheck,200,OK,TESTES 1-58,text,true,,176,127,2,2,http://localhost:8081/healthcheck,1,0,0
1763944654989,1,Healthcheck,200,OK,TESTES 1-59,text,true,,176,127,3,3,http://localhost:8081/healthcheck,1,0,0
1763944654962,39,POST,201,Created,TESTES 1-57,text,true,,340,375,3,3,http://localhost:8081/users,39,0,0
1763944655001,0,GET ID,200,OK,TESTES 1-57,text,true,,423,125,3,3,http://localhost:8081/users/297,0,0,0
1763944655001,1,PUT,200,OK,TESTES 1-57,text,true,,409,320,3,3,http://localhost:8081/users/297,1,0,0
1763944655002,0,GET,200,OK,TESTES 1-57,text,true,,2940,121,3,3,http://localhost:8081/users,0,0,0
1763944655002,1,DELETE,200,OK,TESTES 1-57,text,true,,165,211,3,3,http://localhost:8081/users/297,1,0,0
1763944654974,40,POST,201,Created,TESTES 1-58,text,true,,341,376,2,2,http://localhost:8081/users,40,0,0
1763944655014,1,GET ID,200,OK,TESTES 1-58,text,true,,424,125,2,2,http://localhost:8081/users/298,1,0,0
1763944655015,1,PUT,200,OK,TESTES 1-58,text,true,,409,320,2,2,http://localhost:8081/users/298,1,0,0
1763944655016,0,GET,200,OK,TESTES 1-58,text,true,,2940,121,2,2,http://localhost:8081/users,0,0,0
1763944655016,1,DELETE,200,OK,TESTES 1-58,text,true,,165,211,2,2,http://localhost:8081/users/298,1,0,0
1763944655017,0,Healthcheck,200,OK,TESTES 1-58,text,true,,176,127,2,2,http://localhost:8081/healthcheck,0,0,0
1763944654990,39,POST,201,Created,TESTES 1-59,text,true,,341,376,2,2,http://localhost:8081/users,39,0,0
1763944655030,0,GET ID,200,OK,TESTES 1-59,text,true,,424,125,2,2,http://localhost:8081/users/299,0,0,0
1763944655030,1,PUT,200,OK,TESTES 1-59,text,true,,409,320,2,2,http://localhost:8081/users/299,1,0,0
1763944655031,0,GET,200,OK,TESTES 1-59,text,true,,2940,121,2,2,http://localhost:8081/users,0,0,0
1763944655031,1,DELETE,200,OK,TESTES 1-59,text,true,,165,211,2,2,http://localhost:8081/users/299,1,0,0
1763944655032,0,Healthcheck,200,OK,TESTES 1-59,text,true,,176,127,2,2,http://localhost:8081/healthcheck,0,0,0
1763944655017,40,POST,201,Created,TESTES 1-58,text,true,,341,376,2,2,http://localhost:8081/users,40,0,0
1763944655057,1,GET ID,200,OK,TESTES 1-58,text,true,,424,125,2,2,http://localhost:8081/users/300,1,0,0
1763944655058,1,PUT,200,OK,TESTES 1-58,text,true,,409,320,2,2,http://localhost:8081/users/300,1,0,0
1763944655059,0,GET,200,OK,TESTES 1-58,text,true,,2940,121,2,2,http://localhost:8081/users,0,0,0
1763944655059,1,DELETE,200,OK,TESTES 1-58,text,true,,165,211,2,2,http://localhost:8081/users/300,1,0,0
1763944655060,0,Healthcheck,200,OK,TESTES 1-58,text,true,,176,127,2,2,http://localhost:8081/healthcheck,0,0,0
1763944655032,39,POST,201,Created,TESTES 1-59,text,true,,341,376,2,2,http://localhost:8081/users,39,0,0
1763944655072,0,GET ID,200,OK,TESTES 1-59,text,true,,424,125,2,2,http://localhost:8081/users/301,0,0,0
1763944655072,1,PUT,200,OK,TESTES 1-59,text,true,,409,320,2,2,http://localhost:8081/users/301,1,0,0
1763944655073,0,GET,200,OK,TESTES 1-59,text,true,,2940,121,2,2,http://localhost:8081/users,0,0,0
1763944655073,0,DELETE,200,OK,TESTES 1-59,text,true,,165,211,2,2,http://localhost:8081/users/301,0,0,0
1763944655073,0,Healthcheck,200,OK,TESTES 1-59,text,true,,176,127,2,2,http://localhost:8081/healthcheck,0,0,0
1763944655089,1,Healthcheck,200,OK,TESTES 1-60,text,true,,176,127,3,3,http://localhost:8081/healthcheck,1,0,1
1763944655060,40,POST,201,Created,TESTES 1-58,text,true,,341,376,3,3,http://localhost:8081/users,40,0,0
1763944655100,0,GET ID,200,OK,TESTES 1-58,text,true,,424,125,3,3,http://localhost:8081/users/302,0,0,0
1763944655100,1,PUT,200,OK,TESTES 1-58,text,true,,409,320,3,3,http://localhost:8081/users/302,1,0,0
1763944655101,0,GET,200,OK,TESTES 1-58,text,true,,2940,121,3,3,http://localhost:8081/users,0,0,0
1763944655101,1,DELETE,200,OK,TESTES 1-58,text,true,,165,211,3,3,http://localhost:8081/users/302,1,0,0
1763944655073,40,POST,201,Created,TESTES 1-59,text,true,,341,376,2,2,http://localhost:8081/users,40,0,0
1763944655113,1,GET ID,200,OK,TESTES 1-59,text,true,,424,125,2,2,http://localhost:8081/users/303,1,0,0
1763944655114,0,PUT,200,OK,TESTES 1-59,text,true,,409,320,2,2,http://localhost:8081/users/303,0,0,0
1763944655114,1,GET,200,OK,TESTES 1-59,text,true,,2940,121,2,2,http://localhost:8081/users,1,0,0
1763944655115,0,DELETE,200,OK,TESTES 1-59,text,true,,165,211,2,2,http://localhost:8081/users/303,0,0,0
1763944655115,0,Healthcheck,200,OK,TESTES 1-59,text,true,,176,127,2,2,http://localhost:8081/healthcheck,0,0,0
1763944655090,40,POST,201,Created,TESTES 1-60,text,true,,341,376,2,2,http://localhost:8081/users,40,0,0
1763944655130,0,GET ID,200,OK,TESTES 1-60,text,true,,424,125,2,2,http://localhost:8081/users/304,0,0,0
1763944655130,1,PUT,200,OK,TESTES 1-60,text,true,,408,319,2,2,http://localhost:8081/users/304,1,0,0
1763944655131,0,GET,200,OK,TESTES 1-60,text,true,,2939,121,2,2,http://localhost:8081/users,0,0,0
1763944655131,1,DELETE,200,OK,TESTES 1-60,text,true,,165,211,2,2,http://localhost:8081/users/304,1,0,0
1763944655132,0,Healthcheck,200,OK,TESTES 1-60,text,true,,176,127,2,2,http://localhost:8081/healthcheck,0,0,0
1763944655115,40,POST,201,Created,TESTES 1-59,text,true,,341,376,2,2,http://localhost:8081/users,40,0,0
1763944655155,0,GET ID,200,OK,TESTES 1-59,text,true,,424,125,2,2,http://localhost:8081/users/305,0,0,0
1763944655155,1,PUT,200,OK,TESTES 1-59,text,true,,408,319,2,2,http://localhost:8081/users/305,1,0,0
1763944655156,0,GET,200,OK,TESTES 1-59,text,true,,2939,121,2,2,http://localhost:8081/users,0,0,0
1763944655156,1,DELETE,200,OK,TESTES 1-59,text,true,,165,211,2,2,http://localhost:8081/users/305,1,0,0
1763944655157,0,Healthcheck,200,OK,TESTES 1-59,text,true,,176,127,2,2,http://localhost:8081/healthcheck,0,0,0
1763944655132,39,POST,201,Created,TESTES 1-60,text,true,,341,376,2,2,http://localhost:8081/users,39,0,0
1763944655172,0,GET ID,200,OK,TESTES 1-60,text,true,,424,125,2,2,http://localhost:8081/users/306,0,0,0
1763944655172,1,PUT,200,OK,TESTES 1-60,text,true,,409,320,2,2,http://localhost:8081/users/306,1,0,0
1763944655173,0,GET,200,OK,TESTES 1-60,text,true,,2940,121,2,2,http://localhost:8081/users,0,0,0
1763944655173,0,DELETE,200,OK,TESTES 1-60,text,true,,165,211,2,2,http://localhost:8081/users/306,0,0,0
1763944655173,0,Healthcheck,200,OK,TESTES 1-60,text,true,,176,127,2,2,http://localhost:8081/healthcheck,0,0,0
1763944655189,0,Healthcheck,200,OK,TESTES 1-61,text,true,,176,127,3,3,http://localhost:8081/healthcheck,0,0,0
1763944655157,39,POST,201,Created,TESTES 1-59,text,true,,341,376,3,3,http://localhost:8081/users,39,0,0
1763944655196,0,GET ID,200,OK,TESTES 1-59,text,true,,424,125,3,3,http://localhost:8081/users/307,0,0,0
1763944655196,1,PUT,200,OK,TESTES 1-59,text,true,,409,320,3,3,http://localhost:8081/users/307,1,0,0
1763944655197,0,GET,200,OK,TESTES 1-59,text,true,,2940,121,3,3,http://localhost:8081/users,0,0,0
1763944655197,1,DELETE,200,OK,TESTES 1-59,text,true,,165,211,3,3,http://localhost:8081/users/307,1,0,0
1763944655173,42,POST,201,Created,TESTES 1-60,text,true,,341,376,2,2,http://localhost:8081/users,42,0,0
1763944655215,0,GET ID,200,OK,TESTES 1-60,text,true,,424,125,2,2,http://localhost:8081/users/308,0,0,0
1763944655215,1,PUT,200,OK,TESTES 1-60,text,true,,407,319,2,2,http://localhost:8081/users/308,1,0,0
1763944655216,0,GET,200,OK,TESTES 1-60,text,true,,2938,121,2,2,http://localhost:8081/users,0,0,0
1763944655216,1,DELETE,200,OK,TESTES 1-60,text,true,,165,211,2,2,http://localhost:8081/users/308,1,0,0
1763944655217,0,Healthcheck,200,OK,TESTES 1-60,text,true,,176,127,2,2,http://localhost:8081/healthcheck,0,0,0
1763944655189,40,POST,201,Created,TESTES 1-61,text,true,,340,375,2,2,http://localhost:8081/users,40,0,0
1763944655229,0,GET ID,200,OK,TESTES 1-61,text,true,,423,125,2,2,http://localhost:8081/users/309,0,0,0
1763944655229,1,PUT,200,OK,TESTES 1-61,text,true,,409,320,2,2,http://localhost:8081/users/309,1,0,0
1763944655230,0,GET,200,OK,TESTES 1-61,text,true,,2940,121,2,2,http://localhost:8081/users,0,0,0
1763944655230,0,DELETE,200,OK,TESTES 1-61,text,true,,165,211,2,2,http://localhost:8081/users/309,0,0,0
1763944655230,0,Healthcheck,200,OK,TESTES 1-61,text,true,,176,127,2,2,http://localhost:8081/healthcheck,0,0,0
1763944655217,39,POST,201,Created,TESTES 1-60,text,true,,341,376,2,2,http://localhost:8081/users,39,0,0
1763944655256,0,GET ID,200,OK,TESTES 1-60,text,true,,424,125,2,2,http://localhost:8081/users/310,0,0,0
1763944655256,0,PUT,200,OK,TESTES 1-60,text,true,,407,318,2,2,http://localhost:8081/users/310,0,0,0
1763944655256,1,GET,200,OK,TESTES 1-60,text,true,,2938,121,2,2,http://localhost:8081/users,1,0,0
1763944655257,0,DELETE,200,OK,TESTES 1-60,text,true,,165,211,2,2,http://localhost:8081/users/310,0,0,0
1763944655257,0,Healthcheck,200,OK,TESTES 1-60,text,true,,176,127,2,2,http://localhost:8081/healthcheck,0,0,0
1763944655230,40,POST,201,Created,TESTES 1-61,text,true,,341,376,2,2,http://localhost:8081/users,40,0,0
1763944655270,0,GET ID,200,OK,TESTES 1-61,text,true,,422,125,2,2,http://localhost:8081/users/311,0,0,0
1763944655270,1,PUT,200,OK,TESTES 1-61,text,true,,408,320,2,2,http://localhost:8081/users/311,1,0,0
1763944655271,1,GET,200,OK,TESTES 1-61,text,true,,2939,121,2,2,http://localhost:8081/users,1,0,0
1763944655272,0,DELETE,200,OK,TESTES 1-61,text,true,,165,211,2,2,http://localhost:8081/users/311,0,0,0
1763944655272,1,Healthcheck,200,OK,TESTES 1-61,text,true,,176,127,2,2,http://localhost:8081/healthcheck,1,0,0
1763944655289,1,Healthcheck,200,OK,TESTES 1-62,text,true,,176,127,3,3,http://localhost:8081/healthcheck,1,0,0
1763944655257,40,POST,201,Created,TESTES 1-60,text,true,,341,376,3,3,http://localhost:8081/users,40,0,0
1763944655297,0,GET ID,200,OK,TESTES 1-60,text,true,,424,125,3,3,http://localhost:8081/users/312,0,0,0
1763944655297,1,PUT,200,OK,TESTES 1-60,text,true,,409,320,3,3,http://localhost:8081/users/312,1,0,0
1763944655298,0,GET,200,OK,TESTES 1-60,text,true,,2940,121,3,3,http://localhost:8081/users,0,0,0
1763944655298,1,DELETE,200,OK,TESTES 1-60,text,true,,165,211,3,3,http://localhost:8081/users/312,1,0,0
1763944655273,40,POST,201,Created,TESTES 1-61,text,true,,341,376,2,2,http://localhost:8081/users,40,0,0
1763944655313,0,GET ID,200,OK,TESTES 1-61,text,true,,420,125,2,2,http://localhost:8081/users/313,0,0,0
1763944655313,0,PUT,200,OK,TESTES 1-61,text,true,,407,320,2,2,http://localhost:8081/users/313,0,0,0
1763944655314,0,GET,200,OK,TESTES 1-61,text,true,,2938,121,2,2,http://localhost:8081/users,0,0,0
1763944655314,0,DELETE,200,OK,TESTES 1-61,text,true,,165,211,2,2,http://localhost:8081/users/313,0,0,0
1763944655314,0,Healthcheck,200,OK,TESTES 1-61,text,true,,176,127,2,2,http://localhost:8081/healthcheck,0,0,0
1763944655290,40,POST,201,Created,TESTES 1-62,text,true,,341,376,2,2,http://localhost:8081/users,40,0,0
1763944655330,1,GET ID,200,OK,TESTES 1-62,text,true,,424,125,2,2,http://localhost:8081/users/314,1,0,0
1763944655331,0,PUT,200,OK,TESTES 1-62,text,true,,408,319,2,2,http://localhost:8081/users/314,0,0,0
1763944655331,0,GET,200,OK,TESTES 1-62,text,true,,2939,121,2,2,http://localhost:8081/users,0,0,0
1763944655331,1,DELETE,200,OK,TESTES 1-62,text,true,,165,211,2,2,http://localhost:8081/users/314,1,0,0
1763944655332,0,Healthcheck,200,OK,TESTES 1-62,text,true,,176,127,2,2,http://localhost:8081/healthcheck,0,0,0
1763944655314,40,POST,201,Created,TESTES 1-61,text,true,,341,376,2,2,http://localhost:8081/users,39,0,0
1763944655354,0,GET ID,200,OK,TESTES 1-61,text,true,,424,125,2,2,http://localhost:8081/users/315,0,0,0
1763944655354,1,PUT,200,OK,TESTES 1-61,text,true,,409,320,2,2,http://localhost:8081/users/315,1,0,0
1763944655355,0,GET,200,OK,TESTES 1-61,text,true,,2940,121,2,2,http://localhost:8081/users,0,0,0
1763944655355,1,DELETE,200,OK,TESTES 1-61,text,true,,165,211,2,2,http://localhost:8081/users/315,1,0,0
1763944655356,0,Healthcheck,200,OK,TESTES 1-61,text,true,,176,127,2,2,http://localhost:8081/healthcheck,0,0,0
1763944655332,39,POST,201,Created,TESTES 1-62,text,true,,341,376,2,2,http://localhost:8081/users,39,0,0
1763944655371,0,GET ID,200,OK,TESTES 1-62,text,true,,424,125,2,2,http://localhost:8081/users/316,0,0,0
1763944655371,1,PUT,200,OK,TESTES 1-62,text,true,,409,320,2,2,http://localhost:8081/users/316,1,0,0
1763944655372,0,GET,200,OK,TESTES 1-62,text,true,,2940,121,2,2,http://localhost:8081/users,0,0,0
1763944655372,1,DELETE,200,OK,TESTES 1-62,text,true,,165,211,2,2,http://localhost:8081/users/316,1,0,0
1763944655373,0,Healthcheck,200,OK,TESTES 1-62,text,true,,176,127,2,2,http://localhost:8081/healthcheck,0,0,0
1763944655389,1,Healthcheck,200,OK,TESTES 1-63,text,true,,176,127,3,3,http://localhost:8081/healthcheck,1,0,1
1763944655356,39,POST,201,Created,TESTES 1-61,text,true,,341,376,3,3,http://localhost:8081/users,39,0,0
1763944655395,0,GET ID,200,OK,TESTES 1-61,text,true,,424,125,3,3,http://localhost:8081/users/317,0,0,0
1763944655395,1,PUT,200,OK,TESTES 1-61,text,true,,409,320,3,3,http://localhost:8081/users/317,1,0,0
1763944655396,0,GET,200,OK,TESTES 1-61,text,true,,2940,121,3,3,http://localhost:8081/users,0,0,0
1763944655396,1,DELETE,200,OK,TESTES 1-61,text,true,,165,211,3,3,http://localhost:8081/users/317,1,0,0
1763944655373,39,POST,201,Created,TESTES 1-62,text,true,,341,375,2,2,http://localhost:8081/users,39,0,0
1763944655413,0,GET ID,200,OK,TESTES 1-62,text,true,,424,125,2,2,http://localhost:8081/users/318,0,0,0
1763944655413,0,PUT,200,OK,TESTES 1-62,text,true,,407,318,2,2,http://localhost:8081/users/318,0,0,0
1763944655413,1,GET,200,OK,TESTES 1-62,text,true,,2938,121,2,2,http://localhost:8081/users,0,0,0
1763944655414,0,DELETE,200,OK,TESTES 1-62,text,true,,165,211,2,2,http://localhost:8081/users/318,0,0,0
1763944655414,0,Healthcheck,200,OK,TESTES 1-62,text,true,,176,127,2,2,http://localhost:8081/healthcheck,0,0,0
1763944655390,40,POST,201,Created,TESTES 1-63,text,true,,341,376,2,2,http://localhost:8081/users,40,0,0
1763944655430,1,GET ID,200,OK,TESTES 1-63,text,true,,424,125,2,2,http://localhost:8081/users/319,1,0,0
1763944655431,0,PUT,200,OK,TESTES 1-63,text,true,,409,320,2,2,http://localhost:8081/users/319,0,0,0
1763944655431,1,GET,200,OK,TESTES 1-63,text,true,,2940,121,2,2,http://localhost:8081/users,1,0,0
1763944655432,0,DELETE,200,OK,TESTES 1-63,text,true,,165,211,2,2,http://localhost:8081/users/319,0,0,0
1763944655432,0,Healthcheck,200,OK,TESTES 1-63,text,true,,176,127,2,2,http://localhost:8081/healthcheck,0,0,0
1763944655414,39,POST,201,Created,TESTES 1-62,text,true,,340,375,2,2,http://localhost:8081/users,39,0,0
1763944655453,1,GET ID,200,OK,TESTES 1-62,text,true,,423,125,2,2,http://localhost:8081/users/320,1,0,0
1763944655454,1,PUT,200,OK,TESTES 1-62,text,true,,409,320,2,2,http://localhost:8081/users/320,1,0,0
1763944655455,0,GET,200,OK,TESTES 1-62,text,true,,2940,121,2,2,http://localhost:8081/users,0,0,0
1763944655455,1,DELETE,200,OK,TESTES 1-62,text,true,,165,211,2,2,http://localhost:8081/users/320,1,0,0
1763944655456,0,Healthcheck,200,OK,TESTES 1-62,text,true,,176,127,2,2,http://localhost:8081/healthcheck,0,0,0
1763944655432,40,POST,201,Created,TESTES 1-63,text,true,,341,376,2,2,http://localhost:8081/users,40,0,0
1763944655472,0,GET ID,200,OK,TESTES 1-63,text,true,,424,125,2,2,http://localhost:8081/users/321,0,0,0
1763944655472,1,PUT,200,OK,TESTES 1-63,text,true,,409,320,2,2,http://localhost:8081/users/321,1,0,0
1763944655473,1,GET,200,OK,TESTES 1-63,text,true,,2940,121,2,2,http://localhost:8081/users,1,0,0
1763944655474,0,DELETE,200,OK,TESTES 1-63,text,true,,165,211,2,2,http://localhost:8081/users/321,0,0,0
1763944655474,0,Healthcheck,200,OK,TESTES 1-63,text,true,,176,127,2,2,http://localhost:8081/healthcheck,0,0,0
1763944655490,0,Healthcheck,200,OK,TESTES 1-64,text,true,,176,127,3,3,http://localhost:8081/healthcheck,0,0,0
1763944655456,39,POST,201,Created,TESTES 1-62,text,true,,341,376,3,3,http://localhost:8081/users,39,0,0
1763944655495,1,GET ID,200,OK,TESTES 1-62,text,true,,424,125,3,3,http://localhost:8081/users/322,1,0,0
1763944655496,0,PUT,200,OK,TESTES 1-62,text,true,,409,320,3,3,http://localhost:8081/users/322,0,0,0
1763944655496,1,GET,200,OK,TESTES 1-62,text,true,,2940,121,3,3,http://localhost:8081/users,1,0,0
1763944655497,0,DELETE,200,OK,TESTES 1-62,text,true,,165,211,3,3,http://localhost:8081/users/322,0,0,0
1763944655474,40,POST,201,Created,TESTES 1-63,text,true,,341,376,2,2,http://localhost:8081/users,40,0,0
1763944655514,0,GET ID,200,OK,TESTES 1-63,text,true,,424,125,2,2,http://localhost:8081/users/323,0,0,0
1763944655514,1,PUT,200,OK,TESTES 1-63,text,true,,409,320,2,2,http://localhost:8081/users/323,1,0,0
1763944655515,0,GET,200,OK,TESTES 1-63,text,true,,2940,121,2,2,http://localhost:8081/users,0,0,0
1763944655515,1,DELETE,200,OK,TESTES 1-63,text,true,,165,211,2,2,http://localhost:8081/users/323,1,0,0
1763944655516,0,Healthcheck,200,OK,TESTES 1-63,text,true,,176,127,2,2,http://localhost:8081/healthcheck,0,0,0
1763944655490,41,POST,201,Created,TESTES 1-64,text,true,,341,376,2,2,http://localhost:8081/users,41,0,0
1763944655531,0,GET ID,200,OK,TESTES 1-64,text,true,,424,125,2,2,http://localhost:8081/users/324,0,0,0
1763944655531,1,PUT,200,OK,TESTES 1-64,text,true,,409,320,2,2,http://localhost:8081/users/324,1,0,0
1763944655532,0,GET,200,OK,TESTES 1-64,text,true,,2940,121,2,2,http://localhost:8081/users,0,0,0
1763944655532,1,DELETE,200,OK,TESTES 1-64,text,true,,165,211,2,2,http://localhost:8081/users/324,1,0,0
1763944655533,0,Healthcheck,200,OK,TESTES 1-64,text,true,,176,127,2,2,http://localhost:8081/healthcheck,0,0,0
1763944655516,41,POST,201,Created,TESTES 1-63,text,true,,341,376,2,2,http://localhost:8081/users,41,0,0
1763944655557,0,GET ID,200,OK,TESTES 1-63,text,true,,424,125,2,2,http://localhost:8081/users/325,0,0,0
1763944655557,1,PUT,200,OK,TESTES 1-63,text,true,,409,320,2,2,http://localhost:8081/users/325,1,0,0
1763944655558,0,GET,200,OK,TESTES 1-63,text,true,,2940,121,2,2,http://localhost:8081/users,0,0,0
1763944655558,1,DELETE,200,OK,TESTES 1-63,text,true,,165,211,2,2,http://localhost:8081/users/325,1,0,0
1763944655559,0,Healthcheck,200,OK,TESTES 1-63,text,true,,176,127,2,2,http://localhost:8081/healthcheck,0,0,0
1763944655533,40,POST,201,Created,TESTES 1-64,text,true,,341,376,2,2,http://localhost:8081/users,40,0,0
1763944655573,0,GET ID,200,OK,TESTES 1-64,text,true,,424,125,2,2,http://localhost:8081/users/326,0,0,0
1763944655573,1,PUT,200,OK,TESTES 1-64,text,true,,409,320,2,2,http://localhost:8081/users/326,1,0,0
1763944655574,0,GET,200,OK,TESTES 1-64,text,true,,2940,121,2,2,http://localhost:8081/users,0,0,0
1763944655574,1,DELETE,200,OK,TESTES 1-64,text,true,,165,211,2,2,http://localhost:8081/users/326,1,0,0
1763944655575,0,Healthcheck,200,OK,TESTES 1-64,text,true,,176,127,2,2,http://localhost:8081/healthcheck,0,0,0
1763944655589,0,Healthcheck,200,OK,TESTES 1-65,text,true,,176,127,3,3,http://localhost:8081/healthcheck,0,0,0
1763944655559,40,POST,201,Created,TESTES 1-63,text,true,,341,376,3,3,http://localhost:8081/users,40,0,0
1763944655599,0,GET ID,200,OK,TESTES 1-63,text,true,,424,125,3,3,http://localhost:8081/users/327,0,0,0
1763944655599,1,PUT,200,OK,TESTES 1-63,text,true,,409,320,3,3,http://localhost:8081/users/327,1,0,0
1763944655600,0,GET,200,OK,TESTES 1-63,text,true,,2940,121,3,3,http://localhost:8081/users,0,0,0
1763944655600,1,DELETE,200,OK,TESTES 1-63,text,true,,165,211,3,3,http://localhost:8081/users/327,1,0,0
1763944655575,39,POST,201,Created,TESTES 1-64,text,true,,341,376,2,2,http://localhost:8081/users,39,0,0
1763944655614,0,GET ID,200,OK,TESTES 1-64,text,true,,424,125,2,2,http://localhost:8081/users/328,0,0,0
1763944655614,1,PUT,200,OK,TESTES 1-64,text,true,,408,319,2,2,http://localhost:8081/users/328,1,0,0
1763944655615,0,GET,200,OK,TESTES 1-64,text,true,,2939,121,2,2,http://localhost:8081/users,0,0,0
1763944655615,1,DELETE,200,OK,TESTES 1-64,text,true,,165,211,2,2,http://localhost:8081/users/328,1,0,0
1763944655616,0,Healthcheck,200,OK,TESTES 1-64,text,true,,176,127,2,2,http://localhost:8081/healthcheck,0,0,0
1763944655589,40,POST,201,Created,TESTES 1-65,text,true,,341,376,2,2,http://localhost:8081/users,40,0,0
1763944655630,0,GET ID,200,OK,TESTES 1-65,text,true,,424,125,2,2,http://localhost:8081/users/329,0,0,0
1763944655630,1,PUT,200,OK,TESTES 1-65,text,true,,409,320,2,2,http://localhost:8081/users/329,1,0,0
1763944655631,0,GET,200,OK,TESTES 1-65,text,true,,2940,121,2,2,http://localhost:8081/users,0,0,0
1763944655631,1,DELETE,200,OK,TESTES 1-65,text,true,,165,211,2,2,http://localhost:8081/users/329,1,0,0
1763944655632,0,Healthcheck,200,OK,TESTES 1-65,text,true,,176,127,2,2,http://localhost:8081/healthcheck,0,0,0
1763944655616,42,POST,201,Created,TESTES 1-64,text,true,,340,375,2,2,http://localhost:8081/users,42,0,0
1763944655658,0,GET ID,200,OK,TESTES 1-64,text,true,,423,125,2,2,http://localhost:8081/users/330,0,0,0
1763944655658,1,PUT,200,OK,TESTES 1-64,text,true,,406,317,2,2,http://localhost:8081/users/330,1,0,0
1763944655659,0,GET,200,OK,TESTES 1-64,text,true,,2937,121,2,2,http://localhost:8081/users,0,0,0
1763944655659,1,DELETE,200,OK,TESTES 1-64,text,true,,165,211,2,2,http://localhost:8081/users/330,1,0,0
1763944655660,0,Healthcheck,200,OK,TESTES 1-64,text,true,,176,127,2,2,http://localhost:8081/healthcheck,0,0,0
1763944655632,41,POST,201,Created,TESTES 1-65,text,true,,341,376,2,2,http://localhost:8081/users,41,0,0
1763944655673,0,GET ID,200,OK,TESTES 1-65,text,true,,424,125,2,2,http://localhost:8081/users/331,0,0,0
1763944655673,1,PUT,200,OK,TESTES 1-65,text,true,,409,320,2,2,http://localhost:8081/users/331,1,0,0
1763944655674,0,GET,200,OK,TESTES 1-65,text,true,,2940,121,2,2,http://localhost:8081/users,0,0,0
1763944655674,0,DELETE,200,OK,TESTES 1-65,text,true,,165,211,2,2,http://localhost:8081/users/331,0,0,0
1763944655674,1,Healthcheck,200,OK,TESTES 1-65,text,true,,176,127,2,2,http://localhost:8081/healthcheck,1,0,0
1763944655688,0,Healthcheck,200,OK,TESTES 1-66,text,true,,176,127,3,3,http://localhost:8081/healthcheck,0,0,0
1763944655660,39,POST,201,Created,TESTES 1-64,text,true,,341,376,3,3,http://localhost:8081/users,39,0,0
1763944655699,0,GET ID,200,OK,TESTES 1-64,text,true,,424,125,3,3,http://localhost:8081/users/332,0,0,0
1763944655700,0,PUT,200,OK,TESTES 1-64,text,true,,408,319,3,3,http://localhost:8081/users/332,0,0,0
1763944655700,1,GET,200,OK,TESTES 1-64,text,true,,2939,121,3,3,http://localhost:8081/users,1,0,0
1763944655701,0,DELETE,200,OK,TESTES 1-64,text,true,,165,211,3,3,http://localhost:8081/users/332,0,0,0
1763944655675,39,POST,201,Created,TESTES 1-65,text,true,,341,375,2,2,http://localhost:8081/users,39,0,0
1763944655714,0,GET ID,200,OK,TESTES 1-65,text,true,,424,125,2,2,http://localhost:8081/users/333,0,0,0
1763944655714,1,PUT,200,OK,TESTES 1-65,text,true,,408,319,2,2,http://localhost:8081/users/333,1,0,0
1763944655715,0,GET,200,OK,TESTES 1-65,text,true,,2939,121,2,2,http://localhost:8081/users,0,0,0
1763944655715,0,DELETE,200,OK,TESTES 1-65,text,true,,165,211,2,2,http://localhost:8081/users/333,0,0,0
1763944655716,0,Healthcheck,200,OK,TESTES 1-65,text,true,,176,127,2,2,http://localhost:8081/healthcheck,0,0,0
1763944655688,39,POST,201,Created,TESTES 1-66,text,true,,341,376,2,2,http://localhost:8081/users,39,0,0
1763944655728,0,GET ID,200,OK,TESTES 1-66,text,true,,424,125,2,2,http://localhost:8081/users/334,0,0,0
1763944655728,0,PUT,200,OK,TESTES 1-66,text,true,,409,320,2,2,http://localhost:8081/users/334,0,0,0
1763944655728,1,GET,200,OK,TESTES 1-66,text,true,,2940,121,2,2,http://localhost:8081/users,1,0,0
1763944655729,0,DELETE,200,OK,TESTES 1-66,text,true,,165,211,2,2,http://localhost:8081/users/334,0,0,0
1763944655729,0,Healthcheck,200,OK,TESTES 1-66,text,true,,176,127,2,2,http://localhost:8081/healthcheck,0,0,0
1763944655716,39,POST,201,Created,TESTES 1-65,text,true,,341,376,2,2,http://localhost:8081/users,39,0,0
1763944655755,1,GET ID,200,OK,TESTES 1-65,text,true,,422,125,2,2,http://localhost:8081/users/335,1,0,0
1763944655756,0,PUT,200,OK,TESTES 1-65,text,true,,408,320,2,2,http://localhost:8081/users/335,0,0,0
1763944655756,0,GET,200,OK,TESTES 1-65,text,true,,2939,121,2,2,http://localhost:8081/users,0,0,0
1763944655756,1,DELETE,200,OK,TESTES 1-65,text,true,,165,211,2,2,http://localhost:8081/users/335,1,0,0
1763944655757,0,Healthcheck,200,OK,TESTES 1-65,text,true,,176,127,2,2,http://localhost:8081/healthcheck,0,0,0
1763944655729,39,POST,201,Created,TESTES 1-66,text,true,,341,376,2,2,http://localhost:8081/users,39,0,0
1763944655768,0,GET ID,200,OK,TESTES 1-66,text,true,,422,125,2,2,http://localhost:8081/users/336,0,0,0
1763944655768,1,PUT,200,OK,TESTES 1-66,text,true,,406,319,2,2,http://localhost:8081/users/336,1,0,0
1763944655769,0,GET,200,OK,TESTES 1-66,text,true,,2937,121,2,2,http://localhost:8081/users,0,0,0
1763944655769,1,DELETE,200,OK,TESTES 1-66,text,true,,165,211,2,2,http://localhost:8081/users/336,1,0,0
1763944655770,0,Healthcheck,200,OK,TESTES 1-66,text,true,,176,127,2,2,http://localhost:8081/healthcheck,0,0,0
1763944655789,0,Healthcheck,200,OK,TESTES 1-67,text,true,,176,127,3,3,http://localhost:8081/healthcheck,0,0,0
1763944655757,40,POST,201,Created,TESTES 1-65,text,true,,341,376,3,3,http://localhost:8081/users,40,0,0
1763944655797,0,GET ID,200,OK,TESTES 1-65,text,true,,424,125,3,3,http://localhost:8081/users/337,0,0,0
1763944655797,1,PUT,200,OK,TESTES 1-65,text,true,,408,319,3,3,http://localhost:8081/users/337,1,0,0
1763944655798,0,GET,200,OK,TESTES 1-65,text,true,,2939,121,3,3,http://localhost:8081/users,0,0,0
1763944655798,0,DELETE,200,OK,TESTES 1-65,text,true,,165,211,3,3,http://localhost:8081/users/337,0,0,0
1763944655770,39,POST,201,Created,TESTES 1-66,text,true,,341,376,2,2,http://localhost:8081/users,39,0,0
1763944655809,0,GET ID,200,OK,TESTES 1-66,text,true,,424,125,2,2,http://localhost:8081/users/338,0,0,0
1763944655809,1,PUT,200,OK,TESTES 1-66,text,true,,409,320,2,2,http://localhost:8081/users/338,1,0,0
1763944655810,0,GET,200,OK,TESTES 1-66,text,true,,2940,121,2,2,http://localhost:8081/users,0,0,0
1763944655810,1,DELETE,200,OK,TESTES 1-66,text,true,,165,211,2,2,http://localhost:8081/users/338,1,0,0
1763944655811,0,Healthcheck,200,OK,TESTES 1-66,text,true,,176,127,2,2,http://localhost:8081/healthcheck,0,0,0
1763944655789,40,POST,201,Created,TESTES 1-67,text,true,,341,376,2,2,http://localhost:8081/users,40,0,0
1763944655829,1,GET ID,200,OK,TESTES 1-67,text,true,,424,125,2,2,http://localhost:8081/users/339,1,0,0
1763944655830,1,PUT,200,OK,TESTES 1-67,text,true,,409,320,2,2,http://localhost:8081/users/339,1,0,0
1763944655831,0,GET,200,OK,TESTES 1-67,text,true,,2940,121,2,2,http://localhost:8081/users,0,0,0
1763944655831,0,DELETE,200,OK,TESTES 1-67,text,true,,165,211,2,2,http://localhost:8081/users/339,0,0,0
1763944655832,0,Healthcheck,200,OK,TESTES 1-67,text,true,,176,127,2,2,http://localhost:8081/healthcheck,0,0,0
1763944655811,39,POST,201,Created,TESTES 1-66,text,true,,341,376,2,2,http://localhost:8081/users,39,0,0
1763944655850,0,GET ID,200,OK,TESTES 1-66,text,true,,424,125,2,2,http://localhost:8081/users/340,0,0,0
1763944655850,1,PUT,200,OK,TESTES 1-66,text,true,,408,319,2,2,http://localhost:8081/users/340,1,0,0
1763944655851,0,GET,200,OK,TESTES 1-66,text,true,,2939,121,2,2,http://localhost:8081/users,0,0,0
1763944655851,1,DELETE,200,OK,TESTES 1-66,text,true,,165,211,2,2,http://localhost:8081/users/340,1,0,0
1763944655852,0,Healthcheck,200,OK,TESTES 1-66,text,true,,176,127,2,2,http://localhost:8081/healthcheck,0,0,0
1763944655832,39,POST,201,Created,TESTES 1-67,text,true,,341,376,2,2,http://localhost:8081/users,39,0,0
1763944655871,0,GET ID,200,OK,TESTES 1-67,text,true,,422,125,2,2,http://localhost:8081/users/341,0,0,0
1763944655871,1,PUT,200,OK,TESTES 1-67,text,true,,408,320,2,2,http://localhost:8081/users/341,1,0,0
1763944655872,0,GET,200,OK,TESTES 1-67,text,true,,2939,121,2,2,http://localhost:8081/users,0,0,0
1763944655872,1,DELETE,200,OK,TESTES 1-67,text,true,,165,211,2,2,http://localhost:8081/users/341,1,0,0
1763944655873,0,Healthcheck,200,OK,TESTES 1-67,text,true,,176,127,2,2,http://localhost:8081/healthcheck,0,0,0
1763944655889,2,Healthcheck,200,OK,TESTES 1-68,text,true,,176,127,3,3,http://localhost:8081/healthcheck,2,0,0
1763944655852,41,POST,201,Created,TESTES 1-66,text,true,,341,376,3,3,http://localhost:8081/users,41,0,0
1763944655893,0,GET ID,200,OK,TESTES 1-66,text,true,,424,125,3,3,http://localhost:8081/users/342,0,0,0
1763944655893,1,PUT,200,OK,TESTES 1-66,text,true,,409,320,3,3,http://localhost:8081/users/342,1,0,0
1763944655894,0,GET,200,OK,TESTES 1-66,text,true,,2940,121,3,3,http://localhost:8081/users,0,0,0
1763944655894,1,DELETE,200,OK,TESTES 1-66,text,true,,165,211,3,3,http://localhost:8081/users/342,1,0,0
1763944655873,42,POST,201,Created,TESTES 1-67,text,true,,341,376,2,2,http://localhost:8081/users,42,0,0
1763944655915,0,GET ID,200,OK,TESTES 1-67,text,true,,424,125,2,2,http://localhost:8081/users/343,0,0,0
1763944655915,1,PUT,200,OK,TESTES 1-67,text,true,,409,320,2,2,http://localhost:8081/users/343,1,0,0
1763944655916,0,GET,200,OK,TESTES 1-67,text,true,,2940,121,2,2,http://localhost:8081/users,0,0,0
1763944655916,1,DELETE,200,OK,TESTES 1-67,text,true,,165,211,2,2,http://localhost:8081/users/343,1,0,0
1763944655917,0,Healthcheck,200,OK,TESTES 1-67,text,true,,176,127,2,2,http://localhost:8081/healthcheck,0,0,0
1763944655891,40,POST,201,Created,TESTES 1-68,text,true,,341,376,2,2,http://localhost:8081/users,40,0,0
1763944655931,0,GET ID,200,OK,TESTES 1-68,text,true,,424,125,2,2,http://localhost:8081/users/344,0,0,0
1763944655931,1,PUT,200,OK,TESTES 1-68,text,true,,409,320,2,2,http://localhost:8081/users/344,1,0,0
1763944655932,0,GET,200,OK,TESTES 1-68,text,true,,2940,121,2,2,http://localhost:8081/users,0,0,0
1763944655932,0,DELETE,200,OK,TESTES 1-68,text,true,,165,211,2,2,http://localhost:8081/users/344,0,0,0
1763944655932,0,Healthcheck,200,OK,TESTES 1-68,text,true,,176,127,2,2,http://localhost:8081/healthcheck,0,0,0
1763944655917,40,POST,201,Created,TESTES 1-67,text,true,,341,376,2,2,http://localhost:8081/users,40,0,0
1763944655957,1,GET ID,200,OK,TESTES 1-67,text,true,,424,125,2,2,http://localhost:8081/users/345,1,0,0
1763944655958,0,PUT,200,OK,TESTES 1-67,text,true,,409,320,2,2,http://localhost:8081/users/345,0,0,0
1763944655959,0,GET,200,OK,TESTES 1-67,text,true,,2940,121,2,2,http://localhost:8081/users,0,0,0
1763944655959,0,DELETE,200,OK,TESTES 1-67,text,true,,165,211,2,2,http://localhost:8081/users/345,0,0,0
1763944655959,1,Healthcheck,200,OK,TESTES 1-67,text,true,,176,127,2,2,http://localhost:8081/healthcheck,1,0,0
1763944655933,39,POST,201,Created,TESTES 1-68,text,true,,341,376,2,2,http://localhost:8081/users,39,0,0
1763944655972,0,GET ID,200,OK,TESTES 1-68,text,true,,424,125,2,2,http://localhost:8081/users/346,0,0,0
1763944655972,1,PUT,200,OK,TESTES 1-68,text,true,,409,320,2,2,http://localhost:8081/users/346,1,0,0
1763944655973,0,GET,200,OK,TESTES 1-68,text,true,,2940,121,2,2,http://localhost:8081/users,0,0,0
1763944655973,1,DELETE,200,OK,TESTES 1-68,text,true,,165,211,2,2,http://localhost:8081/users/346,1,0,0
1763944655974,0,Healthcheck,200,OK,TESTES 1-68,text,true,,176,127,2,2,http://localhost:8081/healthcheck,0,0,0
1763944655989,3,Healthcheck,200,OK,TESTES 1-69,text,true,,176,127,3,3,http://localhost:8081/healthcheck,3,0,1
1763944655960,40,POST,201,Created,TESTES 1-67,text,true,,340,375,3,3,http://localhost:8081/users,40,0,0
1763944656000,0,GET ID,200,OK,TESTES 1-67,text,true,,423,125,3,3,http://localhost:8081/users/347,0,0,0
1763944656000,1,PUT,200,OK,TESTES 1-67,text,true,,409,320,3,3,http://localhost:8081/users/347,1,0,0
1763944656001,0,GET,200,OK,TESTES 1-67,text,true,,2940,121,3,3,http://localhost:8081/users,0,0,0
1763944656001,0,DELETE,200,OK,TESTES 1-67,text,true,,165,211,3,3,http://localhost:8081/users/347,0,0,0
1763944655974,40,POST,201,Created,TESTES 1-68,text,true,,341,376,2,2,http://localhost:8081/users,40,0,0
1763944656014,0,GET ID,200,OK,TESTES 1-68,text,true,,424,125,2,2,http://localhost:8081/users/348,0,0,0
1763944656014,1,PUT,200,OK,TESTES 1-68,text,true,,409,320,2,2,http://localhost:8081/users/348,1,0,0
1763944656015,0,GET,200,OK,TESTES 1-68,text,true,,2940,121,2,2,http://localhost:8081/users,0,0,0
1763944656015,1,DELETE,200,OK,TESTES 1-68,text,true,,165,211,2,2,http://localhost:8081/users/348,1,0,0
1763944656016,0,Healthcheck,200,OK,TESTES 1-68,text,true,,176,127,2,2,http://localhost:8081/healthcheck,0,0,0
1763944655992,39,POST,201,Created,TESTES 1-69,text,true,,340,374,2,2,http://localhost:8081/users,39,0,0
1763944656032,0,GET ID,200,OK,TESTES 1-69,text,true,,421,125,2,2,http://localhost:8081/users/349,0,0,0
1763944656032,0,PUT,200,OK,TESTES 1-69,text,true,,408,320,2,2,http://localhost:8081/users/349,0,0,0
1763944656032,1,GET,200,OK,TESTES 1-69,text,true,,2939,121,2,2,http://localhost:8081/users,1,0,0
1763944656033,0,DELETE,200,OK,TESTES 1-69,text,true,,165,211,2,2,http://localhost:8081/users/349,0,0,0
1763944656033,0,Healthcheck,200,OK,TESTES 1-69,text,true,,176,127,2,2,http://localhost:8081/healthcheck,0,0,0
1763944656016,40,POST,201,Created,TESTES 1-68,text,true,,341,376,2,2,http://localhost:8081/users,40,0,0
1763944656057,0,GET ID,200,OK,TESTES 1-68,text,true,,424,125,2,2,http://localhost:8081/users/350,0,0,0
1763944656057,1,PUT,200,OK,TESTES 1-68,text,true,,409,320,2,2,http://localhost:8081/users/350,1,0,0
1763944656058,0,GET,200,OK,TESTES 1-68,text,true,,2940,121,2,2,http://localhost:8081/users,0,0,0
1763944656058,1,DELETE,200,OK,TESTES 1-68,text,true,,165,211,2,2,http://localhost:8081/users/350,1,0,0
1763944656059,0,Healthcheck,200,OK,TESTES 1-68,text,true,,176,127,2,2,http://localhost:8081/healthcheck,0,0,0
1763944656033,42,POST,201,Created,TESTES 1-69,text,true,,341,376,2,2,http://localhost:8081/users,42,0,0
1763944656075,0,GET ID,200,OK,TESTES 1-69,text,true,,424,125,2,2,http://localhost:8081/users/351,0,0,0
1763944656075,1,PUT,200,OK,TESTES 1-69,text,true,,408,319,2,2,http://localhost:8081/users/351,1,0,0
1763944656076,0,GET,200,OK,TESTES 1-69,text,true,,2939,121,2,2,http://localhost:8081/users,0,0,0
1763944656076,1,DELETE,200,OK,TESTES 1-69,text,true,,165,211,2,2,http://localhost:8081/users/351,1,0,0
1763944656077,0,Healthcheck,200,OK,TESTES 1-69,text,true,,176,127,2,2,http://localhost:8081/healthcheck,0,0,0
1763944656088,4,Healthcheck,200,OK,TESTES 1-70,text,true,,176,127,3,3,http://localhost:8081/healthcheck,4,0,1
1763944656059,39,POST,201,Created,TESTES 1-68,text,true,,340,375,3,3,http://localhost:8081/users,39,0,0
1763944656098,0,GET ID,200,OK,TESTES 1-68,text,true,,423,125,3,3,http://localhost:8081/users/352,0,0,0
1763944656098,1,PUT,200,OK,TESTES 1-68,text,true,,407,320,3,3,http://localhost:8081/users/352,1,0,0
1763944656099,0,GET,200,OK,TESTES 1-68,text,true,,2938,121,3,3,http://localhost:8081/users,0,0,0
1763944656099,1,DELETE,200,OK,TESTES 1-68,text,true,,165,211,3,3,http://localhost:8081/users/352,1,0,0
1763944656077,39,POST,201,Created,TESTES 1-69,text,true,,341,375,2,2,http://localhost:8081/users,39,0,0
1763944656117,0,GET ID,200,OK,TESTES 1-69,text,true,,424,125,2,2,http://localhost:8081/users/353,0,0,0
1763944656117,1,PUT,200,OK,TESTES 1-69,text,true,,409,320,2,2,http://localhost:8081/users/353,1,0,0
1763944656118,0,GET,200,OK,TESTES 1-69,text,true,,2940,121,2,2,http://localhost:8081/users,0,0,0
1763944656118,0,DELETE,200,OK,TESTES 1-69,text,true,,165,211,2,2,http://localhost:8081/users/353,0,0,0
1763944656118,1,Healthcheck,200,OK,TESTES 1-69,text,true,,176,127,2,2,http://localhost:8081/healthcheck,1,0,0
1763944656092,40,POST,201,Created,TESTES 1-70,text,true,,341,376,2,2,http://localhost:8081/users,40,0,0
1763944656132,1,GET ID,200,OK,TESTES 1-70,text,true,,424,125,2,2,http://localhost:8081/users/354,1,0,0
1763944656133,0,PUT,200,OK,TESTES 1-70,text,true,,409,320,2,2,http://localhost:8081/users/354,0,0,0
1763944656133,0,GET,200,OK,TESTES 1-70,text,true,,2940,121,2,2,http://localhost:8081/users,0,0,0
1763944656133,1,DELETE,200,OK,TESTES 1-70,text,true,,165,211,2,2,http://localhost:8081/users/354,1,0,0
1763944656134,0,Healthcheck,200,OK,TESTES 1-70,text,true,,176,127,2,2,http://localhost:8081/healthcheck,0,0,0
1763944656119,39,POST,201,Created,TESTES 1-69,text,true,,341,376,2,2,http://localhost:8081/users,39,0,0
1763944656159,0,GET ID,200,OK,TESTES 1-69,text,true,,424,125,2,2,http://localhost:8081/users/355,0,0,0
1763944656159,1,PUT,200,OK,TESTES 1-69,text,true,,409,320,2,2,http://localhost:8081/users/355,1,0,0
1763944656160,1,GET,200,OK,TESTES 1-69,text,true,,2940,121,2,2,http://localhost:8081/users,1,0,0
1763944656161,0,DELETE,200,OK,TESTES 1-69,text,true,,165,211,2,2,http://localhost:8081/users/355,0,0,0
1763944656161,0,Healthcheck,200,OK,TESTES 1-69,text,true,,176,127,2,2,http://localhost:8081/healthcheck,0,0,0
1763944656134,42,POST,201,Created,TESTES 1-70,text,true,,341,376,2,2,http://localhost:8081/users,42,0,0
1763944656176,0,GET ID,200,OK,TESTES 1-70,text,true,,424,125,2,2,http://localhost:8081/users/356,0,0,0
1763944656176,1,PUT,200,OK,TESTES 1-70,text,true,,409,320,2,2,http://localhost:8081/users/356,1,0,0
1763944656177,0,GET,200,OK,TESTES 1-70,text,true,,2940,121,2,2,http://localhost:8081/users,0,0,0
1763944656177,1,DELETE,200,OK,TESTES 1-70,text,true,,165,211,2,2,http://localhost:8081/users/356,1,0,0
1763944656178,0,Healthcheck,200,OK,TESTES 1-70,text,true,,176,127,2,2,http://localhost:8081/healthcheck,0,0,0
1763944656188,5,Healthcheck,200,OK,TESTES 1-71,text,true,,176,127,3,3,http://localhost:8081/healthcheck,5,0,0
1763944656161,39,POST,201,Created,TESTES 1-69,text,true,,341,376,3,3,http://localhost:8081/users,39,0,0
1763944656201,0,GET ID,200,OK,TESTES 1-69,text,true,,424,125,3,3,http://localhost:8081/users/357,0,0,0
1763944656201,1,PUT,200,OK,TESTES 1-69,text,true,,407,318,3,3,http://localhost:8081/users/357,1,0,0
1763944656202,0,GET,200,OK,TESTES 1-69,text,true,,2938,121,3,3,http://localhost:8081/users,0,0,0
1763944656202,0,DELETE,200,OK,TESTES 1-69,text,true,,165,211,3,3,http://localhost:8081/users/357,0,0,0
1763944656178,39,POST,201,Created,TESTES 1-70,text,true,,341,376,2,2,http://localhost:8081/users,39,0,0
1763944656217,0,GET ID,200,OK,TESTES 1-70,text,true,,420,125,2,2,http://localhost:8081/users/358,0,0,0
1763944656217,1,PUT,200,OK,TESTES 1-70,text,true,,407,320,2,2,http://localhost:8081/users/358,1,0,0
1763944656218,0,GET,200,OK,TESTES 1-70,text,true,,2938,121,2,2,http://localhost:8081/users,0,0,0
1763944656219,0,DELETE,200,OK,TESTES 1-70,text,true,,165,211,2,2,http://localhost:8081/users/358,0,0,0
1763944656219,0,Healthcheck,200,OK,TESTES 1-70,text,true,,176,127,2,2,http://localhost:8081/healthcheck,0,0,0
1763944656193,39,POST,201,Created,TESTES 1-71,text,true,,341,376,2,2,http://localhost:8081/users,39,0,0
1763944656232,1,GET ID,200,OK,TESTES 1-71,text,true,,424,125,2,2,http://localhost:8081/users/359,1,0,0
1763944656233,0,PUT,200,OK,TESTES 1-71,text,true,,408,319,2,2,http://localhost:8081/users/359,0,0,0
1763944656233,1,GET,200,OK,TESTES 1-71,text,true,,2939,121,2,2,http://localhost:8081/users,1,0,0
1763944656234,0,DELETE,200,OK,TESTES 1-71,text,true,,165,211,2,2,http://localhost:8081/users/359,0,0,0
1763944656234,0,Healthcheck,200,OK,TESTES 1-71,text,true,,176,127,2,2,http://localhost:8081/healthcheck,0,0,0
1763944656219,40,POST,201,Created,TESTES 1-70,text,true,,341,376,2,2,http://localhost:8081/users,40,0,0
1763944656259,0,GET ID,200,OK,TESTES 1-70,text,true,,424,125,2,2,http://localhost:8081/users/360,0,0,0
1763944656259,1,PUT,200,OK,TESTES 1-70,text,true,,409,320,2,2,http://localhost:8081/users/360,1,0,0
1763944656260,0,GET,200,OK,TESTES 1-70,text,true,,2940,121,2,2,http://localhost:8081/users,0,0,0
1763944656260,1,DELETE,200,OK,TESTES 1-70,text,true,,165,211,2,2,http://localhost:8081/users/360,1,0,0
1763944656261,0,Healthcheck,200,OK,TESTES 1-70,text,true,,176,127,2,2,http://localhost:8081/healthcheck,0,0,0
1763944656234,39,POST,201,Created,TESTES 1-71,text,true,,341,376,2,2,http://localhost:8081/users,39,0,0
1763944656272,1,GET ID,200,OK,TESTES 1-71,text,true,,424,125,2,2,http://localhost:8081/users/361,1,0,0
1763944656273,1,PUT,200,OK,TESTES 1-71,text,true,,409,320,2,2,http://localhost:8081/users/361,1,0,0
1763944656274,0,GET,200,OK,TESTES 1-71,text,true,,2940,121,2,2,http://localhost:8081/users,0,0,0
1763944656274,1,DELETE,200,OK,TESTES 1-71,text,true,,165,211,2,2,http://localhost:8081/users/361,1,0,0
1763944656275,0,Healthcheck,200,OK,TESTES 1-71,text,true,,176,127,2,2,http://localhost:8081/healthcheck,0,0,0
1763944656287,1,Healthcheck,200,OK,TESTES 1-72,text,true,,176,127,3,3,http://localhost:8081/healthcheck,1,0,0
1763944656261,40,POST,201,Created,TESTES 1-70,text,true,,341,376,3,3,http://localhost:8081/users,40,0,0
1763944656300,0,GET ID,200,OK,TESTES 1-70,text,true,,424,125,3,3,http://localhost:8081/users/362,0,0,0
1763944656300,1,PUT,200,OK,TESTES 1-70,text,true,,409,320,3,3,http://localhost:8081/users/362,1,0,0
1763944656301,0,GET,200,OK,TESTES 1-70,text,true,,2940,121,3,3,http://localhost:8081/users,0,0,0
1763944656301,0,DELETE,200,OK,TESTES 1-70,text,true,,165,211,3,3,http://localhost:8081/users/362,0,0,0
1763944656275,39,POST,201,Created,TESTES 1-71,text,true,,341,376,2,2,http://localhost:8081/users,39,0,0
1763944656314,0,GET ID,200,OK,TESTES 1-71,text,true,,424,125,2,2,http://localhost:8081/users/363,0,0,0
1763944656314,1,PUT,200,OK,TESTES 1-71,text,true,,408,320,2,2,http://localhost:8081/users/363,1,0,0
1763944656315,0,GET,200,OK,TESTES 1-71,text,true,,2939,121,2,2,http://localhost:8081/users,0,0,0
1763944656315,1,DELETE,200,OK,TESTES 1-71,text,true,,165,211,2,2,http://localhost:8081/users/363,1,0,0
1763944656316,0,Healthcheck,200,OK,TESTES 1-71,text,true,,176,127,2,2,http://localhost:8081/healthcheck,0,0,0
1763944656288,40,POST,201,Created,TESTES 1-72,text,true,,341,376,2,2,http://localhost:8081/users,40,0,0
1763944656328,0,GET ID,200,OK,TESTES 1-72,text,true,,424,125,2,2,http://localhost:8081/users/364,0,0,0
1763944656328,0,PUT,200,OK,TESTES 1-72,text,true,,408,319,2,2,http://localhost:8081/users/364,0,0,0
1763944656329,0,GET,200,OK,TESTES 1-72,text,true,,2939,121,2,2,http://localhost:8081/users,0,0,0
1763944656329,0,DELETE,200,OK,TESTES 1-72,text,true,,165,211,2,2,http://localhost:8081/users/364,0,0,0
1763944656329,0,Healthcheck,200,OK,TESTES 1-72,text,true,,176,127,2,2,http://localhost:8081/healthcheck,0,0,0
1763944656316,40,POST,201,Created,TESTES 1-71,text,true,,341,376,2,2,http://localhost:8081/users,40,0,0
1763944656356,0,GET ID,200,OK,TESTES 1-71,text,true,,424,125,2,2,http://localhost:8081/users/365,0,0,0
1763944656356,1,PUT,200,OK,TESTES 1-71,text,true,,409,320,2,2,http://localhost:8081/users/365,1,0,0
1763944656357,1,GET,200,OK,TESTES 1-71,text,true,,2940,121,2,2,http://localhost:8081/users,1,0,0
1763944656358,0,DELETE,200,OK,TESTES 1-71,text,true,,165,211,2,2,http://localhost:8081/users/365,0,0,0
1763944656358,0,Healthcheck,200,OK,TESTES 1-71,text,true,,176,127,2,2,http://localhost:8081/healthcheck,0,0,0
1763944656329,41,POST,201,Created,TESTES 1-72,text,true,,341,376,2,2,http://localhost:8081/users,41,0,0
1763944656370,1,GET ID,200,OK,TESTES 1-72,text,true,,424,125,2,2,http://localhost:8081/users/366,1,0,0
1763944656371,0,PUT,200,OK,TESTES 1-72,text,true,,409,320,2,2,http://localhost:8081/users/366,0,0,0
1763944656371,1,GET,200,OK,TESTES 1-72,text,true,,2940,121,2,2,http://localhost:8081/users,1,0,0
1763944656372,0,DELETE,200,OK,TESTES 1-72,text,true,,165,211,2,2,http://localhost:8081/users/366,0,0,0
1763944656372,0,Healthcheck,200,OK,TESTES 1-72,text,true,,176,127,2,2,http://localhost:8081/healthcheck,0,0,0
1763944656387,0,Healthcheck,200,OK,TESTES 1-73,text,true,,176,127,3,3,http://localhost:8081/healthcheck,0,0,0
1763944656358,42,POST,201,Created,TESTES 1-71,text,true,,341,375,3,3,http://localhost:8081/users,42,0,0
1763944656400,0,GET ID,200,OK,TESTES 1-71,text,true,,424,125,3,3,http://localhost:8081/users/367,0,0,0
1763944656400,1,PUT,200,OK,TESTES 1-71,text,true,,409,320,3,3,http://localhost:8081/users/367,1,0,0
1763944656401,0,GET,200,OK,TESTES 1-71,text,true,,2940,121,3,3,http://localhost:8081/users,0,0,0
1763944656401,1,DELETE,200,OK,TESTES 1-71,text,true,,165,211,3,3,http://localhost:8081/users/367,1,0,0
1763944656372,40,POST,201,Created,TESTES 1-72,text,true,,341,376,2,2,http://localhost:8081/users,40,0,0
1763944656412,1,GET ID,200,OK,TESTES 1-72,text,true,,424,125,2,2,http://localhost:8081/users/368,1,0,0
1763944656413,1,PUT,200,OK,TESTES 1-72,text,true,,409,320,2,2,http://localhost:8081/users/368,1,0,0
1763944656414,0,GET,200,OK,TESTES 1-72,text,true,,2940,121,2,2,http://localhost:8081/users,0,0,0
1763944656414,1,DELETE,200,OK,TESTES 1-72,text,true,,165,211,2,2,http://localhost:8081/users/368,1,0,0
1763944656415,0,Healthcheck,200,OK,TESTES 1-72,text,true,,176,127,2,2,http://localhost:8081/healthcheck,0,0,0
1763944656387,40,POST,201,Created,TESTES 1-73,text,true,,341,376,2,2,http://localhost:8081/users,40,0,0
1763944656427,0,GET ID,200,OK,TESTES 1-73,text,true,,424,125,2,2,http://localhost:8081/users/369,0,0,0
1763944656427,1,PUT,200,OK,TESTES 1-73,text,true,,409,320,2,2,http://localhost:8081/users/369,1,0,0
1763944656428,0,GET,200,OK,TESTES 1-73,text,true,,2940,121,2,2,http://localhost:8081/users,0,0,0
1763944656428,1,DELETE,200,OK,TESTES 1-73,text,true,,165,211,2,2,http://localhost:8081/users/369,1,0,0
1763944656429,0,Healthcheck,200,OK,TESTES 1-73,text,true,,176,127,2,2,http://localhost:8081/healthcheck,0,0,0
1763944656415,40,POST,201,Created,TESTES 1-72,text,true,,341,376,2,2,http://localhost:8081/users,40,0,0
1763944656455,0,GET ID,200,OK,TESTES 1-72,text,true,,424,125,2,2,http://localhost:8081/users/370,0,0,0
1763944656455,1,PUT,200,OK,TESTES 1-72,text,true,,408,319,2,2,http://localhost:8081/users/370,1,0,0
1763944656456,1,GET,200,OK,TESTES 1-72,text,true,,2939,121,2,2,http://localhost:8081/users,1,0,0
1763944656457,0,DELETE,200,OK,TESTES 1-72,text,true,,165,211,2,2,http://localhost:8081/users/370,0,0,0
1763944656457,0,Healthcheck,200,OK,TESTES 1-72,text,true,,176,127,2,2,http://localhost:8081/healthcheck,0,0,0
1763944656429,39,POST,201,Created,TESTES 1-73,text,true,,340,375,2,2,http://localhost:8081/users,39,0,0
1763944656468,0,GET ID,200,OK,TESTES 1-73,text,true,,423,125,2,2,http://localhost:8081/users/371,0,0,0
1763944656468,1,PUT,200,OK,TESTES 1-73,text,true,,408,320,2,2,http://localhost:8081/users/371,1,0,0
1763944656469,1,GET,200,OK,TESTES 1-73,text,true,,2939,121,2,2,http://localhost:8081/users,1,0,0
1763944656470,0,DELETE,200,OK,TESTES 1-73,text,true,,165,211,2,2,http://localhost:8081/users/371,0,0,0
1763944656470,0,Healthcheck,200,OK,TESTES 1-73,text,true,,176,127,2,2,http://localhost:8081/healthcheck,0,0,0
1763944656488,1,Healthcheck,200,OK,TESTES 1-74,text,true,,176,127,3,3,http://localhost:8081/healthcheck,1,0,1
1763944656457,40,POST,201,Created,TESTES 1-72,text,true,,340,375,3,3,http://localhost:8081/users,40,0,0
1763944656497,0,GET ID,200,OK,TESTES 1-72,text,true,,423,125,3,3,http://localhost:8081/users/372,0,0,0
1763944656497,1,PUT,200,OK,TESTES 1-72,text,true,,408,320,3,3,http://localhost:8081/users/372,1,0,0
1763944656498,0,GET,200,OK,TESTES 1-72,text,true,,2939,121,3,3,http://localhost:8081/users,0,0,0
1763944656498,1,DELETE,200,OK,TESTES 1-72,text,true,,165,211,3,3,http://localhost:8081/users/372,1,0,0
1763944656470,40,POST,201,Created,TESTES 1-73,text,true,,341,376,2,2,http://localhost:8081/users,40,0,0
1763944656510,0,GET ID,200,OK,TESTES 1-73,text,true,,424,125,2,2,http://localhost:8081/users/373,0,0,0
1763944656510,1,PUT,200,OK,TESTES 1-73,text,true,,409,320,2,2,http://localhost:8081/users/373,1,0,0
1763944656511,0,GET,200,OK,TESTES 1-73,text,true,,2940,121,2,2,http://localhost:8081/users,0,0,0
1763944656511,0,DELETE,200,OK,TESTES 1-73,text,true,,165,211,2,2,http://localhost:8081/users/373,0,0,0
1763944656511,0,Healthcheck,200,OK,TESTES 1-73,text,true,,176,127,2,2,http://localhost:8081/healthcheck,0,0,0
1763944656489,39,POST,201,Created,TESTES 1-74,text,true,,341,376,2,2,http://localhost:8081/users,39,0,0
1763944656528,1,GET ID,200,OK,TESTES 1-74,text,true,,424,125,2,2,http://localhost:8081/users/374,1,0,0
1763944656529,0,PUT,200,OK,TESTES 1-74,text,true,,408,320,2,2,http://localhost:8081/users/374,0,0,0
1763944656529,1,GET,200,OK,TESTES 1-74,text,true,,2939,121,2,2,http://localhost:8081/users,1,0,0
1763944656530,0,DELETE,200,OK,TESTES 1-74,text,true,,165,211,2,2,http://localhost:8081/users/374,0,0,0
1763944656530,0,Healthcheck,200,OK,TESTES 1-74,text,true,,176,127,2,2,http://localhost:8081/healthcheck,0,0,0
1763944656511,42,POST,201,Created,TESTES 1-73,text,true,,341,376,2,2,http://localhost:8081/users,42,0,0
1763944656553,0,GET ID,200,OK,TESTES 1-73,text,true,,424,125,2,2,http://localhost:8081/users/375,0,0,0
1763944656553,1,PUT,200,OK,TESTES 1-73,text,true,,408,319,2,2,http://localhost:8081/users/375,1,0,0
1763944656554,0,GET,200,OK,TESTES 1-73,text,true,,2939,121,2,2,http://localhost:8081/users,0,0,0
1763944656554,1,DELETE,200,OK,TESTES 1-73,text,true,,165,211,2,2,http://localhost:8081/users/375,1,0,0
1763944656555,0,Healthcheck,200,OK,TESTES 1-73,text,true,,176,127,2,2,http://localhost:8081/healthcheck,0,0,0
1763944656530,39,POST,201,Created,TESTES 1-74,text,true,,341,376,2,2,http://localhost:8081/users,39,0,0
1763944656569,1,GET ID,200,OK,TESTES 1-74,text,true,,424,125,2,2,http://localhost:8081/users/376,1,0,0
1763944656570,0,PUT,200,OK,TESTES 1-74,text,true,,409,320,2,2,http://localhost:8081/users/376,0,0,0
1763944656570,0,GET,200,OK,TESTES 1-74,text,true,,2940,121,2,2,http://localhost:8081/users,0,0,0
1763944656570,1,DELETE,200,OK,TESTES 1-74,text,true,,165,211,2,2,http://localhost:8081/users/376,1,0,0
1763944656571,0,Healthcheck,200,OK,TESTES 1-74,text,true,,176,127,2,2,http://localhost:8081/healthcheck,0,0,0
1763944656588,1,Healthcheck,200,OK,TESTES 1-75,text,true,,176,127,3,3,http://localhost:8081/healthcheck,1,0,0
1763944656555,39,POST,201,Created,TESTES 1-73,text,true,,341,376,3,3,http://localhost:8081/users,39,0,0
1763944656594,1,GET ID,200,OK,TESTES 1-73,text,true,,424,125,3,3,http://localhost:8081/users/377,1,0,0
1763944656595,1,PUT,200,OK,TESTES 1-73,text,true,,409,320,3,3,http://localhost:8081/users/377,1,0,0
1763944656596,0,GET,200,OK,TESTES 1-73,text,true,,2940,121,3,3,http://localhost:8081/users,0,0,0
1763944656596,1,DELETE,200,OK,TESTES 1-73,text,true,,165,211,3,3,http://localhost:8081/users/377,1,0,0
1763944656571,40,POST,201,Created,TESTES 1-74,text,true,,341,376,2,2,http://localhost:8081/users,40,0,0
1763944656611,0,GET ID,200,OK,TESTES 1-74,text,true,,422,125,2,2,http://localhost:8081/users/378,0,0,0
1763944656611,1,PUT,200,OK,TESTES 1-74,text,true,,407,319,2,2,http://localhost:8081/users/378,1,0,0
1763944656612,0,GET,200,OK,TESTES 1-74,text,true,,2938,121,2,2,http://localhost:8081/users,0,0,0
1763944656612,0,DELETE,200,OK,TESTES 1-74,text,true,,165,211,2,2,http://localhost:8081/users/378,0,0,0
1763944656612,1,Healthcheck,200,OK,TESTES 1-74,text,true,,176,127,2,2,http://localhost:8081/healthcheck,1,0,0
1763944656589,40,POST,201,Created,TESTES 1-75,text,true,,341,376,2,2,http://localhost:8081/users,40,0,0
1763944656629,0,GET ID,200,OK,TESTES 1-75,text,true,,424,125,2,2,http://localhost:8081/users/379,0,0,0
1763944656629,1,PUT,200,OK,TESTES 1-75,text,true,,409,320,2,2,http://localhost:8081/users/379,1,0,0
1763944656630,0,GET,200,OK,TESTES 1-75,text,true,,2940,121,2,2,http://localhost:8081/users,0,0,0
1763944656630,0,DELETE,200,OK,TESTES 1-75,text,true,,165,211,2,2,http://localhost:8081/users/379,0,0,0
1763944656630,0,Healthcheck,200,OK,TESTES 1-75,text,true,,176,127,2,2,http://localhost:8081/healthcheck,0,0,0
1763944656613,40,POST,201,Created,TESTES 1-74,text,true,,341,376,2,2,http://localhost:8081/users,40,0,0
1763944656653,0,GET ID,200,OK,TESTES 1-74,text,true,,420,125,2,2,http://localhost:8081/users/380,0,0,0
1763944656653,1,PUT,200,OK,TESTES 1-74,text,true,,407,320,2,2,http://localhost:8081/users/380,1,0,0
1763944656654,0,GET,200,OK,TESTES 1-74,text,true,,2938,121,2,2,http://localhost:8081/users,0,0,0
1763944656655,0,DELETE,200,OK,TESTES 1-74,text,true,,165,211,2,2,http://localhost:8081/users/380,0,0,0
1763944656655,0,Healthcheck,200,OK,TESTES 1-74,text,true,,176,127,2,2,http://localhost:8081/healthcheck,0,0,0
1763944656630,40,POST,201,Created,TESTES 1-75,text,true,,341,376,2,2,http://localhost:8081/users,40,0,0
1763944656670,0,GET ID,200,OK,TESTES 1-75,text,true,,424,125,2,2,http://localhost:8081/users/381,0,0,0
1763944656670,1,PUT,200,OK,TESTES 1-75,text,true,,407,320,2,2,http://localhost:8081/users/381,1,0,0
1763944656671,0,GET,200,OK,TESTES 1-75,text,true,,2938,121,2,2,http://localhost:8081/users,0,0,0
1763944656671,1,DELETE,200,OK,TESTES 1-75,text,true,,165,211,2,2,http://localhost:8081/users/381,1,0,0
1763944656672,0,Healthcheck,200,OK,TESTES 1-75,text,true,,176,127,2,2,http://localhost:8081/healthcheck,0,0,0
1763944656688,1,Healthcheck,200,OK,TESTES 1-76,text,true,,176,127,3,3,http://localhost:8081/healthcheck,1,0,1
1763944656655,39,POST,201,Created,TESTES 1-74,text,true,,341,376,3,3,http://localhost:8081/users,39,0,0
1763944656695,0,GET ID,200,OK,TESTES 1-74,text,true,,424,125,3,3,http://localhost:8081/users/382,0,0,0
1763944656695,0,PUT,200,OK,TESTES 1-74,text,true,,409,320,3,3,http://localhost:8081/users/382,0,0,0
1763944656695,1,GET,200,OK,TESTES 1-74,text,true,,2940,121,3,3,http://localhost:8081/users,1,0,0
1763944656696,0,DELETE,200,OK,TESTES 1-74,text,true,,165,211,3,3,http://localhost:8081/users/382,0,0,0
1763944656672,39,POST,201,Created,TESTES 1-75,text,true,,341,376,2,2,http://localhost:8081/users,39,0,0
1763944656711,0,GET ID,200,OK,TESTES 1-75,text,true,,424,125,2,2,http://localhost:8081/users/383,0,0,0
1763944656711,1,PUT,200,OK,TESTES 1-75,text,true,,409,320,2,2,http://localhost:8081/users/383,1,0,0
1763944656712,0,GET,200,OK,TESTES 1-75,text,true,,2940,121,2,2,http://localhost:8081/users,0,0,0
1763944656712,1,DELETE,200,OK,TESTES 1-75,text,true,,165,211,2,2,http://localhost:8081/users/383,1,0,0
1763944656713,0,Healthcheck,200,OK,TESTES 1-75,text,true,,176,127,2,2,http://localhost:8081/healthcheck,0,0,0
1763944656689,40,POST,201,Created,TESTES 1-76,text,true,,341,376,2,2,http://localhost:8081/users,40,0,0
1763944656729,0,GET ID,200,OK,TESTES 1-76,text,true,,424,125,2,2,http://localhost:8081/users/384,0,0,0
1763944656729,0,PUT,200,OK,TESTES 1-76,text,true,,409,320,2,2,http://localhost:8081/users/384,0,0,0
1763944656729,1,GET,200,OK,TESTES 1-76,text,true,,2940,121,2,2,http://localhost:8081/users,1,0,0
1763944656730,0,DELETE,200,OK,TESTES 1-76,text,true,,165,211,2,2,http://localhost:8081/users/384,0,0,0
1763944656730,0,Healthcheck,200,OK,TESTES 1-76,text,true,,176,127,2,2,http://localhost:8081/healthcheck,0,0,0
1763944656713,40,POST,201,Created,TESTES 1-75,text,true,,341,376,2,2,http://localhost:8081/users,40,0,0
1763944656753,0,GET ID,200,OK,TESTES 1-75,text,true,,424,125,2,2,http://localhost:8081/users/385,0,0,0
1763944656753,1,PUT,200,OK,TESTES 1-75,text,true,,407,320,2,2,http://localhost:8081/users/385,1,0,0
1763944656754,0,GET,200,OK,TESTES 1-75,text,true,,2938,121,2,2,http://localhost:8081/users,0,0,0
1763944656754,1,DELETE,200,OK,TESTES 1-75,text,true,,165,211,2,2,http://localhost:8081/users/385,1,0,0
1763944656755,0,Healthcheck,200,OK,TESTES 1-75,text,true,,176,127,2,2,http://localhost:8081/healthcheck,0,0,0
1763944656730,40,POST,201,Created,TESTES 1-76,text,true,,341,376,2,2,http://localhost:8081/users,40,0,0
1763944656770,0,GET ID,200,OK,TESTES 1-76,text,true,,420,125,2,2,http://localhost:8081/users/386,0,0,0
1763944656770,1,PUT,200,OK,TESTES 1-76,text,true,,407,320,2,2,http://localhost:8081/users/386,1,0,0
1763944656771,0,GET,200,OK,TESTES 1-76,text,true,,2938,121,2,2,http://localhost:8081/users,0,0,0
1763944656771,1,DELETE,200,OK,TESTES 1-76,text,true,,165,211,2,2,http://localhost:8081/users/386,1,0,0
1763944656772,0,Healthcheck,200,OK,TESTES 1-76,text,true,,176,127,2,2,http://localhost:8081/healthcheck,0,0,0
1763944656788,1,Healthcheck,200,OK,TESTES 1-77,text,true,,176,127,3,3,http://localhost:8081/healthcheck,1,0,0
1763944656755,39,POST,201,Created,TESTES 1-75,text,true,,340,375,3,3,http://localhost:8081/users,39,0,0
1763944656794,1,GET ID,200,OK,TESTES 1-75,text,true,,423,125,3,3,http://localhost:8081/users/387,1,0,0
1763944656795,0,PUT,200,OK,TESTES 1-75,text,true,,409,320,3,3,http://localhost:8081/users/387,0,0,0
1763944656795,0,GET,200,OK,TESTES 1-75,text,true,,2940,121,3,3,http://localhost:8081/users,0,0,0
1763944656795,1,DELETE,200,OK,TESTES 1-75,text,true,,165,211,3,3,http://localhost:8081/users/387,1,0,0
1763944656772,39,POST,201,Created,TESTES 1-76,text,true,,341,376,2,2,http://localhost:8081/users,39,0,0
1763944656811,1,GET ID,200,OK,TESTES 1-76,text,true,,424,125,2,2,http://localhost:8081/users/388,1,0,0
1763944656812,0,PUT,200,OK,TESTES 1-76,text,true,,407,318,2,2,http://localhost:8081/users/388,0,0,0
1763944656812,1,GET,200,OK,TESTES 1-76,text,true,,2938,121,2,2,http://localhost:8081/users,1,0,0
1763944656813,0,DELETE,200,OK,TESTES 1-76,text,true,,165,211,2,2,http://localhost:8081/users/388,0,0,0
1763944656813,0,Healthcheck,200,OK,TESTES 1-76,text,true,,176,127,2,2,http://localhost:8081/healthcheck,0,0,0
1763944656789,39,POST,201,Created,TESTES 1-77,text,true,,341,375,2,2,http://localhost:8081/users,39,0,0
1763944656828,0,GET ID,200,OK,TESTES 1-77,text,true,,424,125,2,2,http://localhost:8081/users/389,0,0,0
1763944656828,1,PUT,200,OK,TESTES 1-77,text,true,,409,320,2,2,http://localhost:8081/users/389,1,0,0
1763944656829,0,GET,200,OK,TESTES 1-77,text,true,,2940,121,2,2,http://localhost:8081/users,0,0,0
1763944656829,1,DELETE,200,OK,TESTES 1-77,text,true,,165,211,2,2,http://localhost:8081/users/389,1,0,0
1763944656830,0,Healthcheck,200,OK,TESTES 1-77,text,true,,176,127,2,2,http://localhost:8081/healthcheck,0,0,0
1763944656813,39,POST,201,Created,TESTES 1-76,text,true,,341,376,2,2,http://localhost:8081/users,39,0,0
1763944656853,0,GET ID,200,OK,TESTES 1-76,text,true,,424,125,2,2,http://localhost:8081/users/390,0,0,0
1763944656853,1,PUT,200,OK,TESTES 1-76,text,true,,409,320,2,2,http://localhost:8081/users/390,1,0,0
1763944656854,0,GET,200,OK,TESTES 1-76,text,true,,2940,121,2,2,http://localhost:8081/users,0,0,0
1763944656854,0,DELETE,200,OK,TESTES 1-76,text,true,,165,211,2,2,http://localhost:8081/users/390,0,0,0
1763944656854,0,Healthcheck,200,OK,TESTES 1-76,text,true,,176,127,2,2,http://localhost:8081/healthcheck,0,0,0
1763944656830,39,POST,201,Created,TESTES 1-77,text,true,,341,375,2,2,http://localhost:8081/users,39,0,0
1763944656869,0,GET ID,200,OK,TESTES 1-77,text,true,,424,125,2,2,http://localhost:8081/users/391,0,0,0
1763944656869,0,PUT,200,OK,TESTES 1-77,text,true,,409,320,2,2,http://localhost:8081/users/391,0,0,0
1763944656869,1,GET,200,OK,TESTES 1-77,text,true,,2940,121,2,2,http://localhost:8081/users,1,0,0
1763944656870,0,DELETE,200,OK,TESTES 1-77,text,true,,165,211,2,2,http://localhost:8081/users/391,0,0,0
1763944656870,0,Healthcheck,200,OK,TESTES 1-77,text,true,,176,127,2,2,http://localhost:8081/healthcheck,0,0,0
1763944656887,0,Healthcheck,200,OK,TESTES 1-78,text,true,,176,127,3,3,http://localhost:8081/healthcheck,0,0,0
1763944656854,39,POST,201,Created,TESTES 1-76,text,true,,341,376,3,3,http://localhost:8081/users,39,0,0
1763944656893,0,GET ID,200,OK,TESTES 1-76,text,true,,424,125,3,3,http://localhost:8081/users/392,0,0,0
1763944656893,1,PUT,200,OK,TESTES 1-76,text,true,,409,320,3,3,http://localhost:8081/users/392,1,0,0
1763944656894,0,GET,200,OK,TESTES 1-76,text,true,,2940,121,3,3,http://localhost:8081/users,0,0,0
1763944656894,1,DELETE,200,OK,TESTES 1-76,text,true,,165,211,3,3,http://localhost:8081/users/392,1,0,0
1763944656870,39,POST,201,Created,TESTES 1-77,text,true,,341,376,2,2,http://localhost:8081/users,39,0,0
1763944656910,0,GET ID,200,OK,TESTES 1-77,text,true,,424,125,2,2,http://localhost:8081/users/393,0,0,0
1763944656910,1,PUT,200,OK,TESTES 1-77,text,true,,409,320,2,2,http://localhost:8081/users/393,1,0,0
1763944656911,0,GET,200,OK,TESTES 1-77,text,true,,2940,121,2,2,http://localhost:8081/users,0,0,0
1763944656911,0,DELETE,200,OK,TESTES 1-77,text,true,,165,211,2,2,http://localhost:8081/users/393,0,0,0
1763944656911,1,Healthcheck,200,OK,TESTES 1-77,text,true,,176,127,2,2,http://localhost:8081/healthcheck,1,0,0
1763944656887,42,POST,201,Created,TESTES 1-78,text,true,,340,375,2,2,http://localhost:8081/users,42,0,0
1763944656929,0,GET ID,200,OK,TESTES 1-78,text,true,,421,125,2,2,http://localhost:8081/users/394,0,0,0
1763944656929,1,PUT,200,OK,TESTES 1-78,text,true,,408,320,2,2,http://localhost:8081/users/394,1,0,0
1763944656930,0,GET,200,OK,TESTES 1-78,text,true,,2939,121,2,2,http://localhost:8081/users,0,0,0
1763944656930,1,DELETE,200,OK,TESTES 1-78,text,true,,165,211,2,2,http://localhost:8081/users/394,1,0,0
1763944656931,0,Healthcheck,200,OK,TESTES 1-78,text,true,,176,127,2,2,http://localhost:8081/healthcheck,0,0,0
1763944656912,39,POST,201,Created,TESTES 1-77,text,true,,341,376,2,2,http://localhost:8081/users,39,0,0
1763944656952,0,GET ID,200,OK,TESTES 1-77,text,true,,424,125,2,2,http://localhost:8081/users/395,0,0,0
1763944656952,1,PUT,200,OK,TESTES 1-77,text,true,,409,320,2,2,http://localhost:8081/users/395,1,0,0
1763944656953,0,GET,200,OK,TESTES 1-77,text,true,,2940,121,2,2,http://localhost:8081/users,0,0,0
1763944656953,0,DELETE,200,OK,TESTES 1-77,text,true,,165,211,2,2,http://localhost:8081/users/395,0,0,0
1763944656953,0,Healthcheck,200,OK,TESTES 1-77,text,true,,176,127,2,2,http://localhost:8081/healthcheck,0,0,0
1763944656931,39,POST,201,Created,TESTES 1-78,text,true,,341,376,2,2,http://localhost:8081/users,39,0,0
1763944656970,1,GET ID,200,OK,TESTES 1-78,text,true,,424,125,2,2,http://localhost:8081/users/396,1,0,0
1763944656971,0,PUT,200,OK,TESTES 1-78,text,true,,409,320,2,2,http://localhost:8081/users/396,0,0,0
1763944656971,1,GET,200,OK,TESTES 1-78,text,true,,2940,121,2,2,http://localhost:8081/users,1,0,0
1763944656972,0,DELETE,200,OK,TESTES 1-78,text,true,,165,211,2,2,http://localhost:8081/users/396,0,0,0
1763944656972,0,Healthcheck,200,OK,TESTES 1-78,text,true,,176,127,2,2,http://localhost:8081/healthcheck,0,0,0
1763944656987,0,Healthcheck,200,OK,TESTES 1-79,text,true,,176,127,3,3,http://localhost:8081/healthcheck,0,0,0
1763944656953,40,POST,201,Created,TESTES 1-77,text,true,,341,376,3,3,http://localhost:8081/users,40,0,0
1763944656993,0,GET ID,200,OK,TESTES 1-77,text,true,,424,125,3,3,http://localhost:8081/users/397,0,0,0
1763944656993,1,PUT,200,OK,TESTES 1-77,text,true,,409,320,3,3,http://localhost:8081/users/397,1,0,0
1763944656994,0,GET,200,OK,TESTES 1-77,text,true,,2940,121,3,3,http://localhost:8081/users,0,0,0
1763944656994,1,DELETE,200,OK,TESTES 1-77,text,true,,165,211,3,3,http://localhost:8081/users/397,1,0,0
1763944656972,42,POST,201,Created,TESTES 1-78,text,true,,341,376,2,2,http://localhost:8081/users,42,0,0
1763944657015,0,GET ID,200,OK,TESTES 1-78,text,true,,424,125,2,2,http://localhost:8081/users/398,0,0,0
1763944657015,1,PUT,200,OK,TESTES 1-78,text,true,,408,320,2,2,http://localhost:8081/users/398,1,0,0
1763944657016,0,GET,200,OK,TESTES 1-78,text,true,,2939,121,2,2,http://localhost:8081/users,0,0,0
1763944657016,1,DELETE,200,OK,TESTES 1-78,text,true,,165,211,2,2,http://localhost:8081/users/398,1,0,0
1763944657017,0,Healthcheck,200,OK,TESTES 1-78,text,true,,176,127,2,2,http://localhost:8081/healthcheck,0,0,0
1763944656987,40,POST,201,Created,TESTES 1-79,text,true,,341,376,2,2,http://localhost:8081/users,40,0,0
1763944657027,0,GET ID,200,OK,TESTES 1-79,text,true,,424,125,2,2,http://localhost:8081/users/399,0,0,0
1763944657027,1,PUT,200,OK,TESTES 1-79,text,true,,409,320,2,2,http://localhost:8081/users/399,1,0,0
1763944657028,0,GET,200,OK,TESTES 1-79,text,true,,2940,121,2,2,http://localhost:8081/users,0,0,0
1763944657028,1,DELETE,200,OK,TESTES 1-79,text,true,,165,211,2,2,http://localhost:8081/users/399,1,0,0
1763944657029,0,Healthcheck,200,OK,TESTES 1-79,text,true,,176,127,2,2,http://localhost:8081/healthcheck,0,0,0
1763944657017,39,POST,201,Created,TESTES 1-78,text,true,,341,376,2,2,http://localhost:8081/users,39,0,0
1763944657056,1,GET ID,200,OK,TESTES 1-78,text,true,,424,125,2,2,http://localhost:8081/users/400,1,0,0
1763944657057,1,PUT,200,OK,TESTES 1-78,text,true,,407,318,2,2,http://localhost:8081/users/400,1,0,0
1763944657058,0,GET,200,OK,TESTES 1-78,text,true,,2938,121,2,2,http://localhost:8081/users,0,0,0
1763944657058,1,DELETE,200,OK,TESTES 1-78,text,true,,165,211,2,2,http://localhost:8081/users/400,1,0,0
1763944657059,0,Healthcheck,200,OK,TESTES 1-78,text,true,,176,127,2,2,http://localhost:8081/healthcheck,0,0,0
1763944657029,39,POST,201,Created,TESTES 1-79,text,true,,341,376,2,2,http://localhost:8081/users,39,0,0
1763944657068,0,GET ID,200,OK,TESTES 1-79,text,true,,424,125,2,2,http://localhost:8081/users/401,0,0,0
1763944657068,1,PUT,200,OK,TESTES 1-79,text,true,,408,320,2,2,http://localhost:8081/users/401,1,0,0
1763944657069,0,GET,200,OK,TESTES 1-79,text,true,,2939,121,2,2,http://localhost:8081/users,0,0,0
1763944657069,1,DELETE,200,OK,TESTES 1-79,text,true,,165,211,2,2,http://localhost:8081/users/401,1,0,0
1763944657070,0,Healthcheck,200,OK,TESTES 1-79,text,true,,176,127,2,2,http://localhost:8081/healthcheck,0,0,0
1763944657088,1,Healthcheck,200,OK,TESTES 1-80,text,true,,176,127,3,3,http://localhost:8081/healthcheck,1,0,1
1763944657059,39,POST,201,Created,TESTES 1-78,text,true,,341,376,3,3,http://localhost:8081/users,39,0,0
1763944657098,1,GET ID,200,OK,TESTES 1-78,text,true,,424,125,3,3,http://localhost:8081/users/402,1,0,0
1763944657099,0,PUT,200,OK,TESTES 1-78,text,true,,409,320,3,3,http://localhost:8081/users/402,0,0,0
1763944657099,0,GET,200,OK,TESTES 1-78,text,true,,2940,121,3,3,http://localhost:8081/users,0,0,0
1763944657099,1,DELETE,200,OK,TESTES 1-78,text,true,,165,211,3,3,http://localhost:8081/users/402,1,0,0
1763944657070,39,POST,201,Created,TESTES 1-79,text,true,,341,376,2,2,http://localhost:8081/users,39,0,0
1763944657109,1,GET ID,200,OK,TESTES 1-79,text,true,,424,125,2,2,http://localhost:8081/users/403,1,0,0
1763944657110,0,PUT,200,OK,TESTES 1-79,text,true,,409,320,2,2,http://localhost:8081/users/403,0,0,0
1763944657110,0,GET,200,OK,TESTES 1-79,text,true,,2940,121,2,2,http://localhost:8081/users,0,0,0
1763944657110,1,DELETE,200,OK,TESTES 1-79,text,true,,165,211,2,2,http://localhost:8081/users/403,1,0,0
1763944657111,0,Healthcheck,200,OK,TESTES 1-79,text,true,,176,127,2,2,http://localhost:8081/healthcheck,0,0,0
1763944657089,41,POST,201,Created,TESTES 1-80,text,true,,341,376,2,2,http://localhost:8081/users,41,0,0
1763944657130,1,GET ID,200,OK,TESTES 1-80,text,true,,424,125,2,2,http://localhost:8081/users/404,1,0,0
1763944657131,0,PUT,200,OK,TESTES 1-80,text,true,,409,320,2,2,http://localhost:8081/users/404,0,0,0
1763944657131,1,GET,200,OK,TESTES 1-80,text,true,,2940,121,2,2,http://localhost:8081/users,1,0,0
1763944657132,0,DELETE,200,OK,TESTES 1-80,text,true,,165,211,2,2,http://localhost:8081/users/404,0,0,0
1763944657132,0,Healthcheck,200,OK,TESTES 1-80,text,true,,176,127,2,2,http://localhost:8081/healthcheck,0,0,0
1763944657111,39,POST,201,Created,TESTES 1-79,text,true,,341,376,2,2,http://localhost:8081/users,39,0,0
1763944657150,1,GET ID,200,OK,TESTES 1-79,text,true,,424,125,2,2,http://localhost:8081/users/405,1,0,0
1763944657151,0,PUT,200,OK,TESTES 1-79,text,true,,407,319,2,2,http://localhost:8081/users/405,0,0,0
1763944657151,0,GET,200,OK,TESTES 1-79,text,true,,2938,121,2,2,http://localhost:8081/users,0,0,0
1763944657151,1,DELETE,200,OK,TESTES 1-79,text,true,,165,211,2,2,http://localhost:8081/users/405,1,0,0
1763944657152,0,Healthcheck,200,OK,TESTES 1-79,text,true,,176,127,2,2,http://localhost:8081/healthcheck,0,0,0
1763944657132,40,POST,201,Created,TESTES 1-80,text,true,,341,376,2,2,http://localhost:8081/users,40,0,0
1763944657172,0,GET ID,200,OK,TESTES 1-80,text,true,,424,125,2,2,http://localhost:8081/users/406,0,0,0
1763944657172,1,PUT,200,OK,TESTES 1-80,text,true,,406,318,2,2,http://localhost:8081/users/406,1,0,0
1763944657174,0,GET,200,OK,TESTES 1-80,text,true,,2937,121,2,2,http://localhost:8081/users,0,0,0
1763944657174,1,DELETE,200,OK,TESTES 1-80,text,true,,165,211,2,2,http://localhost:8081/users/406,1,0,0
1763944657175,0,Healthcheck,200,OK,TESTES 1-80,text,true,,176,127,2,2,http://localhost:8081/healthcheck,0,0,0
1763944657187,1,Healthcheck,200,OK,TESTES 1-81,text,true,,176,127,3,3,http://localhost:8081/healthcheck,1,0,0
1763944657152,39,POST,201,Created,TESTES 1-79,text,true,,341,375,3,3,http://localhost:8081/users,39,0,0
1763944657191,1,GET ID,200,OK,TESTES 1-79,text,true,,424,125,3,3,http://localhost:8081/users/407,1,0,0
1763944657192,0,PUT,200,OK,TESTES 1-79,text,true,,409,320,3,3,http://localhost:8081/users/407,0,0,0
1763944657192,1,GET,200,OK,TESTES 1-79,text,true,,2940,121,3,3,http://localhost:8081/users,1,0,0
1763944657193,0,DELETE,200,OK,TESTES 1-79,text,true,,165,211,3,3,http://localhost:8081/users/407,0,0,0
1763944657175,39,POST,201,Created,TESTES 1-80,text,true,,339,374,2,2,http://localhost:8081/users,39,0,0
1763944657214,1,GET ID,200,OK,TESTES 1-80,text,true,,422,125,2,2,http://localhost:8081/users/408,1,0,0
1763944657215,1,PUT,200,OK,TESTES 1-80,text,true,,409,320,2,2,http://localhost:8081/users/408,1,0,0
1763944657216,0,GET,200,OK,TESTES 1-80,text,true,,2940,121,2,2,http://localhost:8081/users,0,0,0
1763944657216,1,DELETE,200,OK,TESTES 1-80,text,true,,165,211,2,2,http://localhost:8081/users/408,1,0,0
1763944657217,0,Healthcheck,200,OK,TESTES 1-80,text,true,,176,127,2,2,http://localhost:8081/healthcheck,0,0,0
1763944657188,40,POST,201,Created,TESTES 1-81,text,true,,341,376,2,2,http://localhost:8081/users,40,0,0
1763944657228,0,GET ID,200,OK,TESTES 1-81,text,true,,424,125,2,2,http://localhost:8081/users/409,0,0,0
1763944657228,1,PUT,200,OK,TESTES 1-81,text,true,,409,320,2,2,http://localhost:8081/users/409,1,0,0
1763944657229,0,GET,200,OK,TESTES 1-81,text,true,,2940,121,2,2,http://localhost:8081/users,0,0,0
1763944657229,0,DELETE,200,OK,TESTES 1-81,text,true,,165,211,2,2,http://localhost:8081/users/409,0,0,0
1763944657229,1,Healthcheck,200,OK,TESTES 1-81,text,true,,176,127,2,2,http://localhost:8081/healthcheck,1,0,0
1763944657217,39,POST,201,Created,TESTES 1-80,text,true,,341,376,2,2,http://localhost:8081/users,39,0,0
1763944657257,0,GET ID,200,OK,TESTES 1-80,text,true,,424,125,2,2,http://localhost:8081/users/410,0,0,0
1763944657257,2,PUT,200,OK,TESTES 1-80,text,true,,409,320,2,2,http://localhost:8081/users/410,1,0,0
1763944657259,0,GET,200,OK,TESTES 1-80,text,true,,2940,121,2,2,http://localhost:8081/users,0,0,0
1763944657259,1,DELETE,200,OK,TESTES 1-80,text,true,,165,211,2,2,http://localhost:8081/users/410,1,0,0
1763944657260,0,Healthcheck,200,OK,TESTES 1-80,text,true,,176,127,2,2,http://localhost:8081/healthcheck,0,0,0
1763944657230,39,POST,201,Created,TESTES 1-81,text,true,,341,376,2,2,http://localhost:8081/users,39,0,0
1763944657269,0,GET ID,200,OK,TESTES 1-81,text,true,,424,125,2,2,http://localhost:8081/users/411,0,0,0
1763944657269,1,PUT,200,OK,TESTES 1-81,text,true,,409,320,2,2,http://localhost:8081/users/411,1,0,0
1763944657270,0,GET,200,OK,TESTES 1-81,text,true,,2940,121,2,2,http://localhost:8081/users,0,0,0
1763944657270,0,DELETE,200,OK,TESTES 1-81,text,true,,165,211,2,2,http://localhost:8081/users/411,0,0,0
1763944657270,0,Healthcheck,200,OK,TESTES 1-81,text,true,,176,127,2,2,http://localhost:8081/healthcheck,0,0,0
1763944657287,0,Healthcheck,200,OK,TESTES 1-82,text,true,,176,127,3,3,http://localhost:8081/healthcheck,0,0,0
1763944657260,39,POST,201,Created,TESTES 1-80,text,true,,338,373,3,3,http://localhost:8081/users,39,0,0
1763944657299,1,GET ID,200,OK,TESTES 1-80,text,true,,421,125,3,3,http://localhost:8081/users/412,1,0,0
1763944657300,1,PUT,200,OK,TESTES 1-80,text,true,,409,320,3,3,http://localhost:8081/users/412,1,0,0
1763944657301,0,GET,200,OK,TESTES 1-80,text,true,,2940,121,3,3,http://localhost:8081/users,0,0,0
1763944657301,0,DELETE,200,OK,TESTES 1-80,text,true,,165,211,3,3,http://localhost:8081/users/412,0,0,0
1763944657270,40,POST,201,Created,TESTES 1-81,text,true,,338,373,2,2,http://localhost:8081/users,40,0,0
1763944657310,1,GET ID,200,OK,TESTES 1-81,text,true,,421,125,2,2,http://localhost:8081/users/413,1,0,0
1763944657311,0,PUT,200,OK,TESTES 1-81,text,true,,408,320,2,2,http://localhost:8081/users/413,0,0,0
1763944657311,0,GET,200,OK,TESTES 1-81,text,true,,2939,121,2,2,http://localhost:8081/users,0,0,0
1763944657311,1,DELETE,200,OK,TESTES 1-81,text,true,,165,211,2,2,http://localhost:8081/users/413,1,0,0
1763944657312,0,Healthcheck,200,OK,TESTES 1-81,text,true,,176,127,2,2,http://localhost:8081/healthcheck,0,0,0
1763944657287,40,POST,201,Created,TESTES 1-82,text,true,,341,376,2,2,http://localhost:8081/users,40,0,0
1763944657327,1,GET ID,200,OK,TESTES 1-82,text,true,,424,125,2,2,http://localhost:8081/users/414,1,0,0
1763944657328,0,PUT,200,OK,TESTES 1-82,text,true,,409,320,2,2,http://localhost:8081/users/414,0,0,0
1763944657328,0,GET,200,OK,TESTES 1-82,text,true,,2940,121,2,2,http://localhost:8081/users,0,0,0
1763944657329,0,DELETE,200,OK,TESTES 1-82,text,true,,165,211,2,2,http://localhost:8081/users/414,0,0,0
1763944657329,0,Healthcheck,200,OK,TESTES 1-82,text,true,,176,127,2,2,http://localhost:8081/healthcheck,0,0,0
1763944657312,40,POST,201,Created,TESTES 1-81,text,true,,341,376,2,2,http://localhost:8081/users,40,0,0
1763944657352,1,GET ID,200,OK,TESTES 1-81,text,true,,424,125,2,2,http://localhost:8081/users/415,1,0,0
1763944657353,0,PUT,200,OK,TESTES 1-81,text,true,,409,320,2,2,http://localhost:8081/users/415,0,0,0
1763944657353,1,GET,200,OK,TESTES 1-81,text,true,,2940,121,2,2,http://localhost:8081/users,1,0,0
1763944657354,0,DELETE,200,OK,TESTES 1-81,text,true,,165,211,2,2,http://localhost:8081/users/415,0,0,0
1763944657354,0,Healthcheck,200,OK,TESTES 1-81,text,true,,176,127,2,2,http://localhost:8081/healthcheck,0,0,0
1763944657329,40,POST,201,Created,TESTES 1-82,text,true,,340,375,2,2,http://localhost:8081/users,40,0,0
1763944657369,0,GET ID,200,OK,TESTES 1-82,text,true,,423,125,2,2,http://localhost:8081/users/416,0,0,0
1763944657369,0,PUT,200,OK,TESTES 1-82,text,true,,409,320,2,2,http://localhost:8081/users/416,0,0,0
1763944657369,1,GET,200,OK,TESTES 1-82,text,true,,2940,121,2,2,http://localhost:8081/users,1,0,0
1763944657370,0,DELETE,200,OK,TESTES 1-82,text,true,,165,211,2,2,http://localhost:8081/users/416,0,0,0
1763944657370,0,Healthcheck,200,OK,TESTES 1-82,text,true,,176,127,2,2,http://localhost:8081/healthcheck,0,0,0
1763944657387,3,Healthcheck,200,OK,TESTES 1-83,text,true,,176,127,3,3,http://localhost:8081/healthcheck,3,0,0
1763944657354,40,POST,201,Created,TESTES 1-81,text,true,,341,375,3,3,http://localhost:8081/users,40,0,0
1763944657394,0,GET ID,200,OK,TESTES 1-81,text,true,,424,125,3,3,http://localhost:8081/users/417,0,0,0
1763944657394,0,PUT,200,OK,TESTES 1-81,text,true,,409,320,3,3,http://localhost:8081/users/417,0,0,0
1763944657394,1,GET,200,OK,TESTES 1-81,text,true,,2940,121,3,3,http://localhost:8081/users,1,0,0
1763944657395,0,DELETE,200,OK,TESTES 1-81,text,true,,165,211,3,3,http://localhost:8081/users/417,0,0,0
1763944657370,39,POST,201,Created,TESTES 1-82,text,true,,341,376,2,2,http://localhost:8081/users,39,0,0
1763944657409,1,GET ID,200,OK,TESTES 1-82,text,true,,424,125,2,2,http://localhost:8081/users/418,1,0,0
1763944657410,0,PUT,200,OK,TESTES 1-82,text,true,,408,319,2,2,http://localhost:8081/users/418,0,0,0
1763944657410,0,GET,200,OK,TESTES 1-82,text,true,,2939,121,2,2,http://localhost:8081/users,0,0,0
1763944657410,1,DELETE,200,OK,TESTES 1-82,text,true,,165,211,2,2,http://localhost:8081/users/418,1,0,0
1763944657411,0,Healthcheck,200,OK,TESTES 1-82,text,true,,176,127,2,2,http://localhost:8081/healthcheck,0,0,0
1763944657390,40,POST,201,Created,TESTES 1-83,text,true,,341,376,2,2,http://localhost:8081/users,40,0,0
1763944657430,1,GET ID,200,OK,TESTES 1-83,text,true,,424,125,2,2,http://localhost:8081/users/419,1,0,0
1763944657431,0,PUT,200,OK,TESTES 1-83,text,true,,408,319,2,2,http://localhost:8081/users/419,0,0,0
1763944657431,1,GET,200,OK,TESTES 1-83,text,true,,2939,121,2,2,http://localhost:8081/users,1,0,0
1763944657432,0,DELETE,200,OK,TESTES 1-83,text,true,,165,211,2,2,http://localhost:8081/users/419,0,0,0
1763944657432,0,Healthcheck,200,OK,TESTES 1-83,text,true,,176,127,2,2,http://localhost:8081/healthcheck,0,0,0
1763944657411,39,POST,201,Created,TESTES 1-82,text,true,,341,376,2,2,http://localhost:8081/users,39,0,0
1763944657451,0,GET ID,200,OK,TESTES 1-82,text,true,,424,125,2,2,http://localhost:8081/users/420,0,0,0
1763944657451,0,PUT,200,OK,TESTES 1-82,text,true,,409,320,2,2,http://localhost:8081/users/420,0,0,0
1763944657451,1,GET,200,OK,TESTES 1-82,text,true,,2940,121,2,2,http://localhost:8081/users,1,0,0
1763944657452,0,DELETE,200,OK,TESTES 1-82,text,true,,165,211,2,2,http://localhost:8081/users/420,0,0,0
1763944657452,0,Healthcheck,200,OK,TESTES 1-82,text,true,,176,127,2,2,http://localhost:8081/healthcheck,0,0,0
1763944657432,40,POST,201,Created,TESTES 1-83,text,true,,341,376,2,2,http://localhost:8081/users,40,0,0
1763944657472,0,GET ID,200,OK,TESTES 1-83,text,true,,424,125,2,2,http://localhost:8081/users/421,0,0,0
1763944657473,0,PUT,200,OK,TESTES 1-83,text,true,,408,320,2,2,http://localhost:8081/users/421,0,0,0
1763944657473,1,GET,200,OK,TESTES 1-83,text,true,,2939,121,2,2,http://localhost:8081/users,1,0,0
1763944657474,0,DELETE,200,OK,TESTES 1-83,text,true,,165,211,2,2,http://localhost:8081/users/421,0,0,0
1763944657474,0,Healthcheck,200,OK,TESTES 1-83,text,true,,176,127,2,2,http://localhost:8081/healthcheck,0,0,0
1763944657488,2,Healthcheck,200,OK,TESTES 1-84,text,true,,176,127,3,3,http://localhost:8081/healthcheck,2,0,0
1763944657452,39,POST,201,Created,TESTES 1-82,text,true,,340,375,3,3,http://localhost:8081/users,39,0,0
1763944657492,0,GET ID,200,OK,TESTES 1-82,text,true,,423,125,3,3,http://localhost:8081/users/422,0,0,0
1763944657492,0,PUT,200,OK,TESTES 1-82,text,true,,409,320,3,3,http://localhost:8081/users/422,0,0,0
1763944657492,1,GET,200,OK,TESTES 1-82,text,true,,2940,121,3,3,http://localhost:8081/users,1,0,0
1763944657493,0,DELETE,200,OK,TESTES 1-82,text,true,,165,211,3,3,http://localhost:8081/users/422,0,0,0
1763944657474,40,POST,201,Created,TESTES 1-83,text,true,,341,376,2,2,http://localhost:8081/users,40,0,0
1763944657514,0,GET ID,200,OK,TESTES 1-83,text,true,,424,125,2,2,http://localhost:8081/users/423,0,0,0
1763944657514,1,PUT,200,OK,TESTES 1-83,text,true,,407,319,2,2,http://localhost:8081/users/423,1,0,0
1763944657515,0,GET,200,OK,TESTES 1-83,text,true,,2938,121,2,2,http://localhost:8081/users,0,0,0
1763944657515,1,DELETE,200,OK,TESTES 1-83,text,true,,165,211,2,2,http://localhost:8081/users/423,1,0,0
1763944657516,0,Healthcheck,200,OK,TESTES 1-83,text,true,,176,127,2,2,http://localhost:8081/healthcheck,0,0,0
1763944657490,40,POST,201,Created,TESTES 1-84,text,true,,341,376,2,2,http://localhost:8081/users,40,0,0
1763944657530,0,GET ID,200,OK,TESTES 1-84,text,true,,422,125,2,2,http://localhost:8081/users/424,0,0,0
1763944657530,1,PUT,200,OK,TESTES 1-84,text,true,,407,319,2,2,http://localhost:8081/users/424,1,0,0
1763944657531,0,GET,200,OK,TESTES 1-84,text,true,,2938,121,2,2,http://localhost:8081/users,0,0,0
1763944657531,1,DELETE,200,OK,TESTES 1-84,text,true,,165,211,2,2,http://localhost:8081/users/424,1,0,0
1763944657532,0,Healthcheck,200,OK,TESTES 1-84,text,true,,176,127,2,2,http://localhost:8081/healthcheck,0,0,0
1763944657516,39,POST,201,Created,TESTES 1-83,text,true,,340,375,2,2,http://localhost:8081/users,39,0,0
1763944657555,1,GET ID,200,OK,TESTES 1-83,text,true,,423,125,2,2,http://localhost:8081/users/425,1,0,0
1763944657556,1,PUT,200,OK,TESTES 1-83,text,true,,409,320,2,2,http://localhost:8081/users/425,1,0,0
1763944657557,0,GET,200,OK,TESTES 1-83,text,true,,2940,121,2,2,http://localhost:8081/users,0,0,0
1763944657557,0,DELETE,200,OK,TESTES 1-83,text,true,,165,211,2,2,http://localhost:8081/users/425,0,0,0
1763944657557,1,Healthcheck,200,OK,TESTES 1-83,text,true,,176,127,2,2,http://localhost:8081/healthcheck,1,0,0
1763944657532,41,POST,201,Created,TESTES 1-84,text,true,,341,376,2,2,http://localhost:8081/users,41,0,0
1763944657573,0,GET ID,200,OK,TESTES 1-84,text,true,,424,125,2,2,http://localhost:8081/users/426,0,0,0
1763944657573,0,PUT,200,OK,TESTES 1-84,text,true,,408,319,2,2,http://localhost:8081/users/426,0,0,0
1763944657574,0,GET,200,OK,TESTES 1-84,text,true,,2939,121,2,2,http://localhost:8081/users,0,0,0
1763944657574,0,DELETE,200,OK,TESTES 1-84,text,true,,165,211,2,2,http://localhost:8081/users/426,0,0,0
1763944657574,0,Healthcheck,200,OK,TESTES 1-84,text,true,,176,127,2,2,http://localhost:8081/healthcheck,0,0,0
1763944657588,3,Healthcheck,200,OK,TESTES 1-85,text,true,,176,127,3,3,http://localhost:8081/healthcheck,3,0,1
1763944657558,40,POST,201,Created,TESTES 1-83,text,true,,341,376,3,3,http://localhost:8081/users,40,0,0
1763944657598,0,GET ID,200,OK,TESTES 1-83,text,true,,424,125,3,3,http://localhost:8081/users/427,0,0,0
1763944657598,1,PUT,200,OK,TESTES 1-83,text,true,,408,319,3,3,http://localhost:8081/users/427,1,0,0
1763944657599,0,GET,200,OK,TESTES 1-83,text,true,,2939,121,3,3,http://localhost:8081/users,0,0,0
1763944657599,0,DELETE,200,OK,TESTES 1-83,text,true,,165,211,3,3,http://localhost:8081/users/427,0,0,0
1763944657574,42,POST,201,Created,TESTES 1-84,text,true,,341,376,2,2,http://localhost:8081/users,42,0,0
1763944657616,0,GET ID,200,OK,TESTES 1-84,text,true,,422,125,2,2,http://localhost:8081/users/428,0,0,0
1763944657616,1,PUT,200,OK,TESTES 1-84,text,true,,407,319,2,2,http://localhost:8081/users/428,1,0,0
1763944657617,0,GET,200,OK,TESTES 1-84,text,true,,2938,121,2,2,http://localhost:8081/users,0,0,0
1763944657617,1,DELETE,200,OK,TESTES 1-84,text,true,,165,211,2,2,http://localhost:8081/users/428,1,0,0
1763944657618,0,Healthcheck,200,OK,TESTES 1-84,text,true,,176,127,2,2,http://localhost:8081/healthcheck,0,0,0
1763944657591,41,POST,201,Created,TESTES 1-85,text,true,,341,376,2,2,http://localhost:8081/users,41,0,0
1763944657632,0,GET ID,200,OK,TESTES 1-85,text,true,,424,125,2,2,http://localhost:8081/users/429,0,0,0
1763944657632,1,PUT,200,OK,TESTES 1-85,text,true,,409,320,2,2,http://localhost:8081/users/429,1,0,0
1763944657633,0,GET,200,OK,TESTES 1-85,text,true,,2940,121,2,2,http://localhost:8081/users,0,0,0
1763944657633,1,DELETE,200,OK,TESTES 1-85,text,true,,165,211,2,2,http://localhost:8081/users/429,1,0,0
1763944657634,0,Healthcheck,200,OK,TESTES 1-85,text,true,,176,127,2,2,http://localhost:8081/healthcheck,0,0,0
1763944657618,39,POST,201,Created,TESTES 1-84,text,true,,341,376,2,2,http://localhost:8081/users,39,0,0
1763944657657,1,GET ID,200,OK,TESTES 1-84,text,true,,424,125,2,2,http://localhost:8081/users/430,1,0,0
1763944657658,1,PUT,200,OK,TESTES 1-84,text,true,,409,320,2,2,http://localhost:8081/users/430,1,0,0
1763944657659,0,GET,200,OK,TESTES 1-84,text,true,,2940,121,2,2,http://localhost:8081/users,0,0,0
1763944657659,1,DELETE,200,OK,TESTES 1-84,text,true,,165,211,2,2,http://localhost:8081/users/430,1,0,0
1763944657660,0,Healthcheck,200,OK,TESTES 1-84,text,true,,176,127,2,2,http://localhost:8081/healthcheck,0,0,0
1763944657634,39,POST,201,Created,TESTES 1-85,text,true,,341,376,2,2,http://localhost:8081/users,39,0,0
1763944657673,0,GET ID,200,OK,TESTES 1-85,text,true,,424,125,2,2,http://localhost:8081/users/431,0,0,0
1763944657673,1,PUT,200,OK,TESTES 1-85,text,true,,409,320,2,2,http://localhost:8081/users/431,1,0,0
1763944657674,1,GET,200,OK,TESTES 1-85,text,true,,2940,121,2,2,http://localhost:8081/users,1,0,0
1763944657675,0,DELETE,200,OK,TESTES 1-85,text,true,,165,211,2,2,http://localhost:8081/users/431,0,0,0
1763944657675,0,Healthcheck,200,OK,TESTES 1-85,text,true,,176,127,2,2,http://localhost:8081/healthcheck,0,0,0
1763944657688,4,Healthcheck,200,OK,TESTES 1-86,text,true,,176,127,3,3,http://localhost:8081/healthcheck,4,0,1
1763944657660,39,POST,201,Created,TESTES 1-84,text,true,,341,376,3,3,http://localhost:8081/users,39,0,0
1763944657699,1,GET ID,200,OK,TESTES 1-84,text,true,,424,125,3,3,http://localhost:8081/users/432,1,0,0
1763944657700,0,PUT,200,OK,TESTES 1-84,text,true,,409,320,3,3,http://localhost:8081/users/432,0,0,0
1763944657700,0,GET,200,OK,TESTES 1-84,text,true,,2940,121,3,3,http://localhost:8081/users,0,0,0
1763944657700,1,DELETE,200,OK,TESTES 1-84,text,true,,165,211,3,3,http://localhost:8081/users/432,1,0,0
1763944657675,39,POST,201,Created,TESTES 1-85,text,true,,341,376,2,2,http://localhost:8081/users,39,0,0
1763944657714,1,GET ID,200,OK,TESTES 1-85,text,true,,424,125,2,2,http://localhost:8081/users/433,1,0,0
1763944657715,0,PUT,200,OK,TESTES 1-85,text,true,,409,320,2,2,http://localhost:8081/users/433,0,0,0
1763944657715,1,GET,200,OK,TESTES 1-85,text,true,,2940,121,2,2,http://localhost:8081/users,1,0,0
1763944657716,0,DELETE,200,OK,TESTES 1-85,text,true,,165,211,2,2,http://localhost:8081/users/433,0,0,0
1763944657716,0,Healthcheck,200,OK,TESTES 1-85,text,true,,176,127,2,2,http://localhost:8081/healthcheck,0,0,0
1763944657692,39,POST,201,Created,TESTES 1-86,text,true,,341,376,2,2,http://localhost:8081/users,39,0,0
1763944657731,0,GET ID,200,OK,TESTES 1-86,text,true,,424,125,2,2,http://localhost:8081/users/434,0,0,0
1763944657731,1,PUT,200,OK,TESTES 1-86,text,true,,409,320,2,2,http://localhost:8081/users/434,1,0,0
1763944657732,0,GET,200,OK,TESTES 1-86,text,true,,2940,121,2,2,http://localhost:8081/users,0,0,0
1763944657732,1,DELETE,200,OK,TESTES 1-86,text,true,,165,211,2,2,http://localhost:8081/users/434,1,0,0
1763944657733,0,Healthcheck,200,OK,TESTES 1-86,text,true,,176,127,2,2,http://localhost:8081/healthcheck,0,0,0
1763944657716,40,POST,201,Created,TESTES 1-85,text,true,,341,376,2,2,http://localhost:8081/users,40,0,0
1763944657756,0,GET ID,200,OK,TESTES 1-85,text,true,,424,125,2,2,http://localhost:8081/users/435,0,0,0
1763944657756,1,PUT,200,OK,TESTES 1-85,text,true,,409,320,2,2,http://localhost:8081/users/435,1,0,0
1763944657757,1,GET,200,OK,TESTES 1-85,text,true,,2940,121,2,2,http://localhost:8081/users,1,0,0
1763944657758,0,DELETE,200,OK,TESTES 1-85,text,true,,165,211,2,2,http://localhost:8081/users/435,0,0,0
1763944657758,0,Healthcheck,200,OK,TESTES 1-85,text,true,,176,127,2,2,http://localhost:8081/healthcheck,0,0,0
1763944657733,39,POST,201,Created,TESTES 1-86,text,true,,341,376,2,2,http://localhost:8081/users,39,0,0
1763944657772,1,GET ID,200,OK,TESTES 1-86,text,true,,424,125,2,2,http://localhost:8081/users/436,1,0,0
1763944657773,1,PUT,200,OK,TESTES 1-86,text,true,,408,319,2,2,http://localhost:8081/users/436,1,0,0
1763944657774,0,GET,200,OK,TESTES 1-86,text,true,,2939,121,2,2,http://localhost:8081/users,0,0,0
1763944657774,0,DELETE,200,OK,TESTES 1-86,text,true,,165,211,2,2,http://localhost:8081/users/436,0,0,0
1763944657774,0,Healthcheck,200,OK,TESTES 1-86,text,true,,176,127,2,2,http://localhost:8081/healthcheck,0,0,0
1763944657788,4,Healthcheck,200,OK,TESTES 1-87,text,true,,176,127,3,3,http://localhost:8081/healthcheck,4,0,0
1763944657758,40,POST,201,Created,TESTES 1-85,text,true,,341,376,3,3,http://localhost:8081/users,40,0,0
1763944657798,0,GET ID,200,OK,TESTES 1-85,text,true,,424,125,3,3,http://localhost:8081/users/437,0,0,0
1763944657798,1,PUT,200,OK,TESTES 1-85,text,true,,409,320,3,3,http://localhost:8081/users/437,1,0,0
1763944657799,0,GET,200,OK,TESTES 1-85,text,true,,2940,121,3,3,http://localhost:8081/users,0,0,0
1763944657799,0,DELETE,200,OK,TESTES 1-85,text,true,,165,211,3,3,http://localhost:8081/users/437,0,0,0
1763944657774,40,POST,201,Created,TESTES 1-86,text,true,,341,376,2,2,http://localhost:8081/users,40,0,0
1763944657814,0,GET ID,200,OK,TESTES 1-86,text,true,,422,125,2,2,http://localhost:8081/users/438,0,0,0
1763944657814,1,PUT,200,OK,TESTES 1-86,text,true,,407,320,2,2,http://localhost:8081/users/438,1,0,0
1763944657815,0,GET,200,OK,TESTES 1-86,text,true,,2938,121,2,2,http://localhost:8081/users,0,0,0
1763944657815,1,DELETE,200,OK,TESTES 1-86,text,true,,165,211,2,2,http://localhost:8081/users/438,1,0,0
1763944657816,0,Healthcheck,200,OK,TESTES 1-86,text,true,,176,127,2,2,http://localhost:8081/healthcheck,0,0,0
1763944657792,40,POST,201,Created,TESTES 1-87,text,true,,341,376,2,2,http://localhost:8081/users,40,0,0
1763944657832,1,GET ID,200,OK,TESTES 1-87,text,true,,424,125,2,2,http://localhost:8081/users/439,1,0,0
1763944657833,0,PUT,200,OK,TESTES 1-87,text,true,,408,320,2,2,http://localhost:8081/users/439,0,0,0
1763944657833,1,GET,200,OK,TESTES 1-87,text,true,,2939,121,2,2,http://localhost:8081/users,1,0,0
1763944657834,0,DELETE,200,OK,TESTES 1-87,text,true,,165,211,2,2,http://localhost:8081/users/439,0,0,0
1763944657834,0,Healthcheck,200,OK,TESTES 1-87,text,true,,176,127,2,2,http://localhost:8081/healthcheck,0,0,0
1763944657816,40,POST,201,Created,TESTES 1-86,text,true,,341,375,2,2,http://localhost:8081/users,40,0,0
1763944657856,1,GET ID,200,OK,TESTES 1-86,text,true,,424,125,2,2,http://localhost:8081/users/440,1,0,0
1763944657857,1,PUT,200,OK,TESTES 1-86,text,true,,409,320,2,2,http://localhost:8081/users/440,1,0,0
1763944657858,0,GET,200,OK,TESTES 1-86,text,true,,2940,121,2,2,http://localhost:8081/users,0,0,0
1763944657858,1,DELETE,200,OK,TESTES 1-86,text,true,,165,211,2,2,http://localhost:8081/users/440,1,0,0
1763944657859,0,Healthcheck,200,OK,TESTES 1-86,text,true,,176,127,2,2,http://localhost:8081/healthcheck,0,0,0
1763944657834,40,POST,201,Created,TESTES 1-87,text,true,,341,376,2,2,http://localhost:8081/users,40,0,0
1763944657874,0,GET ID,200,OK,TESTES 1-87,text,true,,424,125,2,2,http://localhost:8081/users/441,0,0,0
1763944657874,1,PUT,200,OK,TESTES 1-87,text,true,,409,320,2,2,http://localhost:8081/users/441,1,0,0
1763944657875,0,GET,200,OK,TESTES 1-87,text,true,,2940,121,2,2,http://localhost:8081/users,0,0,0
1763944657875,1,DELETE,200,OK,TESTES 1-87,text,true,,165,211,2,2,http://localhost:8081/users/441,1,0,0
1763944657876,0,Healthcheck,200,OK,TESTES 1-87,text,true,,176,127,2,2,http://localhost:8081/healthcheck,0,0,0
1763944657887,6,Healthcheck,200,OK,TESTES 1-88,text,true,,176,127,3,3,http://localhost:8081/healthcheck,6,0,0
1763944657859,39,POST,201,Created,TESTES 1-86,text,true,,341,376,3,3,http://localhost:8081/users,39,0,0
1763944657898,0,GET ID,200,OK,TESTES 1-86,text,true,,424,125,3,3,http://localhost:8081/users/442,0,0,0
1763944657898,1,PUT,200,OK,TESTES 1-86,text,true,,409,320,3,3,http://localhost:8081/users/442,1,0,0
1763944657899,0,GET,200,OK,TESTES 1-86,text,true,,2940,121,3,3,http://localhost:8081/users,0,0,0
1763944657899,1,DELETE,200,OK,TESTES 1-86,text,true,,165,211,3,3,http://localhost:8081/users/442,1,0,0
1763944657876,40,POST,201,Created,TESTES 1-87,text,true,,341,376,2,2,http://localhost:8081/users,40,0,0
1763944657916,0,GET ID,200,OK,TESTES 1-87,text,true,,424,125,2,2,http://localhost:8081/users/443,0,0,0
1763944657916,1,PUT,200,OK,TESTES 1-87,text,true,,409,320,2,2,http://localhost:8081/users/443,1,0,0
1763944657917,0,GET,200,OK,TESTES 1-87,text,true,,2940,121,2,2,http://localhost:8081/users,0,0,0
1763944657917,1,DELETE,200,OK,TESTES 1-87,text,true,,165,211,2,2,http://localhost:8081/users/443,1,0,0
1763944657918,0,Healthcheck,200,OK,TESTES 1-87,text,true,,176,127,2,2,http://localhost:8081/healthcheck,0,0,0
1763944657893,42,POST,201,Created,TESTES 1-88,text,true,,341,376,2,2,http://localhost:8081/users,42,0,0
1763944657935,0,GET ID,200,OK,TESTES 1-88,text,true,,424,125,2,2,http://localhost:8081/users/444,0,0,0
1763944657935,1,PUT,200,OK,TESTES 1-88,text,true,,409,320,2,2,http://localhost:8081/users/444,1,0,0
1763944657936,0,GET,200,OK,TESTES 1-88,text,true,,2940,121,2,2,http://localhost:8081/users,0,0,0
1763944657936,1,DELETE,200,OK,TESTES 1-88,text,true,,165,211,2,2,http://localhost:8081/users/444,1,0,0
1763944657937,0,Healthcheck,200,OK,TESTES 1-88,text,true,,176,127,2,2,http://localhost:8081/healthcheck,0,0,0
1763944657918,39,POST,201,Created,TESTES 1-87,text,true,,341,376,2,2,http://localhost:8081/users,39,0,0
1763944657957,0,GET ID,200,OK,TESTES 1-87,text,true,,424,125,2,2,http://localhost:8081/users/445,0,0,0
1763944657957,1,PUT,200,OK,TESTES 1-87,text,true,,409,320,2,2,http://localhost:8081/users/445,1,0,0
1763944657958,0,GET,200,OK,TESTES 1-87,text,true,,2940,121,2,2,http://localhost:8081/users,0,0,0
1763944657958,1,DELETE,200,OK,TESTES 1-87,text,true,,165,211,2,2,http://localhost:8081/users/445,1,0,0
1763944657959,0,Healthcheck,200,OK,TESTES 1-87,text,true,,176,127,2,2,http://localhost:8081/healthcheck,0,0,0
1763944657937,39,POST,201,Created,TESTES 1-88,text,true,,341,376,2,2,http://localhost:8081/users,39,0,0
1763944657976,0,GET ID,200,OK,TESTES 1-88,text,true,,424,125,2,2,http://localhost:8081/users/446,0,0,0
1763944657976,1,PUT,200,OK,TESTES 1-88,text,true,,409,320,2,2,http://localhost:8081/users/446,1,0,0
1763944657977,0,GET,200,OK,TESTES 1-88,text,true,,2940,121,2,2,http://localhost:8081/users,0,0,0
1763944657977,1,DELETE,200,OK,TESTES 1-88,text,true,,165,211,2,2,http://localhost:8081/users/446,1,0,0
1763944657978,0,Healthcheck,200,OK,TESTES 1-88,text,true,,176,127,2,2,http://localhost:8081/healthcheck,0,0,0
1763944657987,0,Healthcheck,200,OK,TESTES 1-89,text,true,,176,127,3,3,http://localhost:8081/healthcheck,0,0,0
1763944657959,39,POST,201,Created,TESTES 1-87,text,true,,341,376,3,3,http://localhost:8081/users,39,0,0
1763944657998,1,GET ID,200,OK,TESTES 1-87,text,true,,424,125,3,3,http://localhost:8081/users/447,1,0,0
1763944657999,1,PUT,200,OK,TESTES 1-87,text,true,,409,320,3,3,http://localhost:8081/users/447,1,0,0
1763944658000,0,GET,200,OK,TESTES 1-87,text,true,,2940,121,3,3,http://localhost:8081/users,0,0,0
1763944658000,1,DELETE,200,OK,TESTES 1-87,text,true,,165,211,3,3,http://localhost:8081/users/447,1,0,0
1763944657978,40,POST,201,Created,TESTES 1-88,text,true,,341,376,2,2,http://localhost:8081/users,40,0,0
1763944658018,0,GET ID,200,OK,TESTES 1-88,text,true,,424,125,2,2,http://localhost:8081/users/448,0,0,0
1763944658018,1,PUT,200,OK,TESTES 1-88,text,true,,409,320,2,2,http://localhost:8081/users/448,1,0,0
1763944658019,0,GET,200,OK,TESTES 1-88,text,true,,2940,121,2,2,http://localhost:8081/users,0,0,0
1763944658019,1,DELETE,200,OK,TESTES 1-88,text,true,,165,211,2,2,http://localhost:8081/users/448,1,0,0
1763944658020,0,Healthcheck,200,OK,TESTES 1-88,text,true,,176,127,2,2,http://localhost:8081/healthcheck,0,0,0
1763944657987,40,POST,201,Created,TESTES 1-89,text,true,,341,376,2,2,http://localhost:8081/users,40,0,0
1763944658027,0,GET ID,200,OK,TESTES 1-89,text,true,,424,125,2,2,http://localhost:8081/users/449,0,0,0
1763944658027,1,PUT,200,OK,TESTES 1-89,text,true,,409,320,2,2,http://localhost:8081/users/449,1,0,0
1763944658028,0,GET,200,OK,TESTES 1-89,text,true,,2940,121,2,2,http://localhost:8081/users,0,0,0
1763944658028,1,DELETE,200,OK,TESTES 1-89,text,true,,165,211,2,2,http://localhost:8081/users/449,1,0,0
1763944658029,0,Healthcheck,200,OK,TESTES 1-89,text,true,,176,127,2,2,http://localhost:8081/healthcheck,0,0,0
1763944658020,41,POST,201,Created,TESTES 1-88,text,true,,341,376,2,2,http://localhost:8081/users,41,0,0
1763944658061,1,GET ID,200,OK,TESTES 1-88,text,true,,424,125,2,2,http://localhost:8081/users/450,1,0,0
1763944658062,0,PUT,200,OK,TESTES 1-88,text,true,,409,320,2,2,http://localhost:8081/users/450,0,0,0
1763944658062,1,GET,200,OK,TESTES 1-88,text,true,,2940,121,2,2,http://localhost:8081/users,1,0,0
1763944658063,0,DELETE,200,OK,TESTES 1-88,text,true,,165,211,2,2,http://localhost:8081/users/450,0,0,0
1763944658063,0,Healthcheck,200,OK,TESTES 1-88,text,true,,176,127,2,2,http://localhost:8081/healthcheck,0,0,0
1763944658029,39,POST,201,Created,TESTES 1-89,text,true,,341,376,2,2,http://localhost:8081/users,39,0,0
1763944658069,0,GET ID,200,OK,TESTES 1-89,text,true,,424,125,2,2,http://localhost:8081/users/451,0,0,0
1763944658069,0,PUT,200,OK,TESTES 1-89,text,true,,409,320,2,2,http://localhost:8081/users/451,0,0,0
1763944658069,1,GET,200,OK,TESTES 1-89,text,true,,2940,121,2,2,http://localhost:8081/users,1,0,0
1763944658070,0,DELETE,200,OK,TESTES 1-89,text,true,,165,211,2,2,http://localhost:8081/users/451,0,0,0
1763944658070,0,Healthcheck,200,OK,TESTES 1-89,text,true,,176,127,2,2,http://localhost:8081/healthcheck,0,0,0
1763944658087,1,Healthcheck,200,OK,TESTES 1-90,text,true,,176,127,3,3,http://localhost:8081/healthcheck,1,0,0
1763944658064,39,POST,201,Created,TESTES 1-88,text,true,,341,376,3,3,http://localhost:8081/users,39,0,0
1763944658103,1,GET ID,200,OK,TESTES 1-88,text,true,,424,125,3,3,http://localhost:8081/users/452,1,0,0
1763944658104,0,PUT,200,OK,TESTES 1-88,text,true,,409,320,3,3,http://localhost:8081/users/452,0,0,0
1763944658104,0,GET,200,OK,TESTES 1-88,text,true,,2940,121,3,3,http://localhost:8081/users,0,0,0
1763944658104,1,DELETE,200,OK,TESTES 1-88,text,true,,165,211,3,3,http://localhost:8081/users/452,1,0,0
1763944658070,39,POST,201,Created,TESTES 1-89,text,true,,341,376,2,2,http://localhost:8081/users,39,0,0
1763944658109,1,GET ID,200,OK,TESTES 1-89,text,true,,424,125,2,2,http://localhost:8081/users/453,1,0,0
1763944658110,0,PUT,200,OK,TESTES 1-89,text,true,,409,320,2,2,http://localhost:8081/users/453,0,0,0
1763944658110,1,GET,200,OK,TESTES 1-89,text,true,,2940,121,2,2,http://localhost:8081/users,1,0,0
1763944658111,0,DELETE,200,OK,TESTES 1-89,text,true,,165,211,2,2,http://localhost:8081/users/453,0,0,0
1763944658111,0,Healthcheck,200,OK,TESTES 1-89,text,true,,176,127,2,2,http://localhost:8081/healthcheck,0,0,0
1763944658088,42,POST,201,Created,TESTES 1-90,text,true,,340,375,2,2,http://localhost:8081/users,42,0,0
1763944658130,0,GET ID,200,OK,TESTES 1-90,text,true,,423,125,2,2,http://localhost:8081/users/454,0,0,0
1763944658130,1,PUT,200,OK,TESTES 1-90,text,true,,409,320,2,2,http://localhost:8081/users/454,1,0,0
1763944658131,0,GET,200,OK,TESTES 1-90,text,true,,2940,121,2,2,http://localhost:8081/users,0,0,0
1763944658131,1,DELETE,200,OK,TESTES 1-90,text,true,,165,211,2,2,http://localhost:8081/users/454,1,0,0
1763944658132,0,Healthcheck,200,OK,TESTES 1-90,text,true,,176,127,2,2,http://localhost:8081/healthcheck,0,0,0
1763944658111,39,POST,201,Created,TESTES 1-89,text,true,,341,376,2,2,http://localhost:8081/users,39,0,0
1763944658150,0,GET ID,200,OK,TESTES 1-89,text,true,,424,125,2,2,http://localhost:8081/users/455,0,0,0
1763944658150,1,PUT,200,OK,TESTES 1-89,text,true,,409,320,2,2,http://localhost:8081/users/455,1,0,0
1763944658151,0,GET,200,OK,TESTES 1-89,text,true,,2940,121,2,2,http://localhost:8081/users,0,0,0
1763944658151,1,DELETE,200,OK,TESTES 1-89,text,true,,165,211,2,2,http://localhost:8081/users/455,1,0,0
1763944658152,0,Healthcheck,200,OK,TESTES 1-89,text,true,,176,127,2,2,http://localhost:8081/healthcheck,0,0,0
1763944658132,39,POST,201,Created,TESTES 1-90,text,true,,340,375,2,2,http://localhost:8081/users,39,0,0
1763944658171,0,GET ID,200,OK,TESTES 1-90,text,true,,423,125,2,2,http://localhost:8081/users/456,0,0,0
1763944658172,0,PUT,200,OK,TESTES 1-90,text,true,,409,320,2,2,http://localhost:8081/users/456,0,0,0
1763944658172,0,GET,200,OK,TESTES 1-90,text,true,,2940,121,2,2,http://localhost:8081/users,0,0,0
1763944658173,0,DELETE,200,OK,TESTES 1-90,text,true,,165,211,2,2,http://localhost:8081/users/456,0,0,0
1763944658173,0,Healthcheck,200,OK,TESTES 1-90,text,true,,176,127,2,2,http://localhost:8081/healthcheck,0,0,0
1763944658187,1,Healthcheck,200,OK,TESTES 1-91,text,true,,176,127,3,3,http://localhost:8081/healthcheck,1,0,0
1763944658152,39,POST,201,Created,TESTES 1-89,text,true,,341,376,3,3,http://localhost:8081/users,39,0,0
1763944658191,1,GET ID,200,OK,TESTES 1-89,text,true,,424,125,3,3,http://localhost:8081/users/457,1,0,0
1763944658192,0,PUT,200,OK,TESTES 1-89,text,true,,409,320,3,3,http://localhost:8081/users/457,0,0,0
1763944658192,1,GET,200,OK,TESTES 1-89,text,true,,2940,121,3,3,http://localhost:8081/users,1,0,0
1763944658193,0,DELETE,200,OK,TESTES 1-89,text,true,,165,211,3,3,http://localhost:8081/users/457,0,0,0
1763944658173,40,POST,201,Created,TESTES 1-90,text,true,,341,376,2,2,http://localhost:8081/users,40,0,0
1763944658213,0,GET ID,200,OK,TESTES 1-90,text,true,,424,125,2,2,http://localhost:8081/users/458,0,0,0
1763944658213,1,PUT,200,OK,TESTES 1-90,text,true,,408,319,2,2,http://localhost:8081/users/458,1,0,0
1763944658214,0,GET,200,OK,TESTES 1-90,text,true,,2939,121,2,2,http://localhost:8081/users,0,0,0
1763944658214,0,DELETE,200,OK,TESTES 1-90,text,true,,165,211,2,2,http://localhost:8081/users/458,0,0,0
1763944658214,0,Healthcheck,200,OK,TESTES 1-90,text,true,,176,127,2,2,http://localhost:8081/healthcheck,0,0,0
1763944658188,40,POST,201,Created,TESTES 1-91,text,true,,340,375,2,2,http://localhost:8081/users,40,0,0
1763944658228,0,GET ID,200,OK,TESTES 1-91,text,true,,423,125,2,2,http://localhost:8081/users/459,0,0,0
1763944658228,1,PUT,200,OK,TESTES 1-91,text,true,,409,320,2,2,http://localhost:8081/users/459,1,0,0
1763944658229,0,GET,200,OK,TESTES 1-91,text,true,,2940,121,2,2,http://localhost:8081/users,0,0,0
1763944658229,1,DELETE,200,OK,TESTES 1-91,text,true,,165,211,2,2,http://localhost:8081/users/459,1,0,0
1763944658230,0,Healthcheck,200,OK,TESTES 1-91,text,true,,176,127,2,2,http://localhost:8081/healthcheck,0,0,0
1763944658214,41,POST,201,Created,TESTES 1-90,text,true,,341,376,2,2,http://localhost:8081/users,41,0,0
1763944658256,0,GET ID,200,OK,TESTES 1-90,text,true,,424,125,2,2,http://localhost:8081/users/460,0,0,0
1763944658256,1,PUT,200,OK,TESTES 1-90,text,true,,408,319,2,2,http://localhost:8081/users/460,1,0,0
1763944658257,0,GET,200,OK,TESTES 1-90,text,true,,2939,121,2,2,http://localhost:8081/users,0,0,0
1763944658257,1,DELETE,200,OK,TESTES 1-90,text,true,,165,211,2,2,http://localhost:8081/users/460,1,0,0
1763944658258,0,Healthcheck,200,OK,TESTES 1-90,text,true,,176,127,2,2,http://localhost:8081/healthcheck,0,0,0
1763944658230,40,POST,201,Created,TESTES 1-91,text,true,,341,375,2,2,http://localhost:8081/users,40,0,0
1763944658271,0,GET ID,200,OK,TESTES 1-91,text,true,,424,125,2,2,http://localhost:8081/users/461,0,0,0
1763944658271,1,PUT,200,OK,TESTES 1-91,text,true,,409,320,2,2,http://localhost:8081/users/461,1,0,0
1763944658272,0,GET,200,OK,TESTES 1-91,text,true,,2940,121,2,2,http://localhost:8081/users,0,0,0
1763944658272,1,DELETE,200,OK,TESTES 1-91,text,true,,165,211,2,2,http://localhost:8081/users/461,1,0,0
1763944658273,0,Healthcheck,200,OK,TESTES 1-91,text,true,,176,127,2,2,http://localhost:8081/healthcheck,0,0,0
1763944658288,1,Healthcheck,200,OK,TESTES 1-92,text,true,,176,127,3,3,http://localhost:8081/healthcheck,1,0,1
1763944658258,41,POST,201,Created,TESTES 1-90,text,true,,341,376,3,3,http://localhost:8081/users,41,0,0
1763944658299,0,GET ID,200,OK,TESTES 1-90,text,true,,424,125,3,3,http://localhost:8081/users/462,0,0,0
1763944658299,1,PUT,200,OK,TESTES 1-90,text,true,,408,320,3,3,http://localhost:8081/users/462,1,0,0
1763944658300,0,GET,200,OK,TESTES 1-90,text,true,,2939,121,3,3,http://localhost:8081/users,0,0,0
1763944658300,1,DELETE,200,OK,TESTES 1-90,text,true,,165,211,3,3,http://localhost:8081/users/462,1,0,0
1763944658273,39,POST,201,Created,TESTES 1-91,text,true,,341,375,2,2,http://localhost:8081/users,39,0,0
1763944658312,0,GET ID,200,OK,TESTES 1-91,text,true,,424,125,2,2,http://localhost:8081/users/463,0,0,0
1763944658312,1,PUT,200,OK,TESTES 1-91,text,true,,408,320,2,2,http://localhost:8081/users/463,1,0,0
1763944658313,0,GET,200,OK,TESTES 1-91,text,true,,2939,121,2,2,http://localhost:8081/users,0,0,0
1763944658314,0,DELETE,200,OK,TESTES 1-91,text,true,,165,211,2,2,http://localhost:8081/users/463,0,0,0
1763944658314,0,Healthcheck,200,OK,TESTES 1-91,text,true,,176,127,2,2,http://localhost:8081/healthcheck,0,0,0
1763944658289,39,POST,201,Created,TESTES 1-92,text,true,,341,376,2,2,http://localhost:8081/users,39,0,0
1763944658328,1,GET ID,200,OK,TESTES 1-92,text,true,,424,125,2,2,http://localhost:8081/users/464,1,0,0
1763944658329,0,PUT,200,OK,TESTES 1-92,text,true,,409,320,2,2,http://localhost:8081/users/464,0,0,0
1763944658329,1,GET,200,OK,TESTES 1-92,text,true,,2940,121,2,2,http://localhost:8081/users,1,0,0
1763944658330,0,DELETE,200,OK,TESTES 1-92,text,true,,165,211,2,2,http://localhost:8081/users/464,0,0,0
1763944658330,0,Healthcheck,200,OK,TESTES 1-92,text,true,,176,127,2,2,http://localhost:8081/healthcheck,0,0,0
1763944658314,40,POST,201,Created,TESTES 1-91,text,true,,341,376,2,2,http://localhost:8081/users,40,0,0
1763944658354,0,GET ID,200,OK,TESTES 1-91,text,true,,424,125,2,2,http://localhost:8081/users/465,0,0,0
1763944658354,2,PUT,200,OK,TESTES 1-91,text,true,,408,320,2,2,http://localhost:8081/users/465,2,0,0
1763944658356,0,GET,200,OK,TESTES 1-91,text,true,,2939,121,2,2,http://localhost:8081/users,0,0,0
1763944658356,1,DELETE,200,OK,TESTES 1-91,text,true,,165,211,2,2,http://localhost:8081/users/465,1,0,0
1763944658357,0,Healthcheck,200,OK,TESTES 1-91,text,true,,176,127,2,2,http://localhost:8081/healthcheck,0,0,0
1763944658330,40,POST,201,Created,TESTES 1-92,text,true,,341,376,2,2,http://localhost:8081/users,40,0,0
1763944658370,0,GET ID,200,OK,TESTES 1-92,text,true,,424,125,2,2,http://localhost:8081/users/466,0,0,0
1763944658370,1,PUT,200,OK,TESTES 1-92,text,true,,409,320,2,2,http://localhost:8081/users/466,1,0,0
1763944658371,0,GET,200,OK,TESTES 1-92,text,true,,2940,121,2,2,http://localhost:8081/users,0,0,0
1763944658371,1,DELETE,200,OK,TESTES 1-92,text,true,,165,211,2,2,http://localhost:8081/users/466,1,0,0
1763944658372,0,Healthcheck,200,OK,TESTES 1-92,text,true,,176,127,2,2,http://localhost:8081/healthcheck,0,0,0
1763944658388,1,Healthcheck,200,OK,TESTES 1-93,text,true,,176,127,3,3,http://localhost:8081/healthcheck,1,0,1
1763944658357,39,POST,201,Created,TESTES 1-91,text,true,,341,376,3,3,http://localhost:8081/users,39,0,0
1763944658396,0,GET ID,200,OK,TESTES 1-91,text,true,,424,125,3,3,http://localhost:8081/users/467,0,0,0
1763944658396,1,PUT,200,OK,TESTES 1-91,text,true,,409,320,3,3,http://localhost:8081/users/467,1,0,0
1763944658397,0,GET,200,OK,TESTES 1-91,text,true,,2940,121,3,3,http://localhost:8081/users,0,0,0
1763944658397,1,DELETE,200,OK,TESTES 1-91,text,true,,165,211,3,3,http://localhost:8081/users/467,1,0,0
1763944658372,39,POST,201,Created,TESTES 1-92,text,true,,341,376,2,2,http://localhost:8081/users,39,0,0
1763944658411,0,GET ID,200,OK,TESTES 1-92,text,true,,424,125,2,2,http://localhost:8081/users/468,0,0,0
1763944658411,1,PUT,200,OK,TESTES 1-92,text,true,,409,320,2,2,http://localhost:8081/users/468,1,0,0
1763944658412,0,GET,200,OK,TESTES 1-92,text,true,,2940,121,2,2,http://localhost:8081/users,0,0,0
1763944658412,0,DELETE,200,OK,TESTES 1-92,text,true,,165,211,2,2,http://localhost:8081/users/468,0,0,0
1763944658412,0,Healthcheck,200,OK,TESTES 1-92,text,true,,176,127,2,2,http://localhost:8081/healthcheck,0,0,0
1763944658389,39,POST,201,Created,TESTES 1-93,text,true,,341,376,2,2,http://localhost:8081/users,39,0,0
1763944658429,0,GET ID,200,OK,TESTES 1-93,text,true,,424,125,2,2,http://localhost:8081/users/469,0,0,0
1763944658429,1,PUT,200,OK,TESTES 1-93,text,true,,409,320,2,2,http://localhost:8081/users/469,1,0,0
1763944658430,0,GET,200,OK,TESTES 1-93,text,true,,2940,121,2,2,http://localhost:8081/users,0,0,0
1763944658430,0,DELETE,200,OK,TESTES 1-93,text,true,,165,211,2,2,http://localhost:8081/users/469,0,0,0
1763944658430,1,Healthcheck,200,OK,TESTES 1-93,text,true,,176,127,2,2,http://localhost:8081/healthcheck,1,0,0
1763944658413,39,POST,201,Created,TESTES 1-92,text,true,,341,376,2,2,http://localhost:8081/users,39,0,0
1763944658453,0,GET ID,200,OK,TESTES 1-92,text,true,,424,125,2,2,http://localhost:8081/users/470,0,0,0
1763944658453,1,PUT,200,OK,TESTES 1-92,text,true,,409,320,2,2,http://localhost:8081/users/470,1,0,0
1763944658454,0,GET,200,OK,TESTES 1-92,text,true,,2940,121,2,2,http://localhost:8081/users,0,0,0
1763944658454,0,DELETE,200,OK,TESTES 1-92,text,true,,165,211,2,2,http://localhost:8081/users/470,0,0,0
1763944658454,0,Healthcheck,200,OK,TESTES 1-92,text,true,,176,127,2,2,http://localhost:8081/healthcheck,0,0,0
1763944658431,40,POST,201,Created,TESTES 1-93,text,true,,341,376,2,2,http://localhost:8081/users,40,0,0
1763944658471,1,GET ID,200,OK,TESTES 1-93,text,true,,424,125,2,2,http://localhost:8081/users/471,1,0,0
1763944658472,0,PUT,200,OK,TESTES 1-93,text,true,,409,320,2,2,http://localhost:8081/users/471,0,0,0
1763944658472,0,GET,200,OK,TESTES 1-93,text,true,,2940,121,2,2,http://localhost:8081/users,0,0,0
1763944658472,1,DELETE,200,OK,TESTES 1-93,text,true,,165,211,2,2,http://localhost:8081/users/471,1,0,0
1763944658473,0,Healthcheck,200,OK,TESTES 1-93,text,true,,176,127,2,2,http://localhost:8081/healthcheck,0,0,0
1763944658489,0,Healthcheck,200,OK,TESTES 1-94,text,true,,176,127,3,3,http://localhost:8081/healthcheck,0,0,0
1763944658454,40,POST,201,Created,TESTES 1-92,text,true,,341,376,3,3,http://localhost:8081/users,40,0,0
1763944658494,0,GET ID,200,OK,TESTES 1-92,text,true,,424,125,3,3,http://localhost:8081/users/472,0,0,0
1763944658494,1,PUT,200,OK,TESTES 1-92,text,true,,408,319,3,3,http://localhost:8081/users/472,1,0,0
1763944658495,0,GET,200,OK,TESTES 1-92,text,true,,2939,121,3,3,http://localhost:8081/users,0,0,0
1763944658495,1,DELETE,200,OK,TESTES 1-92,text,true,,165,211,3,3,http://localhost:8081/users/472,1,0,0
1763944658473,40,POST,201,Created,TESTES 1-93,text,true,,341,376,2,2,http://localhost:8081/users,40,0,0
1763944658513,0,GET ID,200,OK,TESTES 1-93,text,true,,424,125,2,2,http://localhost:8081/users/473,0,0,0
1763944658513,1,PUT,200,OK,TESTES 1-93,text,true,,409,320,2,2,http://localhost:8081/users/473,1,0,0
1763944658514,0,GET,200,OK,TESTES 1-93,text,true,,2940,121,2,2,http://localhost:8081/users,0,0,0
1763944658514,1,DELETE,200,OK,TESTES 1-93,text,true,,165,211,2,2,http://localhost:8081/users/473,1,0,0
1763944658515,0,Healthcheck,200,OK,TESTES 1-93,text,true,,176,127,2,2,http://localhost:8081/healthcheck,0,0,0
1763944658489,40,POST,201,Created,TESTES 1-94,text,true,,339,374,2,2,http://localhost:8081/users,40,0,0
1763944658529,0,GET ID,200,OK,TESTES 1-94,text,true,,422,125,2,2,http://localhost:8081/users/474,0,0,0
1763944658529,1,PUT,200,OK,TESTES 1-94,text,true,,409,320,2,2,http://localhost:8081/users/474,1,0,0
1763944658530,0,GET,200,OK,TESTES 1-94,text,true,,2940,121,2,2,http://localhost:8081/users,0,0,0
1763944658530,1,DELETE,200,OK,TESTES 1-94,text,true,,165,211,2,2,http://localhost:8081/users/474,1,0,0
1763944658531,0,Healthcheck,200,OK,TESTES 1-94,text,true,,176,127,2,2,http://localhost:8081/healthcheck,0,0,0
1763944658515,39,POST,201,Created,TESTES 1-93,text,true,,341,376,2,2,http://localhost:8081/users,39,0,0
1763944658554,0,GET ID,200,OK,TESTES 1-93,text,true,,424,125,2,2,http://localhost:8081/users/475,0,0,0
1763944658555,0,PUT,200,OK,TESTES 1-93,text,true,,409,320,2,2,http://localhost:8081/users/475,0,0,0
1763944658555,1,GET,200,OK,TESTES 1-93,text,true,,2940,121,2,2,http://localhost:8081/users,1,0,0
1763944658556,0,DELETE,200,OK,TESTES 1-93,text,true,,165,211,2,2,http://localhost:8081/users/475,0,0,0
1763944658556,0,Healthcheck,200,OK,TESTES 1-93,text,true,,176,127,2,2,http://localhost:8081/healthcheck,0,0,0
1763944658531,39,POST,201,Created,TESTES 1-94,text,true,,341,376,2,2,http://localhost:8081/users,39,0,0
1763944658570,0,GET ID,200,OK,TESTES 1-94,text,true,,424,125,2,2,http://localhost:8081/users/476,0,0,0
1763944658571,0,PUT,200,OK,TESTES 1-94,text,true,,408,320,2,2,http://localhost:8081/users/476,0,0,0
1763944658571,0,GET,200,OK,TESTES 1-94,text,true,,2939,121,2,2,http://localhost:8081/users,0,0,0
1763944658571,1,DELETE,200,OK,TESTES 1-94,text,true,,165,211,2,2,http://localhost:8081/users/476,1,0,0
1763944658572,0,Healthcheck,200,OK,TESTES 1-94,text,true,,176,127,2,2,http://localhost:8081/healthcheck,0,0,0
1763944658588,0,Healthcheck,200,OK,TESTES 1-95,text,true,,176,127,3,3,http://localhost:8081/healthcheck,0,0,0
1763944658556,40,POST,201,Created,TESTES 1-93,text,true,,341,376,3,3,http://localhost:8081/users,40,0,0
1763944658596,0,GET ID,200,OK,TESTES 1-93,text,true,,424,125,3,3,http://localhost:8081/users/477,0,0,0
1763944658596,1,PUT,200,OK,TESTES 1-93,text,true,,409,320,3,3,http://localhost:8081/users/477,1,0,0
1763944658597,0,GET,200,OK,TESTES 1-93,text,true,,2940,121,3,3,http://localhost:8081/users,0,0,0
1763944658597,0,DELETE,200,OK,TESTES 1-93,text,true,,165,211,3,3,http://localhost:8081/users/477,0,0,0
1763944658572,39,POST,201,Created,TESTES 1-94,text,true,,341,376,2,2,http://localhost:8081/users,39,0,0
1763944658611,0,GET ID,200,OK,TESTES 1-94,text,true,,424,125,2,2,http://localhost:8081/users/478,0,0,0
1763944658611,1,PUT,200,OK,TESTES 1-94,text,true,,409,320,2,2,http://localhost:8081/users/478,1,0,0
1763944658612,0,GET,200,OK,TESTES 1-94,text,true,,2940,121,2,2,http://localhost:8081/users,0,0,0
1763944658612,1,DELETE,200,OK,TESTES 1-94,text,true,,165,211,2,2,http://localhost:8081/users/478,1,0,0
1763944658613,0,Healthcheck,200,OK,TESTES 1-94,text,true,,176,127,2,2,http://localhost:8081/healthcheck,0,0,0
1763944658588,40,POST,201,Created,TESTES 1-95,text,true,,341,376,2,2,http://localhost:8081/users,40,0,0
1763944658628,0,GET ID,200,OK,TESTES 1-95,text,true,,424,125,2,2,http://localhost:8081/users/479,0,0,0
1763944658628,1,PUT,200,OK,TESTES 1-95,text,true,,409,320,2,2,http://localhost:8081/users/479,1,0,0
1763944658629,0,GET,200,OK,TESTES 1-95,text,true,,2940,121,2,2,http://localhost:8081/users,0,0,0
1763944658629,1,DELETE,200,OK,TESTES 1-95,text,true,,165,211,2,2,http://localhost:8081/users/479,1,0,0
1763944658630,0,Healthcheck,200,OK,TESTES 1-95,text,true,,176,127,2,2,http://localhost:8081/healthcheck,0,0,0
1763944658613,39,POST,201,Created,TESTES 1-94,text,true,,341,376,2,2,http://localhost:8081/users,39,0,0
1763944658652,0,GET ID,200,OK,TESTES 1-94,text,true,,424,125,2,2,http://localhost:8081/users/480,0,0,0
1763944658652,1,PUT,200,OK,TESTES 1-94,text,true,,408,319,2,2,http://localhost:8081/users/480,1,0,0
1763944658653,0,GET,200,OK,TESTES 1-94,text,true,,2939,121,2,2,http://localhost:8081/users,0,0,0
1763944658653,1,DELETE,200,OK,TESTES 1-94,text,true,,165,211,2,2,http://localhost:8081/users/480,1,0,0
1763944658654,0,Healthcheck,200,OK,TESTES 1-94,text,true,,176,127,2,2,http://localhost:8081/healthcheck,0,0,0
1763944658630,39,POST,201,Created,TESTES 1-95,text,true,,337,372,2,2,http://localhost:8081/users,39,0,0
1763944658669,0,GET ID,200,OK,TESTES 1-95,text,true,,420,125,2,2,http://localhost:8081/users/481,0,0,0
1763944658669,1,PUT,200,OK,TESTES 1-95,text,true,,409,320,2,2,http://localhost:8081/users/481,1,0,0
1763944658670,1,GET,200,OK,TESTES 1-95,text,true,,2940,121,2,2,http://localhost:8081/users,1,0,0
1763944658671,0,DELETE,200,OK,TESTES 1-95,text,true,,165,211,2,2,http://localhost:8081/users/481,0,0,0
1763944658671,0,Healthcheck,200,OK,TESTES 1-95,text,true,,176,127,2,2,http://localhost:8081/healthcheck,0,0,0
1763944658688,0,Healthcheck,200,OK,TESTES 1-96,text,true,,176,127,3,3,http://localhost:8081/healthcheck,0,0,0
1763944658654,41,POST,201,Created,TESTES 1-94,text,true,,341,376,3,3,http://localhost:8081/users,41,0,0
1763944658695,0,GET ID,200,OK,TESTES 1-94,text,true,,424,125,3,3,http://localhost:8081/users/482,0,0,0
1763944658695,1,PUT,200,OK,TESTES 1-94,text,true,,409,320,3,3,http://localhost:8081/users/482,1,0,0
1763944658696,1,GET,200,OK,TESTES 1-94,text,true,,2940,121,3,3,http://localhost:8081/users,1,0,0
1763944658697,0,DELETE,200,OK,TESTES 1-94,text,true,,165,211,3,3,http://localhost:8081/users/482,0,0,0
1763944658671,40,POST,201,Created,TESTES 1-95,text,true,,341,376,2,2,http://localhost:8081/users,40,0,0
1763944658712,0,GET ID,200,OK,TESTES 1-95,text,true,,424,125,2,2,http://localhost:8081/users/483,0,0,0
1763944658712,1,PUT,200,OK,TESTES 1-95,text,true,,408,319,2,2,http://localhost:8081/users/483,1,0,0
1763944658713,0,GET,200,OK,TESTES 1-95,text,true,,2939,121,2,2,http://localhost:8081/users,0,0,0
1763944658713,1,DELETE,200,OK,TESTES 1-95,text,true,,165,211,2,2,http://localhost:8081/users/483,1,0,0
1763944658714,0,Healthcheck,200,OK,TESTES 1-95,text,true,,176,127,2,2,http://localhost:8081/healthcheck,0,0,0
1763944658688,44,POST,201,Created,TESTES 1-96,text,true,,341,376,2,2,http://localhost:8081/users,44,0,0
1763944658732,0,GET ID,200,OK,TESTES 1-96,text,true,,424,125,2,2,http://localhost:8081/users/484,0,0,0
1763944658733,0,PUT,200,OK,TESTES 1-96,text,true,,409,320,2,2,http://localhost:8081/users/484,0,0,0
1763944658733,1,GET,200,OK,TESTES 1-96,text,true,,2940,121,2,2,http://localhost:8081/users,1,0,0
1763944658734,0,DELETE,200,OK,TESTES 1-96,text,true,,165,211,2,2,http://localhost:8081/users/484,0,0,0
1763944658734,0,Healthcheck,200,OK,TESTES 1-96,text,true,,176,127,2,2,http://localhost:8081/healthcheck,0,0,0
1763944658714,40,POST,201,Created,TESTES 1-95,text,true,,341,376,2,2,http://localhost:8081/users,40,0,0
1763944658754,0,GET ID,200,OK,TESTES 1-95,text,true,,424,125,2,2,http://localhost:8081/users/485,0,0,0
1763944658754,1,PUT,200,OK,TESTES 1-95,text,true,,409,320,2,2,http://localhost:8081/users/485,1,0,0
1763944658755,0,GET,200,OK,TESTES 1-95,text,true,,2940,121,2,2,http://localhost:8081/users,0,0,0
1763944658755,1,DELETE,200,OK,TESTES 1-95,text,true,,165,211,2,2,http://localhost:8081/users/485,1,0,0
1763944658756,0,Healthcheck,200,OK,TESTES 1-95,text,true,,176,127,2,2,http://localhost:8081/healthcheck,0,0,0
1763944658734,40,POST,201,Created,TESTES 1-96,text,true,,341,376,2,2,http://localhost:8081/users,40,0,0
1763944658774,0,GET ID,200,OK,TESTES 1-96,text,true,,424,125,2,2,http://localhost:8081/users/486,0,0,0
1763944658774,1,PUT,200,OK,TESTES 1-96,text,true,,409,320,2,2,http://localhost:8081/users/486,1,0,0
1763944658775,0,GET,200,OK,TESTES 1-96,text,true,,2940,121,2,2,http://localhost:8081/users,0,0,0
1763944658775,1,DELETE,200,OK,TESTES 1-96,text,true,,165,211,2,2,http://localhost:8081/users/486,1,0,0
1763944658776,0,Healthcheck,200,OK,TESTES 1-96,text,true,,176,127,2,2,http://localhost:8081/healthcheck,0,0,0
1763944658788,1,Healthcheck,200,OK,TESTES 1-97,text,true,,176,127,3,3,http://localhost:8081/healthcheck,1,0,0
1763944658756,40,POST,201,Created,TESTES 1-95,text,true,,341,376,3,3,http://localhost:8081/users,40,0,0
1763944658796,0,GET ID,200,OK,TESTES 1-95,text,true,,424,125,3,3,http://localhost:8081/users/487,0,0,0
1763944658796,1,PUT,200,OK,TESTES 1-95,text,true,,407,318,3,3,http://localhost:8081/users/487,1,0,0
1763944658797,0,GET,200,OK,TESTES 1-95,text,true,,2938,121,3,3,http://localhost:8081/users,0,0,0
1763944658797,1,DELETE,200,OK,TESTES 1-95,text,true,,165,211,3,3,http://localhost:8081/users/487,1,0,0
1763944658776,39,POST,201,Created,TESTES 1-96,text,true,,341,376,2,2,http://localhost:8081/users,39,0,0
1763944658816,0,GET ID,200,OK,TESTES 1-96,text,true,,424,125,2,2,http://localhost:8081/users/488,0,0,0
1763944658816,0,PUT,200,OK,TESTES 1-96,text,true,,409,320,2,2,http://localhost:8081/users/488,0,0,0
1763944658816,1,GET,200,OK,TESTES 1-96,text,true,,2940,121,2,2,http://localhost:8081/users,1,0,0
1763944658817,0,DELETE,200,OK,TESTES 1-96,text,true,,165,211,2,2,http://localhost:8081/users/488,0,0,0
1763944658817,0,Healthcheck,200,OK,TESTES 1-96,text,true,,176,127,2,2,http://localhost:8081/healthcheck,0,0,0
1763944658789,40,POST,201,Created,TESTES 1-97,text,true,,341,376,2,2,http://localhost:8081/users,40,0,0
1763944658829,0,GET ID,200,OK,TESTES 1-97,text,true,,424,125,2,2,http://localhost:8081/users/489,0,0,0
1763944658829,1,PUT,200,OK,TESTES 1-97,text,true,,408,320,2,2,http://localhost:8081/users/489,1,0,0
1763944658830,0,GET,200,OK,TESTES 1-97,text,true,,2939,121,2,2,http://localhost:8081/users,0,0,0
1763944658830,0,DELETE,200,OK,TESTES 1-97,text,true,,165,211,2,2,http://localhost:8081/users/489,0,0,0
1763944658830,0,Healthcheck,200,OK,TESTES 1-97,text,true,,176,127,2,2,http://localhost:8081/healthcheck,0,0,0
1763944658817,40,POST,201,Created,TESTES 1-96,text,true,,341,375,2,2,http://localhost:8081/users,40,0,0
1763944658857,0,GET ID,200,OK,TESTES 1-96,text,true,,424,125,2,2,http://localhost:8081/users/490,0,0,0
1763944658857,1,PUT,200,OK,TESTES 1-96,text,true,,408,320,2,2,http://localhost:8081/users/490,1,0,0
1763944658858,0,GET,200,OK,TESTES 1-96,text,true,,2939,121,2,2,http://localhost:8081/users,0,0,0
1763944658858,1,DELETE,200,OK,TESTES 1-96,text,true,,165,211,2,2,http://localhost:8081/users/490,1,0,0
1763944658859,0,Healthcheck,200,OK,TESTES 1-96,text,true,,176,127,2,2,http://localhost:8081/healthcheck,0,0,0
1763944658830,40,POST,201,Created,TESTES 1-97,text,true,,340,375,2,2,http://localhost:8081/users,40,0,0
1763944658870,0,GET ID,200,OK,TESTES 1-97,text,true,,423,125,2,2,http://localhost:8081/users/491,0,0,0
1763944658870,1,PUT,200,OK,TESTES 1-97,text,true,,408,319,2,2,http://localhost:8081/users/491,1,0,0
1763944658871,0,GET,200,OK,TESTES 1-97,text,true,,2939,121,2,2,http://localhost:8081/users,0,0,0
1763944658871,1,DELETE,200,OK,TESTES 1-97,text,true,,165,211,2,2,http://localhost:8081/users/491,1,0,0
1763944658872,0,Healthcheck,200,OK,TESTES 1-97,text,true,,176,127,2,2,http://localhost:8081/healthcheck,0,0,0
1763944658887,2,Healthcheck,200,OK,TESTES 1-98,text,true,,176,127,3,3,http://localhost:8081/healthcheck,2,0,0
1763944658859,39,POST,201,Created,TESTES 1-96,text,true,,341,376,3,3,http://localhost:8081/users,39,0,0
1763944658898,0,GET ID,200,OK,TESTES 1-96,text,true,,424,125,3,3,http://localhost:8081/users/492,0,0,0
1763944658898,1,PUT,200,OK,TESTES 1-96,text,true,,408,320,3,3,http://localhost:8081/users/492,1,0,0
1763944658899,0,GET,200,OK,TESTES 1-96,text,true,,2939,121,3,3,http://localhost:8081/users,0,0,0
1763944658899,1,DELETE,200,OK,TESTES 1-96,text,true,,165,211,3,3,http://localhost:8081/users/492,1,0,0
1763944658872,39,POST,201,Created,TESTES 1-97,text,true,,340,374,2,2,http://localhost:8081/users,39,0,0
1763944658911,0,GET ID,200,OK,TESTES 1-97,text,true,,423,125,2,2,http://localhost:8081/users/493,0,0,0
1763944658911,1,PUT,200,OK,TESTES 1-97,text,true,,409,320,2,2,http://localhost:8081/users/493,1,0,0
1763944658912,0,GET,200,OK,TESTES 1-97,text,true,,2940,121,2,2,http://localhost:8081/users,0,0,0
1763944658912,1,DELETE,200,OK,TESTES 1-97,text,true,,165,211,2,2,http://localhost:8081/users/493,1,0,0
1763944658913,0,Healthcheck,200,OK,TESTES 1-97,text,true,,176,127,2,2,http://localhost:8081/healthcheck,0,0,0
1763944658889,41,POST,201,Created,TESTES 1-98,text,true,,341,376,2,2,http://localhost:8081/users,41,0,0
1763944658930,1,GET ID,200,OK,TESTES 1-98,text,true,,424,125,2,2,http://localhost:8081/users/494,1,0,0
1763944658931,0,PUT,200,OK,TESTES 1-98,text,true,,409,320,2,2,http://localhost:8081/users/494,0,0,0
1763944658931,0,GET,200,OK,TESTES 1-98,text,true,,2940,121,2,2,http://localhost:8081/users,0,0,0
1763944658932,0,DELETE,200,OK,TESTES 1-98,text,true,,165,211,2,2,http://localhost:8081/users/494,0,0,0
1763944658932,0,Healthcheck,200,OK,TESTES 1-98,text,true,,176,127,2,2,http://localhost:8081/healthcheck,0,0,0
1763944658913,39,POST,201,Created,TESTES 1-97,text,true,,341,376,2,2,http://localhost:8081/users,39,0,0
1763944658953,0,GET ID,200,OK,TESTES 1-97,text,true,,424,125,2,2,http://localhost:8081/users/495,0,0,0
1763944658953,1,PUT,200,OK,TESTES 1-97,text,true,,409,320,2,2,http://localhost:8081/users/495,1,0,0
1763944658954,0,GET,200,OK,TESTES 1-97,text,true,,2940,121,2,2,http://localhost:8081/users,0,0,0
1763944658954,0,DELETE,200,OK,TESTES 1-97,text,true,,165,211,2,2,http://localhost:8081/users/495,0,0,0
1763944658954,1,Healthcheck,200,OK,TESTES 1-97,text,true,,176,127,2,2,http://localhost:8081/healthcheck,1,0,0
1763944658932,39,POST,201,Created,TESTES 1-98,text,true,,341,375,2,2,http://localhost:8081/users,39,0,0
1763944658972,0,GET ID,200,OK,TESTES 1-98,text,true,,424,125,2,2,http://localhost:8081/users/496,0,0,0
1763944658972,1,PUT,200,OK,TESTES 1-98,text,true,,406,318,2,2,http://localhost:8081/users/496,1,0,0
1763944658973,0,GET,200,OK,TESTES 1-98,text,true,,2937,121,2,2,http://localhost:8081/users,0,0,0
1763944658973,0,DELETE,200,OK,TESTES 1-98,text,true,,165,211,2,2,http://localhost:8081/users/496,0,0,0
1763944658973,0,Healthcheck,200,OK,TESTES 1-98,text,true,,176,127,2,2,http://localhost:8081/healthcheck,0,0,0
1763944658987,3,Healthcheck,200,OK,TESTES 1-99,text,true,,176,127,3,3,http://localhost:8081/healthcheck,3,0,0
1763944658955,39,POST,201,Created,TESTES 1-97,text,true,,341,376,3,3,http://localhost:8081/users,39,0,0
1763944658994,0,GET ID,200,OK,TESTES 1-97,text,true,,424,125,3,3,http://localhost:8081/users/497,0,0,0
1763944658994,1,PUT,200,OK,TESTES 1-97,text,true,,409,320,3,3,http://localhost:8081/users/497,1,0,0
1763944658995,0,GET,200,OK,TESTES 1-97,text,true,,2940,121,3,3,http://localhost:8081/users,0,0,0
1763944658995,0,DELETE,200,OK,TESTES 1-97,text,true,,165,211,3,3,http://localhost:8081/users/497,0,0,0
1763944658973,40,POST,201,Created,TESTES 1-98,text,true,,341,376,2,2,http://localhost:8081/users,40,0,0
1763944659013,0,GET ID,200,OK,TESTES 1-98,text,true,,424,125,2,2,http://localhost:8081/users/498,0,0,0
1763944659013,1,PUT,200,OK,TESTES 1-98,text,true,,408,319,2,2,http://localhost:8081/users/498,1,0,0
1763944659014,0,GET,200,OK,TESTES 1-98,text,true,,2939,121,2,2,http://localhost:8081/users,0,0,0
1763944659014,1,DELETE,200,OK,TESTES 1-98,text,true,,165,211,2,2,http://localhost:8081/users/498,1,0,0
1763944659015,0,Healthcheck,200,OK,TESTES 1-98,text,true,,176,127,2,2,http://localhost:8081/healthcheck,0,0,0
1763944658990,40,POST,201,Created,TESTES 1-99,text,true,,341,376,2,2,http://localhost:8081/users,40,0,0
1763944659031,0,GET ID,200,OK,TESTES 1-99,text,true,,424,125,2,2,http://localhost:8081/users/499,0,0,0
1763944659031,1,PUT,200,OK,TESTES 1-99,text,true,,409,320,2,2,http://localhost:8081/users/499,1,0,0
1763944659032,0,GET,200,OK,TESTES 1-99,text,true,,2940,121,2,2,http://localhost:8081/users,0,0,0
1763944659032,1,DELETE,200,OK,TESTES 1-99,text,true,,165,211,2,2,http://localhost:8081/users/499,1,0,0
1763944659033,0,Healthcheck,200,OK,TESTES 1-99,text,true,,176,127,2,2,http://localhost:8081/healthcheck,0,0,0
1763944659015,39,POST,201,Created,TESTES 1-98,text,true,,340,375,2,2,http://localhost:8081/users,39,0,0
1763944659054,1,GET ID,200,OK,TESTES 1-98,text,true,,423,125,2,2,http://localhost:8081/users/500,1,0,0
1763944659055,0,PUT,200,OK,TESTES 1-98,text,true,,409,320,2,2,http://localhost:8081/users/500,0,0,0
1763944659055,1,GET,200,OK,TESTES 1-98,text,true,,2940,121,2,2,http://localhost:8081/users,1,0,0
1763944659056,0,DELETE,200,OK,TESTES 1-98,text,true,,165,211,2,2,http://localhost:8081/users/500,0,0,0
1763944659056,0,Healthcheck,200,OK,TESTES 1-98,text,true,,176,127,2,2,http://localhost:8081/healthcheck,0,0,0
1763944659033,40,POST,201,Created,TESTES 1-99,text,true,,341,376,2,2,http://localhost:8081/users,40,0,0
1763944659073,1,GET ID,200,OK,TESTES 1-99,text,true,,424,125,2,2,http://localhost:8081/users/501,1,0,0
1763944659074,1,PUT,200,OK,TESTES 1-99,text,true,,409,320,2,2,http://localhost:8081/users/501,1,0,0
1763944659075,0,GET,200,OK,TESTES 1-99,text,true,,2940,121,2,2,http://localhost:8081/users,0,0,0
1763944659075,0,DELETE,200,OK,TESTES 1-99,text,true,,165,211,2,2,http://localhost:8081/users/501,0,0,0
1763944659075,0,Healthcheck,200,OK,TESTES 1-99,text,true,,176,127,2,2,http://localhost:8081/healthcheck,0,0,0
1763944659087,4,Healthcheck,200,OK,TESTES 1-100,text,true,,176,127,3,3,http://localhost:8081/healthcheck,4,0,0
1763944659056,40,POST,201,Created,TESTES 1-98,text,true,,341,376,3,3,http://localhost:8081/users,40,0,0
1763944659096,0,GET ID,200,OK,TESTES 1-98,text,true,,424,125,3,3,http://localhost:8081/users/502,0,0,0
1763944659096,0,PUT,200,OK,TESTES 1-98,text,true,,409,320,3,3,http://localhost:8081/users/502,0,0,0
1763944659096,1,GET,200,OK,TESTES 1-98,text,true,,2940,121,3,3,http://localhost:8081/users,1,0,0
1763944659097,0,DELETE,200,OK,TESTES 1-98,text,true,,165,211,3,3,http://localhost:8081/users/502,0,0,0
1763944659076,39,POST,201,Created,TESTES 1-99,text,true,,341,376,2,2,http://localhost:8081/users,39,0,0
1763944659115,0,GET ID,200,OK,TESTES 1-99,text,true,,424,125,2,2,http://localhost:8081/users/503,0,0,0
1763944659115,1,PUT,200,OK,TESTES 1-99,text,true,,409,320,2,2,http://localhost:8081/users/503,1,0,0
1763944659116,1,GET,200,OK,TESTES 1-99,text,true,,2940,121,2,2,http://localhost:8081/users,1,0,0
1763944659117,0,DELETE,200,OK,TESTES 1-99,text,true,,165,211,2,2,http://localhost:8081/users/503,0,0,0
1763944659117,0,Healthcheck,200,OK,TESTES 1-99,text,true,,176,127,2,2,http://localhost:8081/healthcheck,0,0,0
1763944659091,40,POST,201,Created,TESTES 1-100,text,true,,341,376,2,2,http://localhost:8081/users,40,0,0
1763944659131,0,GET ID,200,OK,TESTES 1-100,text,true,,422,125,2,2,http://localhost:8081/users/504,0,0,0
1763944659131,1,PUT,200,OK,TESTES 1-100,text,true,,408,320,2,2,http://localhost:8081/users/504,1,0,0
1763944659132,0,GET,200,OK,TESTES 1-100,text,true,,2939,121,2,2,http://localhost:8081/users,0,0,0
1763944659132,0,DELETE,200,OK,TESTES 1-100,text,true,,165,211,2,2,http://localhost:8081/users/504,0,0,0
1763944659132,0,Healthcheck,200,OK,TESTES 1-100,text,true,,176,127,2,2,http://localhost:8081/healthcheck,0,0,0
1763944659117,40,POST,201,Created,TESTES 1-99,text,true,,340,375,2,2,http://localhost:8081/users,40,0,0
1763944659157,0,GET ID,200,OK,TESTES 1-99,text,true,,423,125,2,2,http://localhost:8081/users/505,0,0,0
1763944659158,1,PUT,200,OK,TESTES 1-99,text,true,,409,320,2,2,http://localhost:8081/users/505,1,0,0
1763944659159,1,GET,200,OK,TESTES 1-99,text,true,,2940,121,2,2,http://localhost:8081/users,1,0,0
1763944659160,0,DELETE,200,OK,TESTES 1-99,text,true,,165,211,2,2,http://localhost:8081/users/505,0,0,0
1763944659160,0,Healthcheck,200,OK,TESTES 1-99,text,true,,176,127,2,2,http://localhost:8081/healthcheck,0,0,0
1763944659132,41,POST,201,Created,TESTES 1-100,text,true,,340,375,2,2,http://localhost:8081/users,41,0,0
1763944659173,0,GET ID,200,OK,TESTES 1-100,text,true,,423,125,2,2,http://localhost:8081/users/506,0,0,0
1763944659173,0,PUT,200,OK,TESTES 1-100,text,true,,409,320,2,2,http://localhost:8081/users/506,0,0,0
1763944659174,0,GET,200,OK,TESTES 1-100,text,true,,2940,121,2,2,http://localhost:8081/users,0,0,0
1763944659174,0,DELETE,200,OK,TESTES 1-100,text,true,,165,211,2,2,http://localhost:8081/users/506,0,0,0
1763944659174,0,Healthcheck,200,OK,TESTES 1-100,text,true,,176,127,2,2,http://localhost:8081/healthcheck,0,0,0
1763944659161,39,POST,201,Created,TESTES 1-99,text,true,,340,375,2,2,http://localhost:8081/users,39,0,0
1763944659200,1,GET ID,200,OK,TESTES 1-99,text,true,,423,125,2,2,http://localhost:8081/users/507,1,0,0
1763944659201,0,PUT,200,OK,TESTES 1-99,text,true,,408,319,2,2,http://localhost:8081/users/507,0,0,0
1763944659201,0,GET,200,OK,TESTES 1-99,text,true,,2939,121,2,2,http://localhost:8081/users,0,0,0
1763944659201,1,DELETE,200,OK,TESTES 1-99,text,true,,165,211,2,2,http://localhost:8081/users/507,1,0,0
1763944659174,39,POST,201,Created,TESTES 1-100,text,true,,340,375,1,1,http://localhost:8081/users,39,0,0
1763944659213,1,GET ID,200,OK,TESTES 1-100,text,true,,423,125,1,1,http://localhost:8081/users/508,1,0,0
1763944659214,0,PUT,200,OK,TESTES 1-100,text,true,,408,319,1,1,http://localhost:8081/users/508,0,0,0
1763944659214,0,GET,200,OK,TESTES 1-100,text,true,,2939,121,1,1,http://localhost:8081/users,0,0,0
1763944659214,1,DELETE,200,OK,TESTES 1-100,text,true,,165,211,1,1,http://localhost:8081/users/508,1,0,0
1763944659215,0,Healthcheck,200,OK,TESTES 1-100,text,true,,176,127,1,1,http://localhost:8081/healthcheck,0,0,0
1763944659215,40,POST,201,Created,TESTES 1-100,text,true,,341,376,1,1,http://localhost:8081/users,40,0,0
1763944659255,0,GET ID,200,OK,TESTES 1-100,text,true,,422,125,1,1,http://localhost:8081/users/509,0,0,0
1763944659255,1,PUT,200,OK,TESTES 1-100,text,true,,408,320,1,1,http://localhost:8081/users/509,1,0,0
1763944659256,0,GET,200,OK,TESTES 1-100,text,true,,2939,121,1,1,http://localhost:8081/users,0,0,0
1763944659256,1,DELETE,200,OK,TESTES 1-100,text,true,,165,211,1,1,http://localhost:8081/users/509,1,0,0
1763944659257,0,Healthcheck,200,OK,TESTES 1-100,text,true,,176,127,1,1,http://localhost:8081/healthcheck,0,0,0
1763944659257,39,POST,201,Created,TESTES 1-100,text,true,,341,376,1,1,http://localhost:8081/users,39,0,0
1763944659296,0,GET ID,200,OK,TESTES 1-100,text,true,,424,125,1,1,http://localhost:8081/users/510,0,0,0
1763944659296,1,PUT,200,OK,TESTES 1-100,text,true,,409,320,1,1,http://localhost:8081/users/510,1,0,0
1763944659297,0,GET,200,OK,TESTES 1-100,text,true,,2940,121,1,1,http://localhost:8081/users,0,0,0
1763944659297,1,DELETE,200,OK,TESTES 1-100,text,true,,165,211,1,1,http://localhost:8081/users/510,1,0,0
1763944714417,2,Healthcheck,200,OK,TESTES 1-1,text,true,,176,127,1,1,http://localhost:8081/healthcheck,2,0,1
1763944714419,55,POST,201,Created,TESTES 1-1,text,true,,340,376,1,1,http://localhost:8081/users,55,0,0
1763944714474,1,GET ID,200,OK,TESTES 1-1,text,true,,423,124,1,1,http://localhost:8081/users/11,1,0,0
1763944714475,2,PUT,200,OK,TESTES 1-1,text,true,,407,318,1,1,http://localhost:8081/users/11,2,0,0
1763944714477,0,GET,200,OK,TESTES 1-1,text,true,,2938,121,1,1,http://localhost:8081/users,0,0,0
1763944714477,2,DELETE,200,OK,TESTES 1-1,text,true,,165,210,1,1,http://localhost:8081/users/11,2,0,0
1763944714479,0,Healthcheck,200,OK,TESTES 1-1,text,true,,176,127,1,1,http://localhost:8081/healthcheck,0,0,0
1763944714516,1,Healthcheck,200,OK,TESTES 1-2,text,true,,176,127,2,2,http://localhost:8081/healthcheck,1,0,0
1763944714479,46,POST,201,Created,TESTES 1-1,text,true,,338,374,2,2,http://localhost:8081/users,46,0,0
1763944714525,0,GET ID,200,OK,TESTES 1-1,text,true,,419,124,2,2,http://localhost:8081/users/12,0,0,0
1763944714525,1,PUT,200,OK,TESTES 1-1,text,true,,406,319,2,2,http://localhost:8081/users/12,1,0,0
1763944714526,0,GET,200,OK,TESTES 1-1,text,true,,2937,121,2,2,http://localhost:8081/users,0,0,0
1763944714526,1,DELETE,200,OK,TESTES 1-1,text,true,,165,210,2,2,http://localhost:8081/users/12,1,0,0
1763944714527,0,Healthcheck,200,OK,TESTES 1-1,text,true,,176,127,2,2,http://localhost:8081/healthcheck,0,0,0
1763944714517,41,POST,201,Created,TESTES 1-2,text,true,,340,376,2,2,http://localhost:8081/users,41,0,0
1763944714558,1,GET ID,200,OK,TESTES 1-2,text,true,,423,124,2,2,http://localhost:8081/users/13,1,0,0
1763944714559,1,PUT,200,OK,TESTES 1-2,text,true,,408,319,2,2,http://localhost:8081/users/13,1,0,0
1763944714560,0,GET,200,OK,TESTES 1-2,text,true,,2939,121,2,2,http://localhost:8081/users,0,0,0
1763944714560,1,DELETE,200,OK,TESTES 1-2,text,true,,165,210,2,2,http://localhost:8081/users/13,1,0,0
1763944714561,0,Healthcheck,200,OK,TESTES 1-2,text,true,,176,127,2,2,http://localhost:8081/healthcheck,0,0,0
1763944714527,40,POST,201,Created,TESTES 1-1,text,true,,340,376,2,2,http://localhost:8081/users,40,0,0
1763944714567,0,GET ID,200,OK,TESTES 1-1,text,true,,423,124,2,2,http://localhost:8081/users/14,0,0,0
1763944714567,1,PUT,200,OK,TESTES 1-1,text,true,,408,319,2,2,http://localhost:8081/users/14,1,0,0
1763944714568,0,GET,200,OK,TESTES 1-1,text,true,,2939,121,2,2,http://localhost:8081/users,0,0,0
1763944714568,1,DELETE,200,OK,TESTES 1-1,text,true,,165,210,2,2,http://localhost:8081/users/14,1,0,0
1763944714561,39,POST,201,Created,TESTES 1-2,text,true,,340,376,1,1,http://localhost:8081/users,39,0,0
1763944714600,1,GET ID,200,OK,TESTES 1-2,text,true,,421,124,1,1,http://localhost:8081/users/15,1,0,0
1763944714601,1,PUT,200,OK,TESTES 1-2,text,true,,407,319,1,1,http://localhost:8081/users/15,1,0,0
1763944714602,0,GET,200,OK,TESTES 1-2,text,true,,2938,121,1,1,http://localhost:8081/users,0,0,0
1763944714602,0,DELETE,200,OK,TESTES 1-2,text,true,,165,210,1,1,http://localhost:8081/users/15,0,0,0
1763944714602,1,Healthcheck,200,OK,TESTES 1-2,text,true,,176,127,1,1,http://localhost:8081/healthcheck,1,0,0
1763944714616,1,Healthcheck,200,OK,TESTES 1-3,text,true,,176,127,2,2,http://localhost:8081/healthcheck,0,0,0
1763944714603,39,POST,201,Created,TESTES 1-2,text,true,,340,376,2,2,http://localhost:8081/users,39,0,0
1763944714642,0,GET ID,200,OK,TESTES 1-2,text,true,,423,124,2,2,http://localhost:8081/users/16,0,0,0
1763944714642,1,PUT,200,OK,TESTES 1-2,text,true,,408,319,2,2,http://localhost:8081/users/16,1,0,0
1763944714643,0,GET,200,OK,TESTES 1-2,text,true,,2939,121,2,2,http://localhost:8081/users,0,0,0
1763944714643,1,DELETE,200,OK,TESTES 1-2,text,true,,165,210,2,2,http://localhost:8081/users/16,1,0,0
1763944714617,39,POST,201,Created,TESTES 1-3,text,true,,340,376,1,1,http://localhost:8081/users,39,0,0
1763944714656,0,GET ID,200,OK,TESTES 1-3,text,true,,423,124,1,1,http://localhost:8081/users/17,0,0,0
1763944714656,1,PUT,200,OK,TESTES 1-3,text,true,,407,319,1,1,http://localhost:8081/users/17,1,0,0
1763944714657,0,GET,200,OK,TESTES 1-3,text,true,,2938,121,1,1,http://localhost:8081/users,0,0,0
1763944714657,0,DELETE,200,OK,TESTES 1-3,text,true,,165,210,1,1,http://localhost:8081/users/17,0,0,0
1763944714657,0,Healthcheck,200,OK,TESTES 1-3,text,true,,176,127,1,1,http://localhost:8081/healthcheck,0,0,0
1763944714657,40,POST,201,Created,TESTES 1-3,text,true,,340,376,1,1,http://localhost:8081/users,40,0,0
1763944714697,0,GET ID,200,OK,TESTES 1-3,text,true,,423,124,1,1,http://localhost:8081/users/18,0,0,0
1763944714697,1,PUT,200,OK,TESTES 1-3,text,true,,408,319,1,1,http://localhost:8081/users/18,1,0,0
1763944714698,0,GET,200,OK,TESTES 1-3,text,true,,2939,121,1,1,http://localhost:8081/users,0,0,0
1763944714698,0,DELETE,200,OK,TESTES 1-3,text,true,,165,210,1,1,http://localhost:8081/users/18,0,0,0
1763944714699,0,Healthcheck,200,OK,TESTES 1-3,text,true,,176,127,1,1,http://localhost:8081/healthcheck,0,0,0
1763944714716,1,Healthcheck,200,OK,TESTES 1-4,text,true,,176,127,2,2,http://localhost:8081/healthcheck,1,0,1
1763944714699,39,POST,201,Created,TESTES 1-3,text,true,,340,376,2,2,http://localhost:8081/users,39,0,0
1763944714738,0,GET ID,200,OK,TESTES 1-3,text,true,,423,124,2,2,http://localhost:8081/users/19,0,0,0
1763944714738,1,PUT,200,OK,TESTES 1-3,text,true,,407,318,2,2,http://localhost:8081/users/19,1,0,0
1763944714739,0,GET,200,OK,TESTES 1-3,text,true,,2938,121,2,2,http://localhost:8081/users,0,0,0
1763944714739,1,DELETE,200,OK,TESTES 1-3,text,true,,165,210,2,2,http://localhost:8081/users/19,1,0,0
1763944714717,41,POST,201,Created,TESTES 1-4,text,true,,338,374,1,1,http://localhost:8081/users,41,0,0
1763944714759,0,GET ID,200,OK,TESTES 1-4,text,true,,421,124,1,1,http://localhost:8081/users/20,0,0,0
1763944714759,1,PUT,200,OK,TESTES 1-4,text,true,,408,319,1,1,http://localhost:8081/users/20,1,0,0
1763944714760,0,GET,200,OK,TESTES 1-4,text,true,,2939,121,1,1,http://localhost:8081/users,0,0,0
1763944714760,1,DELETE,200,OK,TESTES 1-4,text,true,,165,210,1,1,http://localhost:8081/users/20,1,0,0
1763944714761,0,Healthcheck,200,OK,TESTES 1-4,text,true,,176,127,1,1,http://localhost:8081/healthcheck,0,0,0
1763944714761,40,POST,201,Created,TESTES 1-4,text,true,,339,375,1,1,http://localhost:8081/users,40,0,0
1763944714801,0,GET ID,200,OK,TESTES 1-4,text,true,,422,124,1,1,http://localhost:8081/users/21,0,0,0
1763944714801,1,PUT,200,OK,TESTES 1-4,text,true,,407,318,1,1,http://localhost:8081/users/21,1,0,0
1763944714802,0,GET,200,OK,TESTES 1-4,text,true,,2938,121,1,1,http://localhost:8081/users,0,0,0
1763944714802,1,DELETE,200,OK,TESTES 1-4,text,true,,165,210,1,1,http://localhost:8081/users/21,1,0,0
1763944714803,0,Healthcheck,200,OK,TESTES 1-4,text,true,,176,127,1,1,http://localhost:8081/healthcheck,0,0,0
1763944714816,1,Healthcheck,200,OK,TESTES 1-5,text,true,,176,127,2,2,http://localhost:8081/healthcheck,1,0,1
1763944714803,39,POST,201,Created,TESTES 1-4,text,true,,340,376,2,2,http://localhost:8081/users,39,0,0
1763944714843,0,GET ID,200,OK,TESTES 1-4,text,true,,423,124,2,2,http://localhost:8081/users/22,0,0,0
1763944714843,1,PUT,200,OK,TESTES 1-4,text,true,,408,319,2,2,http://localhost:8081/users/22,1,0,0
1763944714844,0,GET,200,OK,TESTES 1-4,text,true,,2939,121,2,2,http://localhost:8081/users,0,0,0
1763944714844,0,DELETE,200,OK,TESTES 1-4,text,true,,165,210,2,2,http://localhost:8081/users/22,0,0,0
1763944714817,39,POST,201,Created,TESTES 1-5,text,true,,340,376,1,1,http://localhost:8081/users,39,0,0
1763944714857,0,GET ID,200,OK,TESTES 1-5,text,true,,423,124,1,1,http://localhost:8081/users/23,0,0,0
1763944714857,1,PUT,200,OK,TESTES 1-5,text,true,,408,319,1,1,http://localhost:8081/users/23,1,0,0
1763944714858,0,GET,200,OK,TESTES 1-5,text,true,,2939,121,1,1,http://localhost:8081/users,0,0,0
1763944714858,1,DELETE,200,OK,TESTES 1-5,text,true,,165,210,1,1,http://localhost:8081/users/23,1,0,0
1763944714859,0,Healthcheck,200,OK,TESTES 1-5,text,true,,176,127,1,1,http://localhost:8081/healthcheck,0,0,0
1763944714859,39,POST,201,Created,TESTES 1-5,text,true,,340,376,1,1,http://localhost:8081/users,39,0,0
1763944714898,1,GET ID,200,OK,TESTES 1-5,text,true,,423,124,1,1,http://localhost:8081/users/24,1,0,0
1763944714899,1,PUT,200,OK,TESTES 1-5,text,true,,408,319,1,1,http://localhost:8081/users/24,1,0,0
1763944714900,0,GET,200,OK,TESTES 1-5,text,true,,2939,121,1,1,http://localhost:8081/users,0,0,0
1763944714900,0,DELETE,200,OK,TESTES 1-5,text,true,,165,210,1,1,http://localhost:8081/users/24,0,0,0
1763944714900,0,Healthcheck,200,OK,TESTES 1-5,text,true,,176,127,1,1,http://localhost:8081/healthcheck,0,0,0
1763944714917,0,Healthcheck,200,OK,TESTES 1-6,text,true,,176,127,2,2,http://localhost:8081/healthcheck,0,0,0
1763944714901,39,POST,201,Created,TESTES 1-5,text,true,,340,376,2,2,http://localhost:8081/users,39,0,0
1763944714940,0,GET ID,200,OK,TESTES 1-5,text,true,,423,124,2,2,http://localhost:8081/users/25,0,0,0
1763944714940,1,PUT,200,OK,TESTES 1-5,text,true,,408,319,2,2,http://localhost:8081/users/25,1,0,0
1763944714941,0,GET,200,OK,TESTES 1-5,text,true,,2939,121,2,2,http://localhost:8081/users,0,0,0
1763944714941,1,DELETE,200,OK,TESTES 1-5,text,true,,165,210,2,2,http://localhost:8081/users/25,1,0,0
1763944714917,41,POST,201,Created,TESTES 1-6,text,true,,340,376,1,1,http://localhost:8081/users,41,0,0
1763944714958,1,GET ID,200,OK,TESTES 1-6,text,true,,423,124,1,1,http://localhost:8081/users/26,1,0,0
1763944714959,0,PUT,200,OK,TESTES 1-6,text,true,,408,319,1,1,http://localhost:8081/users/26,0,0,0
1763944714959,1,GET,200,OK,TESTES 1-6,text,true,,2939,121,1,1,http://localhost:8081/users,1,0,0
1763944714960,0,DELETE,200,OK,TESTES 1-6,text,true,,165,210,1,1,http://localhost:8081/users/26,0,0,0
1763944714960,0,Healthcheck,200,OK,TESTES 1-6,text,true,,176,127,1,1,http://localhost:8081/healthcheck,0,0,0
1763944714960,40,POST,201,Created,TESTES 1-6,text,true,,340,376,1,1,http://localhost:8081/users,40,0,0
1763944715000,0,GET ID,200,OK,TESTES 1-6,text,true,,423,124,1,1,http://localhost:8081/users/27,0,0,0
1763944715000,1,PUT,200,OK,TESTES 1-6,text,true,,407,318,1,1,http://localhost:8081/users/27,1,0,0
1763944715001,1,GET,200,OK,TESTES 1-6,text,true,,2938,121,1,1,http://localhost:8081/users,1,0,0
1763944715002,0,DELETE,200,OK,TESTES 1-6,text,true,,165,210,1,1,http://localhost:8081/users/27,0,0,0
1763944715002,0,Healthcheck,200,OK,TESTES 1-6,text,true,,176,127,1,1,http://localhost:8081/healthcheck,0,0,0
1763944715017,0,Healthcheck,200,OK,TESTES 1-7,text,true,,176,127,2,2,http://localhost:8081/healthcheck,0,0,0
1763944715003,42,POST,201,Created,TESTES 1-6,text,true,,340,376,2,2,http://localhost:8081/users,42,0,0
1763944715045,1,GET ID,200,OK,TESTES 1-6,text,true,,423,124,2,2,http://localhost:8081/users/28,1,0,0
1763944715046,0,PUT,200,OK,TESTES 1-6,text,true,,408,319,2,2,http://localhost:8081/users/28,0,0,0
1763944715046,0,GET,200,OK,TESTES 1-6,text,true,,2939,121,2,2,http://localhost:8081/users,0,0,0
1763944715046,1,DELETE,200,OK,TESTES 1-6,text,true,,165,210,2,2,http://localhost:8081/users/28,1,0,0
1763944715017,41,POST,201,Created,TESTES 1-7,text,true,,340,376,1,1,http://localhost:8081/users,41,0,0
1763944715058,0,GET ID,200,OK,TESTES 1-7,text,true,,423,124,1,1,http://localhost:8081/users/29,0,0,0
1763944715058,0,PUT,200,OK,TESTES 1-7,text,true,,408,319,1,1,http://localhost:8081/users/29,0,0,0
1763944715058,1,GET,200,OK,TESTES 1-7,text,true,,2939,121,1,1,http://localhost:8081/users,1,0,0
1763944715059,0,DELETE,200,OK,TESTES 1-7,text,true,,165,210,1,1,http://localhost:8081/users/29,0,0,0
1763944715059,0,Healthcheck,200,OK,TESTES 1-7,text,true,,176,127,1,1,http://localhost:8081/healthcheck,0,0,0
1763944715059,40,POST,201,Created,TESTES 1-7,text,true,,340,376,1,1,http://localhost:8081/users,40,0,0
1763944715099,0,GET ID,200,OK,TESTES 1-7,text,true,,423,124,1,1,http://localhost:8081/users/30,0,0,0
1763944715099,1,PUT,200,OK,TESTES 1-7,text,true,,408,319,1,1,http://localhost:8081/users/30,1,0,0
1763944715101,0,GET,200,OK,TESTES 1-7,text,true,,2939,121,1,1,http://localhost:8081/users,0,0,0
1763944715101,1,DELETE,200,OK,TESTES 1-7,text,true,,165,210,1,1,http://localhost:8081/users/30,1,0,0
1763944715102,0,Healthcheck,200,OK,TESTES 1-7,text,true,,176,127,1,1,http://localhost:8081/healthcheck,0,0,0
1763944715116,1,Healthcheck,200,OK,TESTES 1-8,text,true,,176,127,2,2,http://localhost:8081/healthcheck,1,0,1
1763944715102,40,POST,201,Created,TESTES 1-7,text,true,,340,376,2,2,http://localhost:8081/users,40,0,0
1763944715142,1,GET ID,200,OK,TESTES 1-7,text,true,,423,124,2,2,http://localhost:8081/users/31,1,0,0
1763944715143,1,PUT,200,OK,TESTES 1-7,text,true,,408,319,2,2,http://localhost:8081/users/31,1,0,0
1763944715144,0,GET,200,OK,TESTES 1-7,text,true,,2939,121,2,2,http://localhost:8081/users,0,0,0
1763944715144,1,DELETE,200,OK,TESTES 1-7,text,true,,165,210,2,2,http://localhost:8081/users/31,1,0,0
1763944715117,39,POST,201,Created,TESTES 1-8,text,true,,339,375,1,1,http://localhost:8081/users,39,0,0
1763944715157,0,GET ID,200,OK,TESTES 1-8,text,true,,422,124,1,1,http://localhost:8081/users/32,0,0,0
1763944715157,1,PUT,200,OK,TESTES 1-8,text,true,,408,319,1,1,http://localhost:8081/users/32,1,0,0
1763944715158,0,GET,200,OK,TESTES 1-8,text,true,,2939,121,1,1,http://localhost:8081/users,0,0,0
1763944715158,1,DELETE,200,OK,TESTES 1-8,text,true,,165,210,1,1,http://localhost:8081/users/32,1,0,0
1763944715159,0,Healthcheck,200,OK,TESTES 1-8,text,true,,176,127,1,1,http://localhost:8081/healthcheck,0,0,0
1763944715159,39,POST,201,Created,TESTES 1-8,text,true,,340,376,1,1,http://localhost:8081/users,39,0,0
1763944715199,0,GET ID,200,OK,TESTES 1-8,text,true,,423,124,1,1,http://localhost:8081/users/33,0,0,0
1763944715199,1,PUT,200,OK,TESTES 1-8,text,true,,408,319,1,1,http://localhost:8081/users/33,1,0,0
1763944715200,0,GET,200,OK,TESTES 1-8,text,true,,2939,121,1,1,http://localhost:8081/users,0,0,0
1763944715200,1,DELETE,200,OK,TESTES 1-8,text,true,,165,210,1,1,http://localhost:8081/users/33,1,0,0
1763944715201,0,Healthcheck,200,OK,TESTES 1-8,text,true,,176,127,1,1,http://localhost:8081/healthcheck,0,0,0
1763944715217,1,Healthcheck,200,OK,TESTES 1-9,text,true,,176,127,2,2,http://localhost:8081/healthcheck,1,0,0
1763944715201,40,POST,201,Created,TESTES 1-8,text,true,,340,376,2,2,http://localhost:8081/users,40,0,0
1763944715241,1,GET ID,200,OK,TESTES 1-8,text,true,,423,124,2,2,http://localhost:8081/users/34,1,0,0
1763944715242,0,PUT,200,OK,TESTES 1-8,text,true,,407,318,2,2,http://localhost:8081/users/34,0,0,0
1763944715242,0,GET,200,OK,TESTES 1-8,text,true,,2938,121,2,2,http://localhost:8081/users,0,0,0
1763944715242,1,DELETE,200,OK,TESTES 1-8,text,true,,165,210,2,2,http://localhost:8081/users/34,1,0,0
1763944715218,39,POST,201,Created,TESTES 1-9,text,true,,340,375,1,1,http://localhost:8081/users,39,0,0
1763944715257,0,GET ID,200,OK,TESTES 1-9,text,true,,419,124,1,1,http://localhost:8081/users/35,0,0,0
1763944715257,1,PUT,200,OK,TESTES 1-9,text,true,,406,319,1,1,http://localhost:8081/users/35,1,0,0
1763944715258,0,GET,200,OK,TESTES 1-9,text,true,,2937,121,1,1,http://localhost:8081/users,0,0,0
1763944715258,0,DELETE,200,OK,TESTES 1-9,text,true,,165,210,1,1,http://localhost:8081/users/35,0,0,0
1763944715258,0,Healthcheck,200,OK,TESTES 1-9,text,true,,176,127,1,1,http://localhost:8081/healthcheck,0,0,0
1763944715258,40,POST,201,Created,TESTES 1-9,text,true,,340,376,1,1,http://localhost:8081/users,40,0,0
1763944715299,0,GET ID,200,OK,TESTES 1-9,text,true,,423,124,1,1,http://localhost:8081/users/36,0,0,0
1763944715299,1,PUT,200,OK,TESTES 1-9,text,true,,408,319,1,1,http://localhost:8081/users/36,1,0,0
1763944715300,0,GET,200,OK,TESTES 1-9,text,true,,2939,121,1,1,http://localhost:8081/users,0,0,0
1763944715300,0,DELETE,200,OK,TESTES 1-9,text,true,,165,210,1,1,http://localhost:8081/users/36,0,0,0
1763944715300,0,Healthcheck,200,OK,TESTES 1-9,text,true,,176,127,1,1,http://localhost:8081/healthcheck,0,0,0
1763944715316,1,Healthcheck,200,OK,TESTES 1-10,text,true,,176,127,2,2,http://localhost:8081/healthcheck,1,0,1
1763944715300,40,POST,201,Created,TESTES 1-9,text,true,,340,376,2,2,http://localhost:8081/users,40,0,0
1763944715340,1,GET ID,200,OK,TESTES 1-9,text,true,,423,124,2,2,http://localhost:8081/users/37,1,0,0
1763944715341,0,PUT,200,OK,TESTES 1-9,text,true,,407,318,2,2,http://localhost:8081/users/37,0,0,0
1763944715342,0,GET,200,OK,TESTES 1-9,text,true,,2938,121,2,2,http://localhost:8081/users,0,0,0
1763944715342,0,DELETE,200,OK,TESTES 1-9,text,true,,165,210,2,2,http://localhost:8081/users/37,0,0,0
1763944715317,40,POST,201,Created,TESTES 1-10,text,true,,340,376,1,1,http://localhost:8081/users,40,0,0
1763944715357,1,GET ID,200,OK,TESTES 1-10,text,true,,423,124,1,1,http://localhost:8081/users/38,1,0,0
1763944715358,0,PUT,200,OK,TESTES 1-10,text,true,,407,318,1,1,http://localhost:8081/users/38,0,0,0
1763944715358,0,GET,200,OK,TESTES 1-10,text,true,,2938,121,1,1,http://localhost:8081/users,0,0,0
1763944715358,1,DELETE,200,OK,TESTES 1-10,text,true,,165,210,1,1,http://localhost:8081/users/38,1,0,0
1763944715359,0,Healthcheck,200,OK,TESTES 1-10,text,true,,176,127,1,1,http://localhost:8081/healthcheck,0,0,0
1763944715359,41,POST,201,Created,TESTES 1-10,text,true,,340,376,1,1,http://localhost:8081/users,41,0,0
1763944715400,0,GET ID,200,OK,TESTES 1-10,text,true,,423,124,1,1,http://localhost:8081/users/39,0,0,0
1763944715400,1,PUT,200,OK,TESTES 1-10,text,true,,408,319,1,1,http://localhost:8081/users/39,1,0,0
1763944715401,1,GET,200,OK,TESTES 1-10,text,true,,2939,121,1,1,http://localhost:8081/users,1,0,0
1763944715402,0,DELETE,200,OK,TESTES 1-10,text,true,,165,210,1,1,http://localhost:8081/users/39,0,0,0
1763944715402,1,Healthcheck,200,OK,TESTES 1-10,text,true,,176,127,1,1,http://localhost:8081/healthcheck,1,0,0
1763944715416,1,Healthcheck,200,OK,TESTES 1-11,text,true,,176,127,2,2,http://localhost:8081/healthcheck,1,0,1
1763944715403,39,POST,201,Created,TESTES 1-10,text,true,,339,375,2,2,http://localhost:8081/users,39,0,0
1763944715443,0,GET ID,200,OK,TESTES 1-10,text,true,,422,124,2,2,http://localhost:8081/users/40,0,0,0
1763944715443,1,PUT,200,OK,TESTES 1-10,text,true,,406,319,2,2,http://localhost:8081/users/40,1,0,0
1763944715444,0,GET,200,OK,TESTES 1-10,text,true,,2937,121,2,2,http://localhost:8081/users,0,0,0
1763944715444,0,DELETE,200,OK,TESTES 1-10,text,true,,165,210,2,2,http://localhost:8081/users/40,0,0,0
1763944715417,40,POST,201,Created,TESTES 1-11,text,true,,340,376,1,1,http://localhost:8081/users,40,0,0
1763944715457,1,GET ID,200,OK,TESTES 1-11,text,true,,423,124,1,1,http://localhost:8081/users/41,1,0,0
1763944715458,0,PUT,200,OK,TESTES 1-11,text,true,,408,319,1,1,http://localhost:8081/users/41,0,0,0
1763944715458,1,GET,200,OK,TESTES 1-11,text,true,,2939,121,1,1,http://localhost:8081/users,1,0,0
1763944715459,0,DELETE,200,OK,TESTES 1-11,text,true,,165,210,1,1,http://localhost:8081/users/41,0,0,0
1763944715459,0,Healthcheck,200,OK,TESTES 1-11,text,true,,176,127,1,1,http://localhost:8081/healthcheck,0,0,0
1763944715459,40,POST,201,Created,TESTES 1-11,text,true,,340,376,1,1,http://localhost:8081/users,40,0,0
1763944715500,0,GET ID,200,OK,TESTES 1-11,text,true,,423,124,1,1,http://localhost:8081/users/42,0,0,0
1763944715500,1,PUT,200,OK,TESTES 1-11,text,true,,407,319,1,1,http://localhost:8081/users/42,1,0,0
1763944715501,1,GET,200,OK,TESTES 1-11,text,true,,2938,121,1,1,http://localhost:8081/users,1,0,0
1763944715502,1,DELETE,200,OK,TESTES 1-11,text,true,,165,210,1,1,http://localhost:8081/users/42,1,0,0
1763944715503,0,Healthcheck,200,OK,TESTES 1-11,text,true,,176,127,1,1,http://localhost:8081/healthcheck,0,0,0
1763944715517,0,Healthcheck,200,OK,TESTES 1-12,text,true,,176,127,2,2,http://localhost:8081/healthcheck,0,0,0
1763944715503,40,POST,201,Created,TESTES 1-11,text,true,,340,376,2,2,http://localhost:8081/users,40,0,0
1763944715543,1,GET ID,200,OK,TESTES 1-11,text,true,,423,124,2,2,http://localhost:8081/users/43,1,0,0
1763944715544,1,PUT,200,OK,TESTES 1-11,text,true,,408,319,2,2,http://localhost:8081/users/43,1,0,0
1763944715545,1,GET,200,OK,TESTES 1-11,text,true,,2939,121,2,2,http://localhost:8081/users,1,0,0
1763944715546,0,DELETE,200,OK,TESTES 1-11,text,true,,165,210,2,2,http://localhost:8081/users/43,0,0,0
1763944715517,40,POST,201,Created,TESTES 1-12,text,true,,340,376,1,1,http://localhost:8081/users,40,0,0
1763944715557,0,GET ID,200,OK,TESTES 1-12,text,true,,423,124,1,1,http://localhost:8081/users/44,0,0,0
1763944715557,1,PUT,200,OK,TESTES 1-12,text,true,,407,318,1,1,http://localhost:8081/users/44,1,0,0
1763944715558,0,GET,200,OK,TESTES 1-12,text,true,,2938,121,1,1,http://localhost:8081/users,0,0,0
1763944715558,1,DELETE,200,OK,TESTES 1-12,text,true,,165,210,1,1,http://localhost:8081/users/44,1,0,0
1763944715559,0,Healthcheck,200,OK,TESTES 1-12,text,true,,176,127,1,1,http://localhost:8081/healthcheck,0,0,0
1763944715559,40,POST,201,Created,TESTES 1-12,text,true,,340,376,1,1,http://localhost:8081/users,40,0,0
1763944715599,0,GET ID,200,OK,TESTES 1-12,text,true,,423,124,1,1,http://localhost:8081/users/45,0,0,0
1763944715599,1,PUT,200,OK,TESTES 1-12,text,true,,408,319,1,1,http://localhost:8081/users/45,1,0,0
1763944715600,1,GET,200,OK,TESTES 1-12,text,true,,2939,121,1,1,http://localhost:8081/users,1,0,0
1763944715601,0,DELETE,200,OK,TESTES 1-12,text,true,,165,210,1,1,http://localhost:8081/users/45,0,0,0
1763944715601,0,Healthcheck,200,OK,TESTES 1-12,text,true,,176,127,1,1,http://localhost:8081/healthcheck,0,0,0
1763944715617,0,Healthcheck,200,OK,TESTES 1-13,text,true,,176,127,2,2,http://localhost:8081/healthcheck,0,0,0
1763944715601,41,POST,201,Created,TESTES 1-12,text,true,,340,376,2,2,http://localhost:8081/users,41,0,0
1763944715642,0,GET ID,200,OK,TESTES 1-12,text,true,,423,124,2,2,http://localhost:8081/users/46,0,0,0
1763944715642,1,PUT,200,OK,TESTES 1-12,text,true,,408,319,2,2,http://localhost:8081/users/46,1,0,0
1763944715643,0,GET,200,OK,TESTES 1-12,text,true,,2939,121,2,2,http://localhost:8081/users,0,0,0
1763944715643,1,DELETE,200,OK,TESTES 1-12,text,true,,165,210,2,2,http://localhost:8081/users/46,1,0,0
1763944715617,42,POST,201,Created,TESTES 1-13,text,true,,340,375,1,1,http://localhost:8081/users,42,0,0
1763944715659,0,GET ID,200,OK,TESTES 1-13,text,true,,423,124,1,1,http://localhost:8081/users/47,0,0,0
1763944715659,1,PUT,200,OK,TESTES 1-13,text,true,,408,319,1,1,http://localhost:8081/users/47,1,0,0
1763944715660,0,GET,200,OK,TESTES 1-13,text,true,,2939,121,1,1,http://localhost:8081/users,0,0,0
1763944715660,0,DELETE,200,OK,TESTES 1-13,text,true,,165,210,1,1,http://localhost:8081/users/47,0,0,0
1763944715660,0,Healthcheck,200,OK,TESTES 1-13,text,true,,176,127,1,1,http://localhost:8081/healthcheck,0,0,0
1763944715660,40,POST,201,Created,TESTES 1-13,text,true,,340,376,1,1,http://localhost:8081/users,40,0,0
1763944715700,0,GET ID,200,OK,TESTES 1-13,text,true,,423,124,1,1,http://localhost:8081/users/48,0,0,0
1763944715700,1,PUT,200,OK,TESTES 1-13,text,true,,408,319,1,1,http://localhost:8081/users/48,1,0,0
1763944715701,0,GET,200,OK,TESTES 1-13,text,true,,2939,121,1,1,http://localhost:8081/users,0,0,0
1763944715701,0,DELETE,200,OK,TESTES 1-13,text,true,,165,210,1,1,http://localhost:8081/users/48,0,0,0
1763944715701,0,Healthcheck,200,OK,TESTES 1-13,text,true,,176,127,1,1,http://localhost:8081/healthcheck,0,0,0
1763944715716,0,Healthcheck,200,OK,TESTES 1-14,text,true,,176,127,2,2,http://localhost:8081/healthcheck,0,0,0
1763944715701,40,POST,201,Created,TESTES 1-13,text,true,,340,375,2,2,http://localhost:8081/users,40,0,0
1763944715741,0,GET ID,200,OK,TESTES 1-13,text,true,,423,124,2,2,http://localhost:8081/users/49,0,0,0
1763944715741,1,PUT,200,OK,TESTES 1-13,text,true,,408,319,2,2,http://localhost:8081/users/49,1,0,0
1763944715742,0,GET,200,OK,TESTES 1-13,text,true,,2939,121,2,2,http://localhost:8081/users,0,0,0
1763944715742,1,DELETE,200,OK,TESTES 1-13,text,true,,165,210,2,2,http://localhost:8081/users/49,1,0,0
1763944715716,40,POST,201,Created,TESTES 1-14,text,true,,340,376,1,1,http://localhost:8081/users,40,0,0
1763944715756,0,GET ID,200,OK,TESTES 1-14,text,true,,423,124,1,1,http://localhost:8081/users/50,0,0,0
1763944715756,1,PUT,200,OK,TESTES 1-14,text,true,,408,319,1,1,http://localhost:8081/users/50,1,0,0
1763944715757,0,GET,200,OK,TESTES 1-14,text,true,,2939,121,1,1,http://localhost:8081/users,0,0,0
1763944715757,1,DELETE,200,OK,TESTES 1-14,text,true,,165,210,1,1,http://localhost:8081/users/50,1,0,0
1763944715758,0,Healthcheck,200,OK,TESTES 1-14,text,true,,176,127,1,1,http://localhost:8081/healthcheck,0,0,0
1763944715758,40,POST,201,Created,TESTES 1-14,text,true,,340,376,1,1,http://localhost:8081/users,39,0,0
1763944715798,0,GET ID,200,OK,TESTES 1-14,text,true,,421,124,1,1,http://localhost:8081/users/51,0,0,0
1763944715798,1,PUT,200,OK,TESTES 1-14,text,true,,406,319,1,1,http://localhost:8081/users/51,1,0,0
1763944715799,0,GET,200,OK,TESTES 1-14,text,true,,2937,121,1,1,http://localhost:8081/users,0,0,0
1763944715799,1,DELETE,200,OK,TESTES 1-14,text,true,,165,210,1,1,http://localhost:8081/users/51,1,0,0
1763944715800,0,Healthcheck,200,OK,TESTES 1-14,text,true,,176,127,1,1,http://localhost:8081/healthcheck,0,0,0
1763944715816,1,Healthcheck,200,OK,TESTES 1-15,text,true,,176,127,2,2,http://localhost:8081/healthcheck,1,0,0
1763944715800,40,POST,201,Created,TESTES 1-14,text,true,,338,374,2,2,http://localhost:8081/users,40,0,0
1763944715840,0,GET ID,200,OK,TESTES 1-14,text,true,,421,124,2,2,http://localhost:8081/users/52,0,0,0
1763944715840,1,PUT,200,OK,TESTES 1-14,text,true,,407,318,2,2,http://localhost:8081/users/52,1,0,0
1763944715841,0,GET,200,OK,TESTES 1-14,text,true,,2938,121,2,2,http://localhost:8081/users,0,0,0
1763944715841,1,DELETE,200,OK,TESTES 1-14,text,true,,165,210,2,2,http://localhost:8081/users/52,1,0,0
1763944715817,40,POST,201,Created,TESTES 1-15,text,true,,340,376,1,1,http://localhost:8081/users,40,0,0
1763944715857,0,GET ID,200,OK,TESTES 1-15,text,true,,423,124,1,1,http://localhost:8081/users/53,0,0,0
1763944715857,1,PUT,200,OK,TESTES 1-15,text,true,,408,319,1,1,http://localhost:8081/users/53,1,0,0
1763944715858,0,GET,200,OK,TESTES 1-15,text,true,,2939,121,1,1,http://localhost:8081/users,0,0,0
1763944715858,1,DELETE,200,OK,TESTES 1-15,text,true,,165,210,1,1,http://localhost:8081/users/53,1,0,0
1763944715859,0,Healthcheck,200,OK,TESTES 1-15,text,true,,176,127,1,1,http://localhost:8081/healthcheck,0,0,0
1763944715859,39,POST,201,Created,TESTES 1-15,text,true,,340,376,1,1,http://localhost:8081/users,39,0,0
1763944715898,1,GET ID,200,OK,TESTES 1-15,text,true,,421,124,1,1,http://localhost:8081/users/54,1,0,0
1763944715899,0,PUT,200,OK,TESTES 1-15,text,true,,407,319,1,1,http://localhost:8081/users/54,0,0,0
1763944715899,1,GET,200,OK,TESTES 1-15,text,true,,2938,121,1,1,http://localhost:8081/users,1,0,0
1763944715900,0,DELETE,200,OK,TESTES 1-15,text,true,,165,210,1,1,http://localhost:8081/users/54,0,0,0
1763944715900,0,Healthcheck,200,OK,TESTES 1-15,text,true,,176,127,1,1,http://localhost:8081/healthcheck,0,0,0
1763944715916,1,Healthcheck,200,OK,TESTES 1-16,text,true,,176,127,2,2,http://localhost:8081/healthcheck,1,0,1
1763944715900,40,POST,201,Created,TESTES 1-15,text,true,,339,375,2,2,http://localhost:8081/users,40,0,0
1763944715940,0,GET ID,200,OK,TESTES 1-15,text,true,,422,124,2,2,http://localhost:8081/users/55,0,0,0
1763944715940,1,PUT,200,OK,TESTES 1-15,text,true,,407,319,2,2,http://localhost:8081/users/55,1,0,0
1763944715941,1,GET,200,OK,TESTES 1-15,text,true,,2938,121,2,2,http://localhost:8081/users,1,0,0
1763944715942,0,DELETE,200,OK,TESTES 1-15,text,true,,165,210,2,2,http://localhost:8081/users/55,0,0,0
1763944715917,40,POST,201,Created,TESTES 1-16,text,true,,340,376,1,1,http://localhost:8081/users,40,0,0
1763944715957,0,GET ID,200,OK,TESTES 1-16,text,true,,423,124,1,1,http://localhost:8081/users/56,0,0,0
1763944715957,1,PUT,200,OK,TESTES 1-16,text,true,,408,319,1,1,http://localhost:8081/users/56,1,0,0
1763944715958,0,GET,200,OK,TESTES 1-16,text,true,,2939,121,1,1,http://localhost:8081/users,0,0,0
1763944715958,1,DELETE,200,OK,TESTES 1-16,text,true,,165,210,1,1,http://localhost:8081/users/56,1,0,0
1763944715959,0,Healthcheck,200,OK,TESTES 1-16,text,true,,176,127,1,1,http://localhost:8081/healthcheck,0,0,0
1763944715959,39,POST,201,Created,TESTES 1-16,text,true,,340,376,1,1,http://localhost:8081/users,39,0,0
1763944715999,0,GET ID,200,OK,TESTES 1-16,text,true,,423,124,1,1,http://localhost:8081/users/57,0,0,0
1763944715999,1,PUT,200,OK,TESTES 1-16,text,true,,407,318,1,1,http://localhost:8081/users/57,1,0,0
1763944716000,0,GET,200,OK,TESTES 1-16,text,true,,2938,121,1,1,http://localhost:8081/users,0,0,0
1763944716000,0,DELETE,200,OK,TESTES 1-16,text,true,,165,210,1,1,http://localhost:8081/users/57,0,0,0
1763944716001,0,Healthcheck,200,OK,TESTES 1-16,text,true,,176,127,1,1,http://localhost:8081/healthcheck,0,0,0
1763944716016,1,Healthcheck,200,OK,TESTES 1-17,text,true,,176,127,2,2,http://localhost:8081/healthcheck,1,0,1
1763944716001,39,POST,201,Created,TESTES 1-16,text,true,,340,376,2,2,http://localhost:8081/users,39,0,0
1763944716040,1,GET ID,200,OK,TESTES 1-16,text,true,,423,124,2,2,http://localhost:8081/users/58,1,0,0
1763944716041,0,PUT,200,OK,TESTES 1-16,text,true,,407,319,2,2,http://localhost:8081/users/58,0,0,0
1763944716042,0,GET,200,OK,TESTES 1-16,text,true,,2938,121,2,2,http://localhost:8081/users,0,0,0
1763944716042,0,DELETE,200,OK,TESTES 1-16,text,true,,165,210,2,2,http://localhost:8081/users/58,0,0,0
1763944716017,40,POST,201,Created,TESTES 1-17,text,true,,340,376,1,1,http://localhost:8081/users,40,0,0
1763944716057,0,GET ID,200,OK,TESTES 1-17,text,true,,423,124,1,1,http://localhost:8081/users/59,0,0,0
1763944716057,1,PUT,200,OK,TESTES 1-17,text,true,,408,319,1,1,http://localhost:8081/users/59,1,0,0
1763944716058,0,GET,200,OK,TESTES 1-17,text,true,,2939,121,1,1,http://localhost:8081/users,0,0,0
1763944716058,0,DELETE,200,OK,TESTES 1-17,text,true,,165,210,1,1,http://localhost:8081/users/59,0,0,0
1763944716058,0,Healthcheck,200,OK,TESTES 1-17,text,true,,176,127,1,1,http://localhost:8081/healthcheck,0,0,0
1763944716058,40,POST,201,Created,TESTES 1-17,text,true,,340,376,1,1,http://localhost:8081/users,40,0,0
1763944716098,0,GET ID,200,OK,TESTES 1-17,text,true,,423,124,1,1,http://localhost:8081/users/60,0,0,0
1763944716098,1,PUT,200,OK,TESTES 1-17,text,true,,407,319,1,1,http://localhost:8081/users/60,1,0,0
1763944716099,0,GET,200,OK,TESTES 1-17,text,true,,2938,121,1,1,http://localhost:8081/users,0,0,0
1763944716099,1,DELETE,200,OK,TESTES 1-17,text,true,,165,210,1,1,http://localhost:8081/users/60,1,0,0
1763944716100,0,Healthcheck,200,OK,TESTES 1-17,text,true,,176,127,1,1,http://localhost:8081/healthcheck,0,0,0
1763944716117,0,Healthcheck,200,OK,TESTES 1-18,text,true,,176,127,2,2,http://localhost:8081/healthcheck,0,0,0
1763944716100,39,POST,201,Created,TESTES 1-17,text,true,,340,376,2,2,http://localhost:8081/users,39,0,0
1763944716139,0,GET ID,200,OK,TESTES 1-17,text,true,,423,124,2,2,http://localhost:8081/users/61,0,0,0
1763944716139,1,PUT,200,OK,TESTES 1-17,text,true,,408,319,2,2,http://localhost:8081/users/61,1,0,0
1763944716140,0,GET,200,OK,TESTES 1-17,text,true,,2939,121,2,2,http://localhost:8081/users,0,0,0
1763944716140,1,DELETE,200,OK,TESTES 1-17,text,true,,165,210,2,2,http://localhost:8081/users/61,1,0,0
1763944716117,40,POST,201,Created,TESTES 1-18,text,true,,340,376,1,1,http://localhost:8081/users,40,0,0
1763944716157,0,GET ID,200,OK,TESTES 1-18,text,true,,423,124,1,1,http://localhost:8081/users/62,0,0,0
1763944716157,1,PUT,200,OK,TESTES 1-18,text,true,,408,319,1,1,http://localhost:8081/users/62,1,0,0
1763944716158,0,GET,200,OK,TESTES 1-18,text,true,,2939,121,1,1,http://localhost:8081/users,0,0,0
1763944716158,1,DELETE,200,OK,TESTES 1-18,text,true,,165,210,1,1,http://localhost:8081/users/62,1,0,0
1763944716159,0,Healthcheck,200,OK,TESTES 1-18,text,true,,176,127,1,1,http://localhost:8081/healthcheck,0,0,0
1763944716159,40,POST,201,Created,TESTES 1-18,text,true,,340,376,1,1,http://localhost:8081/users,40,0,0
1763944716199,0,GET ID,200,OK,TESTES 1-18,text,true,,423,124,1,1,http://localhost:8081/users/63,0,0,0
1763944716200,1,PUT,200,OK,TESTES 1-18,text,true,,408,319,1,1,http://localhost:8081/users/63,1,0,0
1763944716201,0,GET,200,OK,TESTES 1-18,text,true,,2939,121,1,1,http://localhost:8081/users,0,0,0
1763944716201,0,DELETE,200,OK,TESTES 1-18,text,true,,165,210,1,1,http://localhost:8081/users/63,0,0,0
1763944716201,0,Healthcheck,200,OK,TESTES 1-18,text,true,,176,127,1,1,http://localhost:8081/healthcheck,0,0,0
1763944716217,1,Healthcheck,200,OK,TESTES 1-19,text,true,,176,127,2,2,http://localhost:8081/healthcheck,1,0,0
1763944716201,40,POST,201,Created,TESTES 1-18,text,true,,340,376,2,2,http://localhost:8081/users,40,0,0
1763944716241,0,GET ID,200,OK,TESTES 1-18,text,true,,423,124,2,2,http://localhost:8081/users/64,0,0,0
1763944716241,1,PUT,200,OK,TESTES 1-18,text,true,,406,319,2,2,http://localhost:8081/users/64,1,0,0
1763944716242,0,GET,200,OK,TESTES 1-18,text,true,,2937,121,2,2,http://localhost:8081/users,0,0,0
1763944716242,0,DELETE,200,OK,TESTES 1-18,text,true,,165,210,2,2,http://localhost:8081/users/64,0,0,0
1763944716218,39,POST,201,Created,TESTES 1-19,text,true,,340,375,1,1,http://localhost:8081/users,39,0,0
1763944716257,1,GET ID,200,OK,TESTES 1-19,text,true,,423,124,1,1,http://localhost:8081/users/65,1,0,0
1763944716258,1,PUT,200,OK,TESTES 1-19,text,true,,408,319,1,1,http://localhost:8081/users/65,1,0,0
1763944716259,0,GET,200,OK,TESTES 1-19,text,true,,2939,121,1,1,http://localhost:8081/users,0,0,0
1763944716259,1,DELETE,200,OK,TESTES 1-19,text,true,,165,210,1,1,http://localhost:8081/users/65,1,0,0
1763944716260,0,Healthcheck,200,OK,TESTES 1-19,text,true,,176,127,1,1,http://localhost:8081/healthcheck,0,0,0
1763944716260,40,POST,201,Created,TESTES 1-19,text,true,,340,376,1,1,http://localhost:8081/users,40,0,0
1763944716300,1,GET ID,200,OK,TESTES 1-19,text,true,,423,124,1,1,http://localhost:8081/users/66,1,0,0
1763944716301,1,PUT,200,OK,TESTES 1-19,text,true,,407,318,1,1,http://localhost:8081/users/66,1,0,0
1763944716302,0,GET,200,OK,TESTES 1-19,text,true,,2938,121,1,1,http://localhost:8081/users,0,0,0
1763944716302,1,DELETE,200,OK,TESTES 1-19,text,true,,165,210,1,1,http://localhost:8081/users/66,1,0,0
1763944716303,0,Healthcheck,200,OK,TESTES 1-19,text,true,,176,127,1,1,http://localhost:8081/healthcheck,0,0,0
1763944716316,1,Healthcheck,200,OK,TESTES 1-20,text,true,,176,127,2,2,http://localhost:8081/healthcheck,1,0,0
1763944716303,39,POST,201,Created,TESTES 1-19,text,true,,340,376,2,2,http://localhost:8081/users,39,0,0
1763944716342,1,GET ID,200,OK,TESTES 1-19,text,true,,423,124,2,2,http://localhost:8081/users/67,1,0,0
1763944716343,1,PUT,200,OK,TESTES 1-19,text,true,,408,319,2,2,http://localhost:8081/users/67,1,0,0
1763944716344,1,GET,200,OK,TESTES 1-19,text,true,,2939,121,2,2,http://localhost:8081/users,1,0,0
1763944716345,1,DELETE,200,OK,TESTES 1-19,text,true,,165,210,2,2,http://localhost:8081/users/67,1,0,0
1763944716317,39,POST,201,Created,TESTES 1-20,text,true,,340,376,1,1,http://localhost:8081/users,39,0,0
1763944716356,1,GET ID,200,OK,TESTES 1-20,text,true,,423,124,1,1,http://localhost:8081/users/68,1,0,0
1763944716357,0,PUT,200,OK,TESTES 1-20,text,true,,407,318,1,1,http://localhost:8081/users/68,0,0,0
1763944716357,1,GET,200,OK,TESTES 1-20,text,true,,2938,121,1,1,http://localhost:8081/users,1,0,0
1763944716358,0,DELETE,200,OK,TESTES 1-20,text,true,,165,210,1,1,http://localhost:8081/users/68,0,0,0
1763944716358,0,Healthcheck,200,OK,TESTES 1-20,text,true,,176,127,1,1,http://localhost:8081/healthcheck,0,0,0
1763944716358,40,POST,201,Created,TESTES 1-20,text,true,,340,376,1,1,http://localhost:8081/users,40,0,0
1763944716398,1,GET ID,200,OK,TESTES 1-20,text,true,,423,124,1,1,http://localhost:8081/users/69,1,0,0
1763944716399,1,PUT,200,OK,TESTES 1-20,text,true,,407,318,1,1,http://localhost:8081/users/69,1,0,0
1763944716400,1,GET,200,OK,TESTES 1-20,text,true,,2938,121,1,1,http://localhost:8081/users,1,0,0
1763944716401,0,DELETE,200,OK,TESTES 1-20,text,true,,165,210,1,1,http://localhost:8081/users/69,0,0,0
1763944716402,0,Healthcheck,200,OK,TESTES 1-20,text,true,,176,127,1,1,http://localhost:8081/healthcheck,0,0,0
1763944716416,1,Healthcheck,200,OK,TESTES 1-21,text,true,,176,127,2,2,http://localhost:8081/healthcheck,1,0,0
1763944716402,39,POST,201,Created,TESTES 1-20,text,true,,340,376,2,2,http://localhost:8081/users,39,0,0
1763944716442,0,GET ID,200,OK,TESTES 1-20,text,true,,423,124,2,2,http://localhost:8081/users/70,0,0,0
1763944716442,1,PUT,200,OK,TESTES 1-20,text,true,,408,319,2,2,http://localhost:8081/users/70,1,0,0
1763944716443,0,GET,200,OK,TESTES 1-20,text,true,,2939,121,2,2,http://localhost:8081/users,0,0,0
1763944716443,1,DELETE,200,OK,TESTES 1-20,text,true,,165,210,2,2,http://localhost:8081/users/70,1,0,0
1763944716417,39,POST,201,Created,TESTES 1-21,text,true,,340,376,1,1,http://localhost:8081/users,39,0,0
1763944716456,1,GET ID,200,OK,TESTES 1-21,text,true,,423,124,1,1,http://localhost:8081/users/71,1,0,0
1763944716457,1,PUT,200,OK,TESTES 1-21,text,true,,408,319,1,1,http://localhost:8081/users/71,1,0,0
1763944716458,0,GET,200,OK,TESTES 1-21,text,true,,2939,121,1,1,http://localhost:8081/users,0,0,0
1763944716458,0,DELETE,200,OK,TESTES 1-21,text,true,,165,210,1,1,http://localhost:8081/users/71,0,0,0
1763944716458,0,Healthcheck,200,OK,TESTES 1-21,text,true,,176,127,1,1,http://localhost:8081/healthcheck,0,0,0
1763944716458,40,POST,201,Created,TESTES 1-21,text,true,,339,375,1,1,http://localhost:8081/users,40,0,0
1763944716498,1,GET ID,200,OK,TESTES 1-21,text,true,,422,124,1,1,http://localhost:8081/users/72,1,0,0
1763944716499,1,PUT,200,OK,TESTES 1-21,text,true,,408,319,1,1,http://localhost:8081/users/72,1,0,0
1763944716500,0,GET,200,OK,TESTES 1-21,text,true,,2939,121,1,1,http://localhost:8081/users,0,0,0
1763944716500,1,DELETE,200,OK,TESTES 1-21,text,true,,165,210,1,1,http://localhost:8081/users/72,1,0,0
1763944716501,0,Healthcheck,200,OK,TESTES 1-21,text,true,,176,127,1,1,http://localhost:8081/healthcheck,0,0,0
1763944716516,1,Healthcheck,200,OK,TESTES 1-22,text,true,,176,127,2,2,http://localhost:8081/healthcheck,1,0,1
1763944716501,39,POST,201,Created,TESTES 1-21,text,true,,340,376,2,2,http://localhost:8081/users,39,0,0
1763944716540,1,GET ID,200,OK,TESTES 1-21,text,true,,421,124,2,2,http://localhost:8081/users/73,1,0,0
1763944716541,0,PUT,200,OK,TESTES 1-21,text,true,,407,319,2,2,http://localhost:8081/users/73,0,0,0
1763944716541,1,GET,200,OK,TESTES 1-21,text,true,,2938,121,2,2,http://localhost:8081/users,1,0,0
1763944716542,0,DELETE,200,OK,TESTES 1-21,text,true,,165,210,2,2,http://localhost:8081/users/73,0,0,0
1763944716517,40,POST,201,Created,TESTES 1-22,text,true,,340,376,1,1,http://localhost:8081/users,40,0,0
1763944716557,1,GET ID,200,OK,TESTES 1-22,text,true,,423,124,1,1,http://localhost:8081/users/74,1,0,0
1763944716558,0,PUT,200,OK,TESTES 1-22,text,true,,408,319,1,1,http://localhost:8081/users/74,0,0,0
1763944716558,0,GET,200,OK,TESTES 1-22,text,true,,2939,121,1,1,http://localhost:8081/users,0,0,0
1763944716558,1,DELETE,200,OK,TESTES 1-22,text,true,,165,210,1,1,http://localhost:8081/users/74,1,0,0
1763944716559,1,Healthcheck,200,OK,TESTES 1-22,text,true,,176,127,1,1,http://localhost:8081/healthcheck,1,0,0
1763944716560,39,POST,201,Created,TESTES 1-22,text,true,,339,375,1,1,http://localhost:8081/users,39,0,0
1763944716599,1,GET ID,200,OK,TESTES 1-22,text,true,,422,124,1,1,http://localhost:8081/users/75,1,0,0
1763944716600,1,PUT,200,OK,TESTES 1-22,text,true,,408,319,1,1,http://localhost:8081/users/75,1,0,0
1763944716601,0,GET,200,OK,TESTES 1-22,text,true,,2939,121,1,1,http://localhost:8081/users,0,0,0
1763944716601,1,DELETE,200,OK,TESTES 1-22,text,true,,165,210,1,1,http://localhost:8081/users/75,1,0,0
1763944716602,0,Healthcheck,200,OK,TESTES 1-22,text,true,,176,127,1,1,http://localhost:8081/healthcheck,0,0,0
1763944716616,1,Healthcheck,200,OK,TESTES 1-23,text,true,,176,127,2,2,http://localhost:8081/healthcheck,1,0,1
1763944716602,46,POST,201,Created,TESTES 1-22,text,true,,340,376,2,2,http://localhost:8081/users,46,0,0
1763944716648,0,GET ID,200,OK,TESTES 1-22,text,true,,423,124,2,2,http://localhost:8081/users/76,0,0,0
1763944716648,1,PUT,200,OK,TESTES 1-22,text,true,,408,319,2,2,http://localhost:8081/users/76,1,0,0
1763944716649,0,GET,200,OK,TESTES 1-22,text,true,,2939,121,2,2,http://localhost:8081/users,0,0,0
1763944716649,1,DELETE,200,OK,TESTES 1-22,text,true,,165,210,2,2,http://localhost:8081/users/76,1,0,0
1763944716617,44,POST,201,Created,TESTES 1-23,text,true,,340,376,1,1,http://localhost:8081/users,44,0,0
1763944716661,0,GET ID,200,OK,TESTES 1-23,text,true,,423,124,1,1,http://localhost:8081/users/77,0,0,0
1763944716661,0,PUT,200,OK,TESTES 1-23,text,true,,406,318,1,1,http://localhost:8081/users/77,0,0,0
1763944716661,1,GET,200,OK,TESTES 1-23,text,true,,2937,121,1,1,http://localhost:8081/users,1,0,0
1763944716662,0,DELETE,200,OK,TESTES 1-23,text,true,,165,210,1,1,http://localhost:8081/users/77,0,0,0
1763944716662,0,Healthcheck,200,OK,TESTES 1-23,text,true,,176,127,1,1,http://localhost:8081/healthcheck,0,0,0
1763944716662,39,POST,201,Created,TESTES 1-23,text,true,,340,375,1,1,http://localhost:8081/users,39,0,0
1763944716701,1,GET ID,200,OK,TESTES 1-23,text,true,,423,124,1,1,http://localhost:8081/users/78,1,0,0
1763944716702,0,PUT,200,OK,TESTES 1-23,text,true,,408,319,1,1,http://localhost:8081/users/78,0,0,0
1763944716702,0,GET,200,OK,TESTES 1-23,text,true,,2939,121,1,1,http://localhost:8081/users,0,0,0
1763944716703,0,DELETE,200,OK,TESTES 1-23,text,true,,165,210,1,1,http://localhost:8081/users/78,0,0,0
1763944716703,0,Healthcheck,200,OK,TESTES 1-23,text,true,,176,127,1,1,http://localhost:8081/healthcheck,0,0,0
1763944716717,0,Healthcheck,200,OK,TESTES 1-24,text,true,,176,127,2,2,http://localhost:8081/healthcheck,0,0,0
1763944716703,39,POST,201,Created,TESTES 1-23,text,true,,340,376,2,2,http://localhost:8081/users,39,0,0
1763944716742,0,GET ID,200,OK,TESTES 1-23,text,true,,423,124,2,2,http://localhost:8081/users/79,0,0,0
1763944716743,0,PUT,200,OK,TESTES 1-23,text,true,,408,319,2,2,http://localhost:8081/users/79,0,0,0
1763944716743,0,GET,200,OK,TESTES 1-23,text,true,,2939,121,2,2,http://localhost:8081/users,0,0,0
1763944716743,1,DELETE,200,OK,TESTES 1-23,text,true,,165,210,2,2,http://localhost:8081/users/79,1,0,0
1763944716717,40,POST,201,Created,TESTES 1-24,text,true,,340,376,1,1,http://localhost:8081/users,40,0,0
1763944716757,0,GET ID,200,OK,TESTES 1-24,text,true,,423,124,1,1,http://localhost:8081/users/80,0,0,0
1763944716757,1,PUT,200,OK,TESTES 1-24,text,true,,408,319,1,1,http://localhost:8081/users/80,1,0,0
1763944716758,0,GET,200,OK,TESTES 1-24,text,true,,2939,121,1,1,http://localhost:8081/users,0,0,0
1763944716758,1,DELETE,200,OK,TESTES 1-24,text,true,,165,210,1,1,http://localhost:8081/users/80,1,0,0
1763944716759,0,Healthcheck,200,OK,TESTES 1-24,text,true,,176,127,1,1,http://localhost:8081/healthcheck,0,0,0
1763944716759,39,POST,201,Created,TESTES 1-24,text,true,,340,376,1,1,http://localhost:8081/users,39,0,0
1763944716798,0,GET ID,200,OK,TESTES 1-24,text,true,,423,124,1,1,http://localhost:8081/users/81,0,0,0
1763944716798,1,PUT,200,OK,TESTES 1-24,text,true,,408,319,1,1,http://localhost:8081/users/81,1,0,0
1763944716799,0,GET,200,OK,TESTES 1-24,text,true,,2939,121,1,1,http://localhost:8081/users,0,0,0
1763944716799,0,DELETE,200,OK,TESTES 1-24,text,true,,165,210,1,1,http://localhost:8081/users/81,0,0,0
1763944716799,1,Healthcheck,200,OK,TESTES 1-24,text,true,,176,127,1,1,http://localhost:8081/healthcheck,1,0,0
1763944716816,0,Healthcheck,200,OK,TESTES 1-25,text,true,,176,127,2,2,http://localhost:8081/healthcheck,0,0,0
1763944716800,39,POST,201,Created,TESTES 1-24,text,true,,340,376,2,2,http://localhost:8081/users,39,0,0
1763944716840,0,GET ID,200,OK,TESTES 1-24,text,true,,423,124,2,2,http://localhost:8081/users/82,0,0,0
1763944716840,1,PUT,200,OK,TESTES 1-24,text,true,,407,319,2,2,http://localhost:8081/users/82,1,0,0
1763944716841,0,GET,200,OK,TESTES 1-24,text,true,,2938,121,2,2,http://localhost:8081/users,0,0,0
1763944716841,0,DELETE,200,OK,TESTES 1-24,text,true,,165,210,2,2,http://localhost:8081/users/82,0,0,0
1763944716816,40,POST,201,Created,TESTES 1-25,text,true,,340,376,1,1,http://localhost:8081/users,40,0,0
1763944716856,1,GET ID,200,OK,TESTES 1-25,text,true,,423,124,1,1,http://localhost:8081/users/83,1,0,0
1763944716857,0,PUT,200,OK,TESTES 1-25,text,true,,406,318,1,1,http://localhost:8081/users/83,0,0,0
1763944716857,0,GET,200,OK,TESTES 1-25,text,true,,2937,121,1,1,http://localhost:8081/users,0,0,0
1763944716857,1,DELETE,200,OK,TESTES 1-25,text,true,,165,210,1,1,http://localhost:8081/users/83,1,0,0
1763944716858,0,Healthcheck,200,OK,TESTES 1-25,text,true,,176,127,1,1,http://localhost:8081/healthcheck,0,0,0
1763944716858,40,POST,201,Created,TESTES 1-25,text,true,,340,376,1,1,http://localhost:8081/users,40,0,0
1763944716898,0,GET ID,200,OK,TESTES 1-25,text,true,,423,124,1,1,http://localhost:8081/users/84,0,0,0
1763944716898,1,PUT,200,OK,TESTES 1-25,text,true,,408,319,1,1,http://localhost:8081/users/84,1,0,0
1763944716899,0,GET,200,OK,TESTES 1-25,text,true,,2939,121,1,1,http://localhost:8081/users,0,0,0
1763944716899,0,DELETE,200,OK,TESTES 1-25,text,true,,165,210,1,1,http://localhost:8081/users/84,0,0,0
1763944716899,0,Healthcheck,200,OK,TESTES 1-25,text,true,,176,127,1,1,http://localhost:8081/healthcheck,0,0,0
1763944716917,1,Healthcheck,200,OK,TESTES 1-26,text,true,,176,127,2,2,http://localhost:8081/healthcheck,1,0,0
1763944716899,40,POST,201,Created,TESTES 1-25,text,true,,340,376,2,2,http://localhost:8081/users,40,0,0
1763944716939,1,GET ID,200,OK,TESTES 1-25,text,true,,423,124,2,2,http://localhost:8081/users/85,1,0,0
1763944716940,0,PUT,200,OK,TESTES 1-25,text,true,,408,319,2,2,http://localhost:8081/users/85,0,0,0
1763944716940,1,GET,200,OK,TESTES 1-25,text,true,,2939,121,2,2,http://localhost:8081/users,1,0,0
1763944716941,0,DELETE,200,OK,TESTES 1-25,text,true,,165,210,2,2,http://localhost:8081/users/85,0,0,0
1763944716918,39,POST,201,Created,TESTES 1-26,text,true,,340,376,1,1,http://localhost:8081/users,39,0,0
1763944716957,1,GET ID,200,OK,TESTES 1-26,text,true,,423,124,1,1,http://localhost:8081/users/86,1,0,0
1763944716958,0,PUT,200,OK,TESTES 1-26,text,true,,408,319,1,1,http://localhost:8081/users/86,0,0,0
1763944716958,0,GET,200,OK,TESTES 1-26,text,true,,2939,121,1,1,http://localhost:8081/users,0,0,0
1763944716958,1,DELETE,200,OK,TESTES 1-26,text,true,,165,210,1,1,http://localhost:8081/users/86,1,0,0
1763944716959,0,Healthcheck,200,OK,TESTES 1-26,text,true,,176,127,1,1,http://localhost:8081/healthcheck,0,0,0
1763944716959,39,POST,201,Created,TESTES 1-26,text,true,,340,376,1,1,http://localhost:8081/users,39,0,0
1763944716998,0,GET ID,200,OK,TESTES 1-26,text,true,,423,124,1,1,http://localhost:8081/users/87,0,0,0
1763944716998,1,PUT,200,OK,TESTES 1-26,text,true,,407,319,1,1,http://localhost:8081/users/87,1,0,0
1763944716999,0,GET,200,OK,TESTES 1-26,text,true,,2938,121,1,1,http://localhost:8081/users,0,0,0
1763944716999,1,DELETE,200,OK,TESTES 1-26,text,true,,165,210,1,1,http://localhost:8081/users/87,1,0,0
1763944717000,0,Healthcheck,200,OK,TESTES 1-26,text,true,,176,127,1,1,http://localhost:8081/healthcheck,0,0,0
1763944717016,0,Healthcheck,200,OK,TESTES 1-27,text,true,,176,127,2,2,http://localhost:8081/healthcheck,0,0,0
1763944717000,39,POST,201,Created,TESTES 1-26,text,true,,340,376,2,2,http://localhost:8081/users,39,0,0
1763944717039,0,GET ID,200,OK,TESTES 1-26,text,true,,423,124,2,2,http://localhost:8081/users/88,0,0,0
1763944717039,1,PUT,200,OK,TESTES 1-26,text,true,,408,319,2,2,http://localhost:8081/users/88,1,0,0
1763944717040,0,GET,200,OK,TESTES 1-26,text,true,,2939,121,2,2,http://localhost:8081/users,0,0,0
1763944717040,1,DELETE,200,OK,TESTES 1-26,text,true,,165,210,2,2,http://localhost:8081/users/88,1,0,0
1763944717017,40,POST,201,Created,TESTES 1-27,text,true,,340,376,1,1,http://localhost:8081/users,40,0,0
1763944717057,0,GET ID,200,OK,TESTES 1-27,text,true,,423,124,1,1,http://localhost:8081/users/89,0,0,0
1763944717057,1,PUT,200,OK,TESTES 1-27,text,true,,408,319,1,1,http://localhost:8081/users/89,1,0,0
1763944717058,0,GET,200,OK,TESTES 1-27,text,true,,2939,121,1,1,http://localhost:8081/users,0,0,0
1763944717058,1,DELETE,200,OK,TESTES 1-27,text,true,,165,210,1,1,http://localhost:8081/users/89,1,0,0
1763944717059,0,Healthcheck,200,OK,TESTES 1-27,text,true,,176,127,1,1,http://localhost:8081/healthcheck,0,0,0
1763944717059,39,POST,201,Created,TESTES 1-27,text,true,,340,376,1,1,http://localhost:8081/users,39,0,0
1763944717099,0,GET ID,200,OK,TESTES 1-27,text,true,,423,124,1,1,http://localhost:8081/users/90,0,0,0
1763944717099,1,PUT,200,OK,TESTES 1-27,text,true,,408,319,1,1,http://localhost:8081/users/90,1,0,0
1763944717100,0,GET,200,OK,TESTES 1-27,text,true,,2939,121,1,1,http://localhost:8081/users,0,0,0
1763944717100,1,DELETE,200,OK,TESTES 1-27,text,true,,165,210,1,1,http://localhost:8081/users/90,1,0,0
1763944717101,0,Healthcheck,200,OK,TESTES 1-27,text,true,,176,127,1,1,http://localhost:8081/healthcheck,0,0,0
1763944717117,0,Healthcheck,200,OK,TESTES 1-28,text,true,,176,127,2,2,http://localhost:8081/healthcheck,0,0,0
1763944717101,39,POST,201,Created,TESTES 1-27,text,true,,339,375,2,2,http://localhost:8081/users,39,0,0
1763944717140,0,GET ID,200,OK,TESTES 1-27,text,true,,422,124,2,2,http://localhost:8081/users/91,0,0,0
1763944717140,1,PUT,200,OK,TESTES 1-27,text,true,,407,318,2,2,http://localhost:8081/users/91,1,0,0
1763944717141,1,GET,200,OK,TESTES 1-27,text,true,,2938,121,2,2,http://localhost:8081/users,1,0,0
1763944717142,0,DELETE,200,OK,TESTES 1-27,text,true,,165,210,2,2,http://localhost:8081/users/91,0,0,0
1763944717117,40,POST,201,Created,TESTES 1-28,text,true,,340,376,1,1,http://localhost:8081/users,40,0,0
1763944717157,0,GET ID,200,OK,TESTES 1-28,text,true,,423,124,1,1,http://localhost:8081/users/92,0,0,0
1763944717157,1,PUT,200,OK,TESTES 1-28,text,true,,407,318,1,1,http://localhost:8081/users/92,1,0,0
1763944717158,0,GET,200,OK,TESTES 1-28,text,true,,2938,121,1,1,http://localhost:8081/users,0,0,0
1763944717158,0,DELETE,200,OK,TESTES 1-28,text,true,,165,210,1,1,http://localhost:8081/users/92,0,0,0
1763944717158,0,Healthcheck,200,OK,TESTES 1-28,text,true,,176,127,1,1,http://localhost:8081/healthcheck,0,0,0
1763944717158,40,POST,201,Created,TESTES 1-28,text,true,,339,375,1,1,http://localhost:8081/users,40,0,0
1763944717198,1,GET ID,200,OK,TESTES 1-28,text,true,,422,124,1,1,http://localhost:8081/users/93,1,0,0
1763944717199,0,PUT,200,OK,TESTES 1-28,text,true,,408,319,1,1,http://localhost:8081/users/93,0,0,0
1763944717199,0,GET,200,OK,TESTES 1-28,text,true,,2939,121,1,1,http://localhost:8081/users,0,0,0
1763944717199,1,DELETE,200,OK,TESTES 1-28,text,true,,165,210,1,1,http://localhost:8081/users/93,1,0,0
1763944717200,0,Healthcheck,200,OK,TESTES 1-28,text,true,,176,127,1,1,http://localhost:8081/healthcheck,0,0,0
1763944717216,2,Healthcheck,200,OK,TESTES 1-29,text,true,,176,127,2,2,http://localhost:8081/healthcheck,2,0,1
1763944717200,39,POST,201,Created,TESTES 1-28,text,true,,338,374,2,2,http://localhost:8081/users,39,0,0
1763944717240,0,GET ID,200,OK,TESTES 1-28,text,true,,421,124,2,2,http://localhost:8081/users/94,0,0,0
1763944717240,0,PUT,200,OK,TESTES 1-28,text,true,,407,318,2,2,http://localhost:8081/users/94,0,0,0
1763944717240,1,GET,200,OK,TESTES 1-28,text,true,,2938,121,2,2,http://localhost:8081/users,1,0,0
1763944717241,0,DELETE,200,OK,TESTES 1-28,text,true,,165,210,2,2,http://localhost:8081/users/94,0,0,0
1763944717218,40,POST,201,Created,TESTES 1-29,text,true,,340,376,1,1,http://localhost:8081/users,40,0,0
1763944717258,0,GET ID,200,OK,TESTES 1-29,text,true,,423,124,1,1,http://localhost:8081/users/95,0,0,0
1763944717258,1,PUT,200,OK,TESTES 1-29,text,true,,407,319,1,1,http://localhost:8081/users/95,1,0,0
1763944717259,0,GET,200,OK,TESTES 1-29,text,true,,2938,121,1,1,http://localhost:8081/users,0,0,0
1763944717259,0,DELETE,200,OK,TESTES 1-29,text,true,,165,210,1,1,http://localhost:8081/users/95,0,0,0
1763944717259,0,Healthcheck,200,OK,TESTES 1-29,text,true,,176,127,1,1,http://localhost:8081/healthcheck,0,0,0
1763944717259,40,POST,201,Created,TESTES 1-29,text,true,,340,376,1,1,http://localhost:8081/users,40,0,0
1763944717299,0,GET ID,200,OK,TESTES 1-29,text,true,,423,124,1,1,http://localhost:8081/users/96,0,0,0
1763944717299,0,PUT,200,OK,TESTES 1-29,text,true,,408,319,1,1,http://localhost:8081/users/96,0,0,0
1763944717299,1,GET,200,OK,TESTES 1-29,text,true,,2939,121,1,1,http://localhost:8081/users,1,0,0
1763944717300,0,DELETE,200,OK,TESTES 1-29,text,true,,165,210,1,1,http://localhost:8081/users/96,0,0,0
1763944717300,0,Healthcheck,200,OK,TESTES 1-29,text,true,,176,127,1,1,http://localhost:8081/healthcheck,0,0,0
1763944717317,0,Healthcheck,200,OK,TESTES 1-30,text,true,,176,127,2,2,http://localhost:8081/healthcheck,0,0,0
1763944717300,40,POST,201,Created,TESTES 1-29,text,true,,340,376,2,2,http://localhost:8081/users,40,0,0
1763944717340,0,GET ID,200,OK,TESTES 1-29,text,true,,423,124,2,2,http://localhost:8081/users/97,0,0,0
1763944717340,0,PUT,200,OK,TESTES 1-29,text,true,,408,319,2,2,http://localhost:8081/users/97,0,0,0
1763944717340,1,GET,200,OK,TESTES 1-29,text,true,,2939,121,2,2,http://localhost:8081/users,1,0,0
1763944717341,0,DELETE,200,OK,TESTES 1-29,text,true,,165,210,2,2,http://localhost:8081/users/97,0,0,0
1763944717317,40,POST,201,Created,TESTES 1-30,text,true,,340,376,1,1,http://localhost:8081/users,40,0,0
1763944717357,0,GET ID,200,OK,TESTES 1-30,text,true,,423,124,1,1,http://localhost:8081/users/98,0,0,0
1763944717357,1,PUT,200,OK,TESTES 1-30,text,true,,408,319,1,1,http://localhost:8081/users/98,1,0,0
1763944717358,0,GET,200,OK,TESTES 1-30,text,true,,2939,121,1,1,http://localhost:8081/users,0,0,0
1763944717358,0,DELETE,200,OK,TESTES 1-30,text,true,,165,210,1,1,http://localhost:8081/users/98,0,0,0
1763944717358,0,Healthcheck,200,OK,TESTES 1-30,text,true,,176,127,1,1,http://localhost:8081/healthcheck,0,0,0
1763944717358,40,POST,201,Created,TESTES 1-30,text,true,,340,376,1,1,http://localhost:8081/users,40,0,0
1763944717398,0,GET ID,200,OK,TESTES 1-30,text,true,,423,124,1,1,http://localhost:8081/users/99,0,0,0
1763944717398,1,PUT,200,OK,TESTES 1-30,text,true,,408,319,1,1,http://localhost:8081/users/99,1,0,0
1763944717399,0,GET,200,OK,TESTES 1-30,text,true,,2939,121,1,1,http://localhost:8081/users,0,0,0
1763944717399,1,DELETE,200,OK,TESTES 1-30,text,true,,165,210,1,1,http://localhost:8081/users/99,1,0,0
1763944717400,0,Healthcheck,200,OK,TESTES 1-30,text,true,,176,127,1,1,http://localhost:8081/healthcheck,0,0,0
1763944717417,0,Healthcheck,200,OK,TESTES 1-31,text,true,,176,127,2,2,http://localhost:8081/healthcheck,0,0,0
1763944717400,39,POST,201,Created,TESTES 1-30,text,true,,341,376,2,2,http://localhost:8081/users,39,0,0
1763944717439,1,GET ID,200,OK,TESTES 1-30,text,true,,424,125,2,2,http://localhost:8081/users/100,1,0,0
1763944717440,0,PUT,200,OK,TESTES 1-30,text,true,,409,320,2,2,http://localhost:8081/users/100,0,0,0
1763944717440,0,GET,200,OK,TESTES 1-30,text,true,,2940,121,2,2,http://localhost:8081/users,0,0,0
1763944717440,1,DELETE,200,OK,TESTES 1-30,text,true,,165,211,2,2,http://localhost:8081/users/100,1,0,0
1763944717417,41,POST,201,Created,TESTES 1-31,text,true,,341,376,1,1,http://localhost:8081/users,41,0,0
1763944717458,0,GET ID,200,OK,TESTES 1-31,text,true,,424,125,1,1,http://localhost:8081/users/101,0,0,0
1763944717458,1,PUT,200,OK,TESTES 1-31,text,true,,409,320,1,1,http://localhost:8081/users/101,1,0,0
1763944717459,0,GET,200,OK,TESTES 1-31,text,true,,2940,121,1,1,http://localhost:8081/users,0,0,0
1763944717459,1,DELETE,200,OK,TESTES 1-31,text,true,,165,211,1,1,http://localhost:8081/users/101,1,0,0
1763944717460,0,Healthcheck,200,OK,TESTES 1-31,text,true,,176,127,1,1,http://localhost:8081/healthcheck,0,0,0
1763944717460,39,POST,201,Created,TESTES 1-31,text,true,,341,376,1,1,http://localhost:8081/users,39,0,0
1763944717500,0,GET ID,200,OK,TESTES 1-31,text,true,,424,125,1,1,http://localhost:8081/users/102,0,0,0
1763944717500,1,PUT,200,OK,TESTES 1-31,text,true,,409,320,1,1,http://localhost:8081/users/102,1,0,0
1763944717501,0,GET,200,OK,TESTES 1-31,text,true,,2940,121,1,1,http://localhost:8081/users,0,0,0
1763944717501,1,DELETE,200,OK,TESTES 1-31,text,true,,165,211,1,1,http://localhost:8081/users/102,1,0,0
1763944717502,0,Healthcheck,200,OK,TESTES 1-31,text,true,,176,127,1,1,http://localhost:8081/healthcheck,0,0,0
1763944717516,0,Healthcheck,200,OK,TESTES 1-32,text,true,,176,127,2,2,http://localhost:8081/healthcheck,0,0,0
1763944717502,40,POST,201,Created,TESTES 1-31,text,true,,341,376,2,2,http://localhost:8081/users,40,0,0
1763944717542,0,GET ID,200,OK,TESTES 1-31,text,true,,424,125,2,2,http://localhost:8081/users/103,0,0,0
1763944717542,1,PUT,200,OK,TESTES 1-31,text,true,,409,320,2,2,http://localhost:8081/users/103,1,0,0
1763944717543,0,GET,200,OK,TESTES 1-31,text,true,,2940,121,2,2,http://localhost:8081/users,0,0,0
1763944717543,0,DELETE,200,OK,TESTES 1-31,text,true,,165,211,2,2,http://localhost:8081/users/103,0,0,0
1763944717516,40,POST,201,Created,TESTES 1-32,text,true,,341,376,1,1,http://localhost:8081/users,40,0,0
1763944717556,0,GET ID,200,OK,TESTES 1-32,text,true,,424,125,1,1,http://localhost:8081/users/104,0,0,0
1763944717556,1,PUT,200,OK,TESTES 1-32,text,true,,408,320,1,1,http://localhost:8081/users/104,1,0,0
1763944717557,0,GET,200,OK,TESTES 1-32,text,true,,2939,121,1,1,http://localhost:8081/users,0,0,0
1763944717557,1,DELETE,200,OK,TESTES 1-32,text,true,,165,211,1,1,http://localhost:8081/users/104,1,0,0
1763944717558,0,Healthcheck,200,OK,TESTES 1-32,text,true,,176,127,1,1,http://localhost:8081/healthcheck,0,0,0
1763944717558,39,POST,201,Created,TESTES 1-32,text,true,,341,376,1,1,http://localhost:8081/users,39,0,0
1763944717598,0,GET ID,200,OK,TESTES 1-32,text,true,,424,125,1,1,http://localhost:8081/users/105,0,0,0
1763944717598,1,PUT,200,OK,TESTES 1-32,text,true,,408,319,1,1,http://localhost:8081/users/105,1,0,0
1763944717599,0,GET,200,OK,TESTES 1-32,text,true,,2939,121,1,1,http://localhost:8081/users,0,0,0
1763944717600,0,DELETE,200,OK,TESTES 1-32,text,true,,165,211,1,1,http://localhost:8081/users/105,0,0,0
1763944717600,0,Healthcheck,200,OK,TESTES 1-32,text,true,,176,127,1,1,http://localhost:8081/healthcheck,0,0,0
1763944717617,0,Healthcheck,200,OK,TESTES 1-33,text,true,,176,127,2,2,http://localhost:8081/healthcheck,0,0,0
1763944717600,40,POST,201,Created,TESTES 1-32,text,true,,341,376,2,2,http://localhost:8081/users,40,0,0
1763944717640,0,GET ID,200,OK,TESTES 1-32,text,true,,424,125,2,2,http://localhost:8081/users/106,0,0,0
1763944717640,1,PUT,200,OK,TESTES 1-32,text,true,,409,320,2,2,http://localhost:8081/users/106,1,0,0
1763944717641,0,GET,200,OK,TESTES 1-32,text,true,,2940,121,2,2,http://localhost:8081/users,0,0,0
1763944717641,1,DELETE,200,OK,TESTES 1-32,text,true,,165,211,2,2,http://localhost:8081/users/106,1,0,0
1763944717617,40,POST,201,Created,TESTES 1-33,text,true,,341,376,1,1,http://localhost:8081/users,40,0,0
1763944717657,0,GET ID,200,OK,TESTES 1-33,text,true,,424,125,1,1,http://localhost:8081/users/107,0,0,0
1763944717657,1,PUT,200,OK,TESTES 1-33,text,true,,409,320,1,1,http://localhost:8081/users/107,1,0,0
1763944717658,0,GET,200,OK,TESTES 1-33,text,true,,2940,121,1,1,http://localhost:8081/users,0,0,0
1763944717658,1,DELETE,200,OK,TESTES 1-33,text,true,,165,211,1,1,http://localhost:8081/users/107,1,0,0
1763944717659,0,Healthcheck,200,OK,TESTES 1-33,text,true,,176,127,1,1,http://localhost:8081/healthcheck,0,0,0
1763944717659,39,POST,201,Created,TESTES 1-33,text,true,,341,376,1,1,http://localhost:8081/users,39,0,0
1763944717698,1,GET ID,200,OK,TESTES 1-33,text,true,,424,125,1,1,http://localhost:8081/users/108,1,0,0
1763944717699,0,PUT,200,OK,TESTES 1-33,text,true,,408,320,1,1,http://localhost:8081/users/108,0,0,0
1763944717699,1,GET,200,OK,TESTES 1-33,text,true,,2939,121,1,1,http://localhost:8081/users,1,0,0
1763944717700,0,DELETE,200,OK,TESTES 1-33,text,true,,165,211,1,1,http://localhost:8081/users/108,0,0,0
1763944717700,0,Healthcheck,200,OK,TESTES 1-33,text,true,,176,127,1,1,http://localhost:8081/healthcheck,0,0,0
1763944717717,0,Healthcheck,200,OK,TESTES 1-34,text,true,,176,127,2,2,http://localhost:8081/healthcheck,0,0,0
1763944717700,40,POST,201,Created,TESTES 1-33,text,true,,341,376,2,2,http://localhost:8081/users,40,0,0
1763944717740,0,GET ID,200,OK,TESTES 1-33,text,true,,424,125,2,2,http://localhost:8081/users/109,0,0,0
1763944717740,1,PUT,200,OK,TESTES 1-33,text,true,,409,320,2,2,http://localhost:8081/users/109,1,0,0
1763944717741,0,GET,200,OK,TESTES 1-33,text,true,,2940,121,2,2,http://localhost:8081/users,0,0,0
1763944717741,1,DELETE,200,OK,TESTES 1-33,text,true,,165,211,2,2,http://localhost:8081/users/109,1,0,0
1763944717717,40,POST,201,Created,TESTES 1-34,text,true,,341,376,1,1,http://localhost:8081/users,40,0,0
1763944717757,0,GET ID,200,OK,TESTES 1-34,text,true,,424,125,1,1,http://localhost:8081/users/110,0,0,0
1763944717757,1,PUT,200,OK,TESTES 1-34,text,true,,409,320,1,1,http://localhost:8081/users/110,1,0,0
1763944717758,0,GET,200,OK,TESTES 1-34,text,true,,2940,121,1,1,http://localhost:8081/users,0,0,0
1763944717758,1,DELETE,200,OK,TESTES 1-34,text,true,,165,211,1,1,http://localhost:8081/users/110,1,0,0
1763944717759,0,Healthcheck,200,OK,TESTES 1-34,text,true,,176,127,1,1,http://localhost:8081/healthcheck,0,0,0
1763944717759,39,POST,201,Created,TESTES 1-34,text,true,,341,376,1,1,http://localhost:8081/users,39,0,0
1763944717798,1,GET ID,200,OK,TESTES 1-34,text,true,,424,125,1,1,http://localhost:8081/users/111,1,0,0
1763944717799,0,PUT,200,OK,TESTES 1-34,text,true,,409,320,1,1,http://localhost:8081/users/111,0,0,0
1763944717799,1,GET,200,OK,TESTES 1-34,text,true,,2940,121,1,1,http://localhost:8081/users,1,0,0
1763944717800,0,DELETE,200,OK,TESTES 1-34,text,true,,165,211,1,1,http://localhost:8081/users/111,0,0,0
1763944717800,0,Healthcheck,200,OK,TESTES 1-34,text,true,,176,127,1,1,http://localhost:8081/healthcheck,0,0,0
1763944717816,0,Healthcheck,200,OK,TESTES 1-35,text,true,,176,127,2,2,http://localhost:8081/healthcheck,0,0,0
1763944717800,39,POST,201,Created,TESTES 1-34,text,true,,341,376,2,2,http://localhost:8081/users,39,0,0
1763944717840,0,GET ID,200,OK,TESTES 1-34,text,true,,424,125,2,2,http://localhost:8081/users/112,0,0,0
1763944717840,1,PUT,200,OK,TESTES 1-34,text,true,,409,320,2,2,http://localhost:8081/users/112,1,0,0
1763944717841,0,GET,200,OK,TESTES 1-34,text,true,,2940,121,2,2,http://localhost:8081/users,0,0,0
1763944717841,0,DELETE,200,OK,TESTES 1-34,text,true,,165,211,2,2,http://localhost:8081/users/112,0,0,0
1763944717816,40,POST,201,Created,TESTES 1-35,text,true,,340,375,1,1,http://localhost:8081/users,40,0,0
1763944717856,0,GET ID,200,OK,TESTES 1-35,text,true,,421,125,1,1,http://localhost:8081/users/113,0,0,0
1763944717857,0,PUT,200,OK,TESTES 1-35,text,true,,408,320,1,1,http://localhost:8081/users/113,0,0,0
1763944717857,0,GET,200,OK,TESTES 1-35,text,true,,2939,121,1,1,http://localhost:8081/users,0,0,0
1763944717857,1,DELETE,200,OK,TESTES 1-35,text,true,,165,211,1,1,http://localhost:8081/users/113,1,0,0
1763944717858,0,Healthcheck,200,OK,TESTES 1-35,text,true,,176,127,1,1,http://localhost:8081/healthcheck,0,0,0
1763944717858,40,POST,201,Created,TESTES 1-35,text,true,,341,376,1,1,http://localhost:8081/users,40,0,0
1763944717899,0,GET ID,200,OK,TESTES 1-35,text,true,,424,125,1,1,http://localhost:8081/users/114,0,0,0
1763944717899,1,PUT,200,OK,TESTES 1-35,text,true,,409,320,1,1,http://localhost:8081/users/114,1,0,0
1763944717900,1,GET,200,OK,TESTES 1-35,text,true,,2940,121,1,1,http://localhost:8081/users,1,0,0
1763944717901,0,DELETE,200,OK,TESTES 1-35,text,true,,165,211,1,1,http://localhost:8081/users/114,0,0,0
1763944717902,0,Healthcheck,200,OK,TESTES 1-35,text,true,,176,127,1,1,http://localhost:8081/healthcheck,0,0,0
1763944717916,1,Healthcheck,200,OK,TESTES 1-36,text,true,,176,127,2,2,http://localhost:8081/healthcheck,1,0,0
1763944717902,39,POST,201,Created,TESTES 1-35,text,true,,341,376,2,2,http://localhost:8081/users,39,0,0
1763944717942,0,GET ID,200,OK,TESTES 1-35,text,true,,424,125,2,2,http://localhost:8081/users/115,0,0,0
1763944717942,1,PUT,200,OK,TESTES 1-35,text,true,,409,320,2,2,http://localhost:8081/users/115,1,0,0
1763944717943,0,GET,200,OK,TESTES 1-35,text,true,,2940,121,2,2,http://localhost:8081/users,0,0,0
1763944717943,1,DELETE,200,OK,TESTES 1-35,text,true,,165,211,2,2,http://localhost:8081/users/115,1,0,0
1763944717917,39,POST,201,Created,TESTES 1-36,text,true,,341,376,1,1,http://localhost:8081/users,39,0,0
1763944717956,0,GET ID,200,OK,TESTES 1-36,text,true,,424,125,1,1,http://localhost:8081/users/116,0,0,0
1763944717956,1,PUT,200,OK,TESTES 1-36,text,true,,408,320,1,1,http://localhost:8081/users/116,1,0,0
1763944717957,0,GET,200,OK,TESTES 1-36,text,true,,2939,121,1,1,http://localhost:8081/users,0,0,0
1763944717957,1,DELETE,200,OK,TESTES 1-36,text,true,,165,211,1,1,http://localhost:8081/users/116,1,0,0
1763944717958,0,Healthcheck,200,OK,TESTES 1-36,text,true,,176,127,1,1,http://localhost:8081/healthcheck,0,0,0
1763944717958,39,POST,201,Created,TESTES 1-36,text,true,,341,376,1,1,http://localhost:8081/users,39,0,0
1763944717997,1,GET ID,200,OK,TESTES 1-36,text,true,,424,125,1,1,http://localhost:8081/users/117,1,0,0
1763944717998,1,PUT,200,OK,TESTES 1-36,text,true,,409,320,1,1,http://localhost:8081/users/117,1,0,0
1763944717999,0,GET,200,OK,TESTES 1-36,text,true,,2940,121,1,1,http://localhost:8081/users,0,0,0
1763944717999,1,DELETE,200,OK,TESTES 1-36,text,true,,165,211,1,1,http://localhost:8081/users/117,1,0,0
1763944718000,0,Healthcheck,200,OK,TESTES 1-36,text,true,,176,127,1,1,http://localhost:8081/healthcheck,0,0,0
1763944718016,1,Healthcheck,200,OK,TESTES 1-37,text,true,,176,127,2,2,http://localhost:8081/healthcheck,1,0,0
1763944718000,39,POST,201,Created,TESTES 1-36,text,true,,341,376,2,2,http://localhost:8081/users,39,0,0
1763944718040,0,GET ID,200,OK,TESTES 1-36,text,true,,424,125,2,2,http://localhost:8081/users/118,0,0,0
1763944718040,1,PUT,200,OK,TESTES 1-36,text,true,,409,320,2,2,http://localhost:8081/users/118,1,0,0
1763944718041,0,GET,200,OK,TESTES 1-36,text,true,,2940,121,2,2,http://localhost:8081/users,0,0,0
1763944718041,1,DELETE,200,OK,TESTES 1-36,text,true,,165,211,2,2,http://localhost:8081/users/118,1,0,0
1763944718017,40,POST,201,Created,TESTES 1-37,text,true,,341,376,1,1,http://localhost:8081/users,40,0,0
1763944718057,0,GET ID,200,OK,TESTES 1-37,text,true,,424,125,1,1,http://localhost:8081/users/119,0,0,0
1763944718057,1,PUT,200,OK,TESTES 1-37,text,true,,409,320,1,1,http://localhost:8081/users/119,1,0,0
1763944718058,0,GET,200,OK,TESTES 1-37,text,true,,2940,121,1,1,http://localhost:8081/users,0,0,0
1763944718058,1,DELETE,200,OK,TESTES 1-37,text,true,,165,211,1,1,http://localhost:8081/users/119,1,0,0
1763944718059,0,Healthcheck,200,OK,TESTES 1-37,text,true,,176,127,1,1,http://localhost:8081/healthcheck,0,0,0
1763944718059,41,POST,201,Created,TESTES 1-37,text,true,,341,376,1,1,http://localhost:8081/users,41,0,0
1763944718100,0,GET ID,200,OK,TESTES 1-37,text,true,,424,125,1,1,http://localhost:8081/users/120,0,0,0
1763944718100,1,PUT,200,OK,TESTES 1-37,text,true,,409,320,1,1,http://localhost:8081/users/120,1,0,0
1763944718101,0,GET,200,OK,TESTES 1-37,text,true,,2940,121,1,1,http://localhost:8081/users,0,0,0
1763944718101,1,DELETE,200,OK,TESTES 1-37,text,true,,165,211,1,1,http://localhost:8081/users/120,1,0,0
1763944718102,0,Healthcheck,200,OK,TESTES 1-37,text,true,,176,127,1,1,http://localhost:8081/healthcheck,0,0,0
1763944718116,1,Healthcheck,200,OK,TESTES 1-38,text,true,,176,127,2,2,http://localhost:8081/healthcheck,1,0,1
1763944718102,44,POST,201,Created,TESTES 1-37,text,true,,341,376,2,2,http://localhost:8081/users,44,0,0
1763944718146,0,GET ID,200,OK,TESTES 1-37,text,true,,424,125,2,2,http://localhost:8081/users/121,0,0,0
1763944718146,1,PUT,200,OK,TESTES 1-37,text,true,,409,320,2,2,http://localhost:8081/users/121,1,0,0
1763944718147,0,GET,200,OK,TESTES 1-37,text,true,,2940,121,2,2,http://localhost:8081/users,0,0,0
1763944718147,1,DELETE,200,OK,TESTES 1-37,text,true,,165,211,2,2,http://localhost:8081/users/121,1,0,0
1763944718117,42,POST,201,Created,TESTES 1-38,text,true,,341,376,1,1,http://localhost:8081/users,42,0,0
1763944718159,0,GET ID,200,OK,TESTES 1-38,text,true,,424,125,1,1,http://localhost:8081/users/122,0,0,0
1763944718159,1,PUT,200,OK,TESTES 1-38,text,true,,409,320,1,1,http://localhost:8081/users/122,1,0,0
1763944718160,0,GET,200,OK,TESTES 1-38,text,true,,2940,121,1,1,http://localhost:8081/users,0,0,0
1763944718160,1,DELETE,200,OK,TESTES 1-38,text,true,,165,211,1,1,http://localhost:8081/users/122,1,0,0
1763944718161,0,Healthcheck,200,OK,TESTES 1-38,text,true,,176,127,1,1,http://localhost:8081/healthcheck,0,0,0
1763944718161,40,POST,201,Created,TESTES 1-38,text,true,,341,376,1,1,http://localhost:8081/users,40,0,0
1763944718201,0,GET ID,200,OK,TESTES 1-38,text,true,,424,125,1,1,http://localhost:8081/users/123,0,0,0
1763944718201,1,PUT,200,OK,TESTES 1-38,text,true,,409,320,1,1,http://localhost:8081/users/123,1,0,0
1763944718202,1,GET,200,OK,TESTES 1-38,text,true,,2940,121,1,1,http://localhost:8081/users,1,0,0
1763944718203,0,DELETE,200,OK,TESTES 1-38,text,true,,165,211,1,1,http://localhost:8081/users/123,0,0,0
1763944718203,0,Healthcheck,200,OK,TESTES 1-38,text,true,,176,127,1,1,http://localhost:8081/healthcheck,0,0,0
1763944718216,2,Healthcheck,200,OK,TESTES 1-39,text,true,,176,127,2,2,http://localhost:8081/healthcheck,2,0,0
1763944718203,40,POST,201,Created,TESTES 1-38,text,true,,341,376,2,2,http://localhost:8081/users,40,0,0
1763944718243,0,GET ID,200,OK,TESTES 1-38,text,true,,422,125,2,2,http://localhost:8081/users/124,0,0,0
1763944718243,1,PUT,200,OK,TESTES 1-38,text,true,,407,319,2,2,http://localhost:8081/users/124,1,0,0
1763944718244,0,GET,200,OK,TESTES 1-38,text,true,,2938,121,2,2,http://localhost:8081/users,0,0,0
1763944718244,0,DELETE,200,OK,TESTES 1-38,text,true,,165,211,2,2,http://localhost:8081/users/124,0,0,0
1763944718218,39,POST,201,Created,TESTES 1-39,text,true,,341,376,1,1,http://localhost:8081/users,39,0,0
1763944718257,1,GET ID,200,OK,TESTES 1-39,text,true,,424,125,1,1,http://localhost:8081/users/125,1,0,0
1763944718258,0,PUT,200,OK,TESTES 1-39,text,true,,409,320,1,1,http://localhost:8081/users/125,0,0,0
1763944718258,1,GET,200,OK,TESTES 1-39,text,true,,2940,121,1,1,http://localhost:8081/users,1,0,0
1763944718259,0,DELETE,200,OK,TESTES 1-39,text,true,,165,211,1,1,http://localhost:8081/users/125,0,0,0
1763944718259,0,Healthcheck,200,OK,TESTES 1-39,text,true,,176,127,1,1,http://localhost:8081/healthcheck,0,0,0
1763944718259,40,POST,201,Created,TESTES 1-39,text,true,,339,374,1,1,http://localhost:8081/users,40,0,0
1763944718299,1,GET ID,200,OK,TESTES 1-39,text,true,,422,125,1,1,http://localhost:8081/users/126,1,0,0
1763944718300,1,PUT,200,OK,TESTES 1-39,text,true,,409,320,1,1,http://localhost:8081/users/126,1,0,0
1763944718301,0,GET,200,OK,TESTES 1-39,text,true,,2940,121,1,1,http://localhost:8081/users,0,0,0
1763944718301,1,DELETE,200,OK,TESTES 1-39,text,true,,165,211,1,1,http://localhost:8081/users/126,1,0,0
1763944718302,0,Healthcheck,200,OK,TESTES 1-39,text,true,,176,127,1,1,http://localhost:8081/healthcheck,0,0,0
1763944718317,0,Healthcheck,200,OK,TESTES 1-40,text,true,,176,127,2,2,http://localhost:8081/healthcheck,0,0,0
1763944718302,40,POST,201,Created,TESTES 1-39,text,true,,341,375,2,2,http://localhost:8081/users,40,0,0
1763944718342,1,GET ID,200,OK,TESTES 1-39,text,true,,424,125,2,2,http://localhost:8081/users/127,1,0,0
1763944718343,0,PUT,200,OK,TESTES 1-39,text,true,,409,320,2,2,http://localhost:8081/users/127,0,0,0
1763944718343,1,GET,200,OK,TESTES 1-39,text,true,,2940,121,2,2,http://localhost:8081/users,1,0,0
1763944718344,0,DELETE,200,OK,TESTES 1-39,text,true,,165,211,2,2,http://localhost:8081/users/127,0,0,0
1763944718317,41,POST,201,Created,TESTES 1-40,text,true,,340,375,1,1,http://localhost:8081/users,41,0,0
1763944718358,0,GET ID,200,OK,TESTES 1-40,text,true,,423,125,1,1,http://localhost:8081/users/128,0,0,0
1763944718358,1,PUT,200,OK,TESTES 1-40,text,true,,409,320,1,1,http://localhost:8081/users/128,1,0,0
1763944718359,0,GET,200,OK,TESTES 1-40,text,true,,2940,121,1,1,http://localhost:8081/users,0,0,0
1763944718359,1,DELETE,200,OK,TESTES 1-40,text,true,,165,211,1,1,http://localhost:8081/users/128,1,0,0
1763944718360,0,Healthcheck,200,OK,TESTES 1-40,text,true,,176,127,1,1,http://localhost:8081/healthcheck,0,0,0
1763944718360,39,POST,201,Created,TESTES 1-40,text,true,,341,376,1,1,http://localhost:8081/users,39,0,0
1763944718399,1,GET ID,200,OK,TESTES 1-40,text,true,,424,125,1,1,http://localhost:8081/users/129,1,0,0
1763944718400,1,PUT,200,OK,TESTES 1-40,text,true,,409,320,1,1,http://localhost:8081/users/129,1,0,0
1763944718401,0,GET,200,OK,TESTES 1-40,text,true,,2940,121,1,1,http://localhost:8081/users,0,0,0
1763944718401,1,DELETE,200,OK,TESTES 1-40,text,true,,165,211,1,1,http://localhost:8081/users/129,1,0,0
1763944718402,0,Healthcheck,200,OK,TESTES 1-40,text,true,,176,127,1,1,http://localhost:8081/healthcheck,0,0,0
1763944718417,0,Healthcheck,200,OK,TESTES 1-41,text,true,,176,127,2,2,http://localhost:8081/healthcheck,0,0,0
1763944718402,39,POST,201,Created,TESTES 1-40,text,true,,340,375,2,2,http://localhost:8081/users,39,0,0
1763944718441,1,GET ID,200,OK,TESTES 1-40,text,true,,423,125,2,2,http://localhost:8081/users/130,1,0,0
1763944718442,0,PUT,200,OK,TESTES 1-40,text,true,,408,319,2,2,http://localhost:8081/users/130,0,0,0
1763944718442,1,GET,200,OK,TESTES 1-40,text,true,,2939,121,2,2,http://localhost:8081/users,0,0,0
1763944718443,0,DELETE,200,OK,TESTES 1-40,text,true,,165,211,2,2,http://localhost:8081/users/130,0,0,0
1763944718417,40,POST,201,Created,TESTES 1-41,text,true,,341,376,1,1,http://localhost:8081/users,40,0,0
1763944718457,0,GET ID,200,OK,TESTES 1-41,text,true,,424,125,1,1,http://localhost:8081/users/131,0,0,0
1763944718457,1,PUT,200,OK,TESTES 1-41,text,true,,409,320,1,1,http://localhost:8081/users/131,1,0,0
1763944718458,1,GET,200,OK,TESTES 1-41,text,true,,2940,121,1,1,http://localhost:8081/users,1,0,0
1763944718459,0,DELETE,200,OK,TESTES 1-41,text,true,,165,211,1,1,http://localhost:8081/users/131,0,0,0
1763944718459,1,Healthcheck,200,OK,TESTES 1-41,text,true,,176,127,1,1,http://localhost:8081/healthcheck,1,0,0
1763944718460,40,POST,201,Created,TESTES 1-41,text,true,,341,376,1,1,http://localhost:8081/users,40,0,0
1763944718500,1,GET ID,200,OK,TESTES 1-41,text,true,,424,125,1,1,http://localhost:8081/users/132,1,0,0
1763944718501,1,PUT,200,OK,TESTES 1-41,text,true,,409,320,1,1,http://localhost:8081/users/132,1,0,0
1763944718502,0,GET,200,OK,TESTES 1-41,text,true,,2940,121,1,1,http://localhost:8081/users,0,0,0
1763944718502,1,DELETE,200,OK,TESTES 1-41,text,true,,165,211,1,1,http://localhost:8081/users/132,1,0,0
1763944718503,0,Healthcheck,200,OK,TESTES 1-41,text,true,,176,127,1,1,http://localhost:8081/healthcheck,0,0,0
1763944718516,1,Healthcheck,200,OK,TESTES 1-42,text,true,,176,127,2,2,http://localhost:8081/healthcheck,1,0,0
1763944718503,46,POST,201,Created,TESTES 1-41,text,true,,341,376,2,2,http://localhost:8081/users,46,0,0
1763944718550,0,GET ID,200,OK,TESTES 1-41,text,true,,424,125,2,2,http://localhost:8081/users/133,0,0,0
1763944718550,0,PUT,200,OK,TESTES 1-41,text,true,,409,320,2,2,http://localhost:8081/users/133,0,0,0
1763944718550,0,GET,200,OK,TESTES 1-41,text,true,,2940,121,2,2,http://localhost:8081/users,0,0,0
1763944718550,1,DELETE,200,OK,TESTES 1-41,text,true,,165,211,2,2,http://localhost:8081/users/133,1,0,0
1763944718517,44,POST,201,Created,TESTES 1-42,text,true,,341,376,1,1,http://localhost:8081/users,44,0,0
1763944718561,1,GET ID,200,OK,TESTES 1-42,text,true,,424,125,1,1,http://localhost:8081/users/134,1,0,0
1763944718562,0,PUT,200,OK,TESTES 1-42,text,true,,409,320,1,1,http://localhost:8081/users/134,0,0,0
1763944718562,0,GET,200,OK,TESTES 1-42,text,true,,2940,121,1,1,http://localhost:8081/users,0,0,0
1763944718562,1,DELETE,200,OK,TESTES 1-42,text,true,,165,211,1,1,http://localhost:8081/users/134,1,0,0
1763944718563,0,Healthcheck,200,OK,TESTES 1-42,text,true,,176,127,1,1,http://localhost:8081/healthcheck,0,0,0
1763944718563,40,POST,201,Created,TESTES 1-42,text,true,,341,376,1,1,http://localhost:8081/users,40,0,0
1763944718603,1,GET ID,200,OK,TESTES 1-42,text,true,,424,125,1,1,http://localhost:8081/users/135,1,0,0
1763944718604,1,PUT,200,OK,TESTES 1-42,text,true,,408,319,1,1,http://localhost:8081/users/135,1,0,0
1763944718605,0,GET,200,OK,TESTES 1-42,text,true,,2939,121,1,1,http://localhost:8081/users,0,0,0
1763944718605,1,DELETE,200,OK,TESTES 1-42,text,true,,165,211,1,1,http://localhost:8081/users/135,1,0,0
1763944718606,0,Healthcheck,200,OK,TESTES 1-42,text,true,,176,127,1,1,http://localhost:8081/healthcheck,0,0,0
1763944718616,4,Healthcheck,200,OK,TESTES 1-43,text,true,,176,127,2,2,http://localhost:8081/healthcheck,4,0,1
1763944718606,40,POST,201,Created,TESTES 1-42,text,true,,341,376,2,2,http://localhost:8081/users,40,0,0
1763944718646,0,GET ID,200,OK,TESTES 1-42,text,true,,424,125,2,2,http://localhost:8081/users/136,0,0,0
1763944718646,1,PUT,200,OK,TESTES 1-42,text,true,,409,320,2,2,http://localhost:8081/users/136,1,0,0
1763944718647,0,GET,200,OK,TESTES 1-42,text,true,,2940,121,2,2,http://localhost:8081/users,0,0,0
1763944718647,1,DELETE,200,OK,TESTES 1-42,text,true,,165,211,2,2,http://localhost:8081/users/136,1,0,0
1763944718620,39,POST,201,Created,TESTES 1-43,text,true,,339,374,1,1,http://localhost:8081/users,39,0,0
1763944718659,0,GET ID,200,OK,TESTES 1-43,text,true,,422,125,1,1,http://localhost:8081/users/137,0,0,0
1763944718659,1,PUT,200,OK,TESTES 1-43,text,true,,409,320,1,1,http://localhost:8081/users/137,1,0,0
1763944718660,0,GET,200,OK,TESTES 1-43,text,true,,2940,121,1,1,http://localhost:8081/users,0,0,0
1763944718660,1,DELETE,200,OK,TESTES 1-43,text,true,,165,211,1,1,http://localhost:8081/users/137,1,0,0
1763944718661,0,Healthcheck,200,OK,TESTES 1-43,text,true,,176,127,1,1,http://localhost:8081/healthcheck,0,0,0
1763944718661,39,POST,201,Created,TESTES 1-43,text,true,,341,376,1,1,http://localhost:8081/users,39,0,0
1763944718700,1,GET ID,200,OK,TESTES 1-43,text,true,,424,125,1,1,http://localhost:8081/users/138,1,0,0
1763944718701,0,PUT,200,OK,TESTES 1-43,text,true,,409,320,1,1,http://localhost:8081/users/138,0,0,0
1763944718701,1,GET,200,OK,TESTES 1-43,text,true,,2940,121,1,1,http://localhost:8081/users,1,0,0
1763944718702,0,DELETE,200,OK,TESTES 1-43,text,true,,165,211,1,1,http://localhost:8081/users/138,0,0,0
1763944718702,0,Healthcheck,200,OK,TESTES 1-43,text,true,,176,127,1,1,http://localhost:8081/healthcheck,0,0,0
1763944718716,0,Healthcheck,200,OK,TESTES 1-44,text,true,,176,127,2,2,http://localhost:8081/healthcheck,0,0,0
1763944718702,41,POST,201,Created,TESTES 1-43,text,true,,341,376,2,2,http://localhost:8081/users,41,0,0
1763944718743,0,GET ID,200,OK,TESTES 1-43,text,true,,424,125,2,2,http://localhost:8081/users/139,0,0,0
1763944718743,1,PUT,200,OK,TESTES 1-43,text,true,,409,320,2,2,http://localhost:8081/users/139,1,0,0
1763944718744,0,GET,200,OK,TESTES 1-43,text,true,,2940,121,2,2,http://localhost:8081/users,0,0,0
1763944718744,1,DELETE,200,OK,TESTES 1-43,text,true,,165,211,2,2,http://localhost:8081/users/139,1,0,0
1763944718716,40,POST,201,Created,TESTES 1-44,text,true,,339,374,1,1,http://localhost:8081/users,40,0,0
1763944718756,0,GET ID,200,OK,TESTES 1-44,text,true,,422,125,1,1,http://localhost:8081/users/140,0,0,0
1763944718756,0,PUT,200,OK,TESTES 1-44,text,true,,408,320,1,1,http://localhost:8081/users/140,0,0,0
1763944718757,0,GET,200,OK,TESTES 1-44,text,true,,2939,121,1,1,http://localhost:8081/users,0,0,0
1763944718757,0,DELETE,200,OK,TESTES 1-44,text,true,,165,211,1,1,http://localhost:8081/users/140,0,0,0
1763944718757,0,Healthcheck,200,OK,TESTES 1-44,text,true,,176,127,1,1,http://localhost:8081/healthcheck,0,0,0
1763944718757,40,POST,201,Created,TESTES 1-44,text,true,,341,376,1,1,http://localhost:8081/users,40,0,0
1763944718797,0,GET ID,200,OK,TESTES 1-44,text,true,,424,125,1,1,http://localhost:8081/users/141,0,0,0
1763944718797,1,PUT,200,OK,TESTES 1-44,text,true,,409,320,1,1,http://localhost:8081/users/141,1,0,0
1763944718798,0,GET,200,OK,TESTES 1-44,text,true,,2940,121,1,1,http://localhost:8081/users,0,0,0
1763944718798,1,DELETE,200,OK,TESTES 1-44,text,true,,165,211,1,1,http://localhost:8081/users/141,1,0,0
1763944718799,0,Healthcheck,200,OK,TESTES 1-44,text,true,,176,127,1,1,http://localhost:8081/healthcheck,0,0,0
1763944718817,0,Healthcheck,200,OK,TESTES 1-45,text,true,,176,127,2,2,http://localhost:8081/healthcheck,0,0,0
1763944718799,39,POST,201,Created,TESTES 1-44,text,true,,340,375,2,2,http://localhost:8081/users,39,0,0
1763944718838,0,GET ID,200,OK,TESTES 1-44,text,true,,423,125,2,2,http://localhost:8081/users/142,0,0,0
1763944718838,1,PUT,200,OK,TESTES 1-44,text,true,,409,320,2,2,http://localhost:8081/users/142,1,0,0
1763944718839,0,GET,200,OK,TESTES 1-44,text,true,,2940,121,2,2,http://localhost:8081/users,0,0,0
1763944718839,1,DELETE,200,OK,TESTES 1-44,text,true,,165,211,2,2,http://localhost:8081/users/142,1,0,0
1763944718817,40,POST,201,Created,TESTES 1-45,text,true,,341,376,1,1,http://localhost:8081/users,40,0,0
1763944718857,0,GET ID,200,OK,TESTES 1-45,text,true,,424,125,1,1,http://localhost:8081/users/143,0,0,0
1763944718857,1,PUT,200,OK,TESTES 1-45,text,true,,409,320,1,1,http://localhost:8081/users/143,1,0,0
1763944718858,0,GET,200,OK,TESTES 1-45,text,true,,2940,121,1,1,http://localhost:8081/users,0,0,0
1763944718858,1,DELETE,200,OK,TESTES 1-45,text,true,,165,211,1,1,http://localhost:8081/users/143,1,0,0
1763944718859,0,Healthcheck,200,OK,TESTES 1-45,text,true,,176,127,1,1,http://localhost:8081/healthcheck,0,0,0
1763944718859,39,POST,201,Created,TESTES 1-45,text,true,,341,376,1,1,http://localhost:8081/users,39,0,0
1763944718898,1,GET ID,200,OK,TESTES 1-45,text,true,,424,125,1,1,http://localhost:8081/users/144,1,0,0
1763944718899,0,PUT,200,OK,TESTES 1-45,text,true,,409,320,1,1,http://localhost:8081/users/144,0,0,0
1763944718899,0,GET,200,OK,TESTES 1-45,text,true,,2940,121,1,1,http://localhost:8081/users,0,0,0
1763944718899,1,DELETE,200,OK,TESTES 1-45,text,true,,165,211,1,1,http://localhost:8081/users/144,1,0,0
1763944718900,0,Healthcheck,200,OK,TESTES 1-45,text,true,,176,127,1,1,http://localhost:8081/healthcheck,0,0,0
1763944718917,0,Healthcheck,200,OK,TESTES 1-46,text,true,,176,127,2,2,http://localhost:8081/healthcheck,0,0,0
1763944718900,40,POST,201,Created,TESTES 1-45,text,true,,341,376,2,2,http://localhost:8081/users,40,0,0
1763944718940,0,GET ID,200,OK,TESTES 1-45,text,true,,424,125,2,2,http://localhost:8081/users/145,0,0,0
1763944718940,1,PUT,200,OK,TESTES 1-45,text,true,,408,319,2,2,http://localhost:8081/users/145,1,0,0
1763944718941,0,GET,200,OK,TESTES 1-45,text,true,,2939,121,2,2,http://localhost:8081/users,0,0,0
1763944718941,0,DELETE,200,OK,TESTES 1-45,text,true,,165,211,2,2,http://localhost:8081/users/145,0,0,0
1763944718917,40,POST,201,Created,TESTES 1-46,text,true,,341,376,1,1,http://localhost:8081/users,40,0,0
1763944718957,1,GET ID,200,OK,TESTES 1-46,text,true,,424,125,1,1,http://localhost:8081/users/146,1,0,0
1763944718958,1,PUT,200,OK,TESTES 1-46,text,true,,408,319,1,1,http://localhost:8081/users/146,1,0,0
1763944718959,0,GET,200,OK,TESTES 1-46,text,true,,2939,121,1,1,http://localhost:8081/users,0,0,0
1763944718959,1,DELETE,200,OK,TESTES 1-46,text,true,,165,211,1,1,http://localhost:8081/users/146,1,0,0
1763944718960,0,Healthcheck,200,OK,TESTES 1-46,text,true,,176,127,1,1,http://localhost:8081/healthcheck,0,0,0
1763944718960,40,POST,201,Created,TESTES 1-46,text,true,,341,376,1,1,http://localhost:8081/users,40,0,0
1763944719000,0,GET ID,200,OK,TESTES 1-46,text,true,,424,125,1,1,http://localhost:8081/users/147,0,0,0
1763944719000,1,PUT,200,OK,TESTES 1-46,text,true,,408,319,1,1,http://localhost:8081/users/147,1,0,0
1763944719001,0,GET,200,OK,TESTES 1-46,text,true,,2939,121,1,1,http://localhost:8081/users,0,0,0
1763944719001,1,DELETE,200,OK,TESTES 1-46,text,true,,165,211,1,1,http://localhost:8081/users/147,1,0,0
1763944719002,0,Healthcheck,200,OK,TESTES 1-46,text,true,,176,127,1,1,http://localhost:8081/healthcheck,0,0,0
1763944719016,1,Healthcheck,200,OK,TESTES 1-47,text,true,,176,127,2,2,http://localhost:8081/healthcheck,1,0,0
1763944719002,40,POST,201,Created,TESTES 1-46,text,true,,341,376,2,2,http://localhost:8081/users,40,0,0
1763944719043,0,GET ID,200,OK,TESTES 1-46,text,true,,424,125,2,2,http://localhost:8081/users/148,0,0,0
1763944719043,0,PUT,200,OK,TESTES 1-46,text,true,,409,320,2,2,http://localhost:8081/users/148,0,0,0
1763944719043,1,GET,200,OK,TESTES 1-46,text,true,,2940,121,2,2,http://localhost:8081/users,1,0,0
1763944719044,0,DELETE,200,OK,TESTES 1-46,text,true,,165,211,2,2,http://localhost:8081/users/148,0,0,0
1763944719017,39,POST,201,Created,TESTES 1-47,text,true,,341,376,1,1,http://localhost:8081/users,39,0,0
1763944719056,0,GET ID,200,OK,TESTES 1-47,text,true,,424,125,1,1,http://localhost:8081/users/149,0,0,0
1763944719056,1,PUT,200,OK,TESTES 1-47,text,true,,409,320,1,1,http://localhost:8081/users/149,1,0,0
1763944719057,0,GET,200,OK,TESTES 1-47,text,true,,2940,121,1,1,http://localhost:8081/users,0,0,0
1763944719057,1,DELETE,200,OK,TESTES 1-47,text,true,,165,211,1,1,http://localhost:8081/users/149,1,0,0
1763944719058,0,Healthcheck,200,OK,TESTES 1-47,text,true,,176,127,1,1,http://localhost:8081/healthcheck,0,0,0
1763944719058,43,POST,201,Created,TESTES 1-47,text,true,,341,376,1,1,http://localhost:8081/users,43,0,0
1763944719101,0,GET ID,200,OK,TESTES 1-47,text,true,,424,125,1,1,http://localhost:8081/users/150,0,0,0
1763944719101,1,PUT,200,OK,TESTES 1-47,text,true,,409,320,1,1,http://localhost:8081/users/150,1,0,0
1763944719102,0,GET,200,OK,TESTES 1-47,text,true,,2940,121,1,1,http://localhost:8081/users,0,0,0
1763944719102,0,DELETE,200,OK,TESTES 1-47,text,true,,165,211,1,1,http://localhost:8081/users/150,0,0,0
1763944719102,1,Healthcheck,200,OK,TESTES 1-47,text,true,,176,127,1,1,http://localhost:8081/healthcheck,1,0,0
1763944719116,1,Healthcheck,200,OK,TESTES 1-48,text,true,,176,127,2,2,http://localhost:8081/healthcheck,1,0,1
1763944719103,42,POST,201,Created,TESTES 1-47,text,true,,341,376,2,2,http://localhost:8081/users,42,0,0
1763944719145,1,GET ID,200,OK,TESTES 1-47,text,true,,424,125,2,2,http://localhost:8081/users/151,1,0,0
1763944719146,1,PUT,200,OK,TESTES 1-47,text,true,,408,319,2,2,http://localhost:8081/users/151,1,0,0
1763944719147,0,GET,200,OK,TESTES 1-47,text,true,,2939,121,2,2,http://localhost:8081/users,0,0,0
1763944719147,1,DELETE,200,OK,TESTES 1-47,text,true,,165,211,2,2,http://localhost:8081/users/151,1,0,0
1763944719117,40,POST,201,Created,TESTES 1-48,text,true,,341,376,1,1,http://localhost:8081/users,40,0,0
1763944719157,0,GET ID,200,OK,TESTES 1-48,text,true,,424,125,1,1,http://localhost:8081/users/152,0,0,0
1763944719157,1,PUT,200,OK,TESTES 1-48,text,true,,409,320,1,1,http://localhost:8081/users/152,1,0,0
1763944719158,0,GET,200,OK,TESTES 1-48,text,true,,2940,121,1,1,http://localhost:8081/users,0,0,0
1763944719158,1,DELETE,200,OK,TESTES 1-48,text,true,,165,211,1,1,http://localhost:8081/users/152,1,0,0
1763944719159,0,Healthcheck,200,OK,TESTES 1-48,text,true,,176,127,1,1,http://localhost:8081/healthcheck,0,0,0
1763944719159,44,POST,201,Created,TESTES 1-48,text,true,,341,376,1,1,http://localhost:8081/users,44,0,0
1763944719203,0,GET ID,200,OK,TESTES 1-48,text,true,,424,125,1,1,http://localhost:8081/users/153,0,0,0
1763944719203,1,PUT,200,OK,TESTES 1-48,text,true,,409,320,1,1,http://localhost:8081/users/153,1,0,0
1763944719204,0,GET,200,OK,TESTES 1-48,text,true,,2940,121,1,1,http://localhost:8081/users,0,0,0
1763944719204,1,DELETE,200,OK,TESTES 1-48,text,true,,165,211,1,1,http://localhost:8081/users/153,1,0,0
1763944719205,0,Healthcheck,200,OK,TESTES 1-48,text,true,,176,127,1,1,http://localhost:8081/healthcheck,0,0,0
1763944719216,3,Healthcheck,200,OK,TESTES 1-49,text,true,,176,127,2,2,http://localhost:8081/healthcheck,3,0,0
1763944719205,40,POST,201,Created,TESTES 1-48,text,true,,341,376,2,2,http://localhost:8081/users,40,0,0
1763944719245,1,GET ID,200,OK,TESTES 1-48,text,true,,424,125,2,2,http://localhost:8081/users/154,1,0,0
1763944719246,0,PUT,200,OK,TESTES 1-48,text,true,,408,319,2,2,http://localhost:8081/users/154,0,0,0
1763944719247,0,GET,200,OK,TESTES 1-48,text,true,,2939,121,2,2,http://localhost:8081/users,0,0,0
1763944719247,0,DELETE,200,OK,TESTES 1-48,text,true,,165,211,2,2,http://localhost:8081/users/154,0,0,0
1763944719219,40,POST,201,Created,TESTES 1-49,text,true,,341,376,1,1,http://localhost:8081/users,40,0,0
1763944719259,0,GET ID,200,OK,TESTES 1-49,text,true,,424,125,1,1,http://localhost:8081/users/155,0,0,0
1763944719259,1,PUT,200,OK,TESTES 1-49,text,true,,409,320,1,1,http://localhost:8081/users/155,1,0,0
1763944719260,0,GET,200,OK,TESTES 1-49,text,true,,2940,121,1,1,http://localhost:8081/users,0,0,0
1763944719260,1,DELETE,200,OK,TESTES 1-49,text,true,,165,211,1,1,http://localhost:8081/users/155,1,0,0
1763944719261,0,Healthcheck,200,OK,TESTES 1-49,text,true,,176,127,1,1,http://localhost:8081/healthcheck,0,0,0
1763944719261,40,POST,201,Created,TESTES 1-49,text,true,,341,376,1,1,http://localhost:8081/users,40,0,0
1763944719301,1,GET ID,200,OK,TESTES 1-49,text,true,,424,125,1,1,http://localhost:8081/users/156,1,0,0
1763944719302,1,PUT,200,OK,TESTES 1-49,text,true,,409,320,1,1,http://localhost:8081/users/156,1,0,0
1763944719303,0,GET,200,OK,TESTES 1-49,text,true,,2940,121,1,1,http://localhost:8081/users,0,0,0
1763944719303,1,DELETE,200,OK,TESTES 1-49,text,true,,165,211,1,1,http://localhost:8081/users/156,1,0,0
1763944719304,0,Healthcheck,200,OK,TESTES 1-49,text,true,,176,127,1,1,http://localhost:8081/healthcheck,0,0,0
1763944719316,0,Healthcheck,200,OK,TESTES 1-50,text,true,,176,127,2,2,http://localhost:8081/healthcheck,0,0,0
1763944719304,39,POST,201,Created,TESTES 1-49,text,true,,341,376,2,2,http://localhost:8081/users,39,0,0
1763944719344,0,GET ID,200,OK,TESTES 1-49,text,true,,424,125,2,2,http://localhost:8081/users/157,0,0,0
1763944719344,1,PUT,200,OK,TESTES 1-49,text,true,,409,320,2,2,http://localhost:8081/users/157,1,0,0
1763944719345,0,GET,200,OK,TESTES 1-49,text,true,,2940,121,2,2,http://localhost:8081/users,0,0,0
1763944719345,0,DELETE,200,OK,TESTES 1-49,text,true,,165,211,2,2,http://localhost:8081/users/157,0,0,0
1763944719316,40,POST,201,Created,TESTES 1-50,text,true,,341,376,1,1,http://localhost:8081/users,40,0,0
1763944719356,0,GET ID,200,OK,TESTES 1-50,text,true,,424,125,1,1,http://localhost:8081/users/158,0,0,0
1763944719356,1,PUT,200,OK,TESTES 1-50,text,true,,409,320,1,1,http://localhost:8081/users/158,1,0,0
1763944719357,0,GET,200,OK,TESTES 1-50,text,true,,2940,121,1,1,http://localhost:8081/users,0,0,0
1763944719357,0,DELETE,200,OK,TESTES 1-50,text,true,,165,211,1,1,http://localhost:8081/users/158,0,0,0
1763944719357,1,Healthcheck,200,OK,TESTES 1-50,text,true,,176,127,1,1,http://localhost:8081/healthcheck,1,0,0
1763944719358,39,POST,201,Created,TESTES 1-50,text,true,,341,376,1,1,http://localhost:8081/users,39,0,0
1763944719397,0,GET ID,200,OK,TESTES 1-50,text,true,,424,125,1,1,http://localhost:8081/users/159,0,0,0
1763944719397,1,PUT,200,OK,TESTES 1-50,text,true,,407,319,1,1,http://localhost:8081/users/159,1,0,0
1763944719398,0,GET,200,OK,TESTES 1-50,text,true,,2938,121,1,1,http://localhost:8081/users,0,0,0
1763944719398,1,DELETE,200,OK,TESTES 1-50,text,true,,165,211,1,1,http://localhost:8081/users/159,1,0,0
1763944719399,0,Healthcheck,200,OK,TESTES 1-50,text,true,,176,127,1,1,http://localhost:8081/healthcheck,0,0,0
1763944719416,0,Healthcheck,200,OK,TESTES 1-51,text,true,,176,127,2,2,http://localhost:8081/healthcheck,0,0,0
1763944719399,41,POST,201,Created,TESTES 1-50,text,true,,341,376,2,2,http://localhost:8081/users,41,0,0
1763944719440,0,GET ID,200,OK,TESTES 1-50,text,true,,424,125,2,2,http://localhost:8081/users/160,0,0,0
1763944719440,1,PUT,200,OK,TESTES 1-50,text,true,,409,320,2,2,http://localhost:8081/users/160,1,0,0
1763944719441,0,GET,200,OK,TESTES 1-50,text,true,,2940,121,2,2,http://localhost:8081/users,0,0,0
1763944719441,1,DELETE,200,OK,TESTES 1-50,text,true,,165,211,2,2,http://localhost:8081/users/160,1,0,0
1763944719416,41,POST,201,Created,TESTES 1-51,text,true,,340,374,1,1,http://localhost:8081/users,41,0,0
1763944719457,0,GET ID,200,OK,TESTES 1-51,text,true,,423,125,1,1,http://localhost:8081/users/161,0,0,0
1763944719457,1,PUT,200,OK,TESTES 1-51,text,true,,409,320,1,1,http://localhost:8081/users/161,1,0,0
1763944719458,0,GET,200,OK,TESTES 1-51,text,true,,2940,121,1,1,http://localhost:8081/users,0,0,0
1763944719458,1,DELETE,200,OK,TESTES 1-51,text,true,,165,211,1,1,http://localhost:8081/users/161,1,0,0
1763944719459,0,Healthcheck,200,OK,TESTES 1-51,text,true,,176,127,1,1,http://localhost:8081/healthcheck,0,0,0
1763944719459,39,POST,201,Created,TESTES 1-51,text,true,,341,376,1,1,http://localhost:8081/users,39,0,0
1763944719499,0,GET ID,200,OK,TESTES 1-51,text,true,,424,125,1,1,http://localhost:8081/users/162,0,0,0
1763944719499,1,PUT,200,OK,TESTES 1-51,text,true,,409,320,1,1,http://localhost:8081/users/162,1,0,0
1763944719500,0,GET,200,OK,TESTES 1-51,text,true,,2940,121,1,1,http://localhost:8081/users,0,0,0
1763944719500,1,DELETE,200,OK,TESTES 1-51,text,true,,165,211,1,1,http://localhost:8081/users/162,1,0,0
1763944719501,0,Healthcheck,200,OK,TESTES 1-51,text,true,,176,127,1,1,http://localhost:8081/healthcheck,0,0,0
1763944719517,1,Healthcheck,200,OK,TESTES 1-52,text,true,,176,127,2,2,http://localhost:8081/healthcheck,1,0,0
1763944719501,40,POST,201,Created,TESTES 1-51,text,true,,341,376,2,2,http://localhost:8081/users,40,0,0
1763944719541,0,GET ID,200,OK,TESTES 1-51,text,true,,422,125,2,2,http://localhost:8081/users/163,0,0,0
1763944719541,1,PUT,200,OK,TESTES 1-51,text,true,,408,320,2,2,http://localhost:8081/users/163,1,0,0
1763944719542,0,GET,200,OK,TESTES 1-51,text,true,,2939,121,2,2,http://localhost:8081/users,0,0,0
1763944719542,0,DELETE,200,OK,TESTES 1-51,text,true,,165,211,2,2,http://localhost:8081/users/163,0,0,0
1763944719518,40,POST,201,Created,TESTES 1-52,text,true,,341,376,1,1,http://localhost:8081/users,40,0,0
1763944719558,0,GET ID,200,OK,TESTES 1-52,text,true,,424,125,1,1,http://localhost:8081/users/164,0,0,0
1763944719559,0,PUT,200,OK,TESTES 1-52,text,true,,408,319,1,1,http://localhost:8081/users/164,0,0,0
1763944719559,0,GET,200,OK,TESTES 1-52,text,true,,2939,121,1,1,http://localhost:8081/users,0,0,0
1763944719559,1,DELETE,200,OK,TESTES 1-52,text,true,,165,211,1,1,http://localhost:8081/users/164,1,0,0
1763944719560,0,Healthcheck,200,OK,TESTES 1-52,text,true,,176,127,1,1,http://localhost:8081/healthcheck,0,0,0
1763944719560,39,POST,201,Created,TESTES 1-52,text,true,,339,374,1,1,http://localhost:8081/users,39,0,0
1763944719599,0,GET ID,200,OK,TESTES 1-52,text,true,,422,125,1,1,http://localhost:8081/users/165,0,0,0
1763944719599,1,PUT,200,OK,TESTES 1-52,text,true,,409,320,1,1,http://localhost:8081/users/165,1,0,0
1763944719600,0,GET,200,OK,TESTES 1-52,text,true,,2940,121,1,1,http://localhost:8081/users,0,0,0
1763944719600,1,DELETE,200,OK,TESTES 1-52,text,true,,165,211,1,1,http://localhost:8081/users/165,1,0,0
1763944719601,0,Healthcheck,200,OK,TESTES 1-52,text,true,,176,127,1,1,http://localhost:8081/healthcheck,0,0,0
1763944719617,0,Healthcheck,200,OK,TESTES 1-53,text,true,,176,127,2,2,http://localhost:8081/healthcheck,0,0,0
1763944719601,39,POST,201,Created,TESTES 1-52,text,true,,341,376,2,2,http://localhost:8081/users,39,0,0
1763944719640,1,GET ID,200,OK,TESTES 1-52,text,true,,424,125,2,2,http://localhost:8081/users/166,1,0,0
1763944719641,1,PUT,200,OK,TESTES 1-52,text,true,,409,320,2,2,http://localhost:8081/users/166,1,0,0
1763944719642,0,GET,200,OK,TESTES 1-52,text,true,,2940,121,2,2,http://localhost:8081/users,0,0,0
1763944719642,1,DELETE,200,OK,TESTES 1-52,text,true,,165,211,2,2,http://localhost:8081/users/166,1,0,0
1763944719617,40,POST,201,Created,TESTES 1-53,text,true,,341,376,1,1,http://localhost:8081/users,40,0,0
1763944719657,1,GET ID,200,OK,TESTES 1-53,text,true,,424,125,1,1,http://localhost:8081/users/167,1,0,0
1763944719658,0,PUT,200,OK,TESTES 1-53,text,true,,409,320,1,1,http://localhost:8081/users/167,0,0,0
1763944719658,0,GET,200,OK,TESTES 1-53,text,true,,2940,121,1,1,http://localhost:8081/users,0,0,0
1763944719658,1,DELETE,200,OK,TESTES 1-53,text,true,,165,211,1,1,http://localhost:8081/users/167,1,0,0
1763944719659,0,Healthcheck,200,OK,TESTES 1-53,text,true,,176,127,1,1,http://localhost:8081/healthcheck,0,0,0
1763944719659,41,POST,201,Created,TESTES 1-53,text,true,,341,376,1,1,http://localhost:8081/users,41,0,0
1763944719700,0,GET ID,200,OK,TESTES 1-53,text,true,,424,125,1,1,http://localhost:8081/users/168,0,0,0
1763944719700,1,PUT,200,OK,TESTES 1-53,text,true,,408,320,1,1,http://localhost:8081/users/168,1,0,0
1763944719701,1,GET,200,OK,TESTES 1-53,text,true,,2939,121,1,1,http://localhost:8081/users,1,0,0
1763944719702,0,DELETE,200,OK,TESTES 1-53,text,true,,165,211,1,1,http://localhost:8081/users/168,0,0,0
1763944719702,0,Healthcheck,200,OK,TESTES 1-53,text,true,,176,127,1,1,http://localhost:8081/healthcheck,0,0,0
1763944719716,0,Healthcheck,200,OK,TESTES 1-54,text,true,,176,127,2,2,http://localhost:8081/healthcheck,0,0,0
1763944719702,41,POST,201,Created,TESTES 1-53,text,true,,341,376,2,2,http://localhost:8081/users,41,0,0
1763944719743,1,GET ID,200,OK,TESTES 1-53,text,true,,422,125,2,2,http://localhost:8081/users/169,1,0,0
1763944719744,1,PUT,200,OK,TESTES 1-53,text,true,,408,320,2,2,http://localhost:8081/users/169,1,0,0
1763944719745,0,GET,200,OK,TESTES 1-53,text,true,,2939,121,2,2,http://localhost:8081/users,0,0,0
1763944719745,1,DELETE,200,OK,TESTES 1-53,text,true,,165,211,2,2,http://localhost:8081/users/169,1,0,0
1763944719716,40,POST,201,Created,TESTES 1-54,text,true,,340,375,1,1,http://localhost:8081/users,40,0,0
1763944719756,0,GET ID,200,OK,TESTES 1-54,text,true,,423,125,1,1,http://localhost:8081/users/170,0,0,0
1763944719756,1,PUT,200,OK,TESTES 1-54,text,true,,409,320,1,1,http://localhost:8081/users/170,1,0,0
1763944719757,0,GET,200,OK,TESTES 1-54,text,true,,2940,121,1,1,http://localhost:8081/users,0,0,0
1763944719757,1,DELETE,200,OK,TESTES 1-54,text,true,,165,211,1,1,http://localhost:8081/users/170,1,0,0
1763944719758,0,Healthcheck,200,OK,TESTES 1-54,text,true,,176,127,1,1,http://localhost:8081/healthcheck,0,0,0
1763944719758,39,POST,201,Created,TESTES 1-54,text,true,,341,376,1,1,http://localhost:8081/users,39,0,0
1763944719797,0,GET ID,200,OK,TESTES 1-54,text,true,,422,125,1,1,http://localhost:8081/users/171,0,0,0
1763944719797,1,PUT,200,OK,TESTES 1-54,text,true,,408,320,1,1,http://localhost:8081/users/171,1,0,0
1763944719798,0,GET,200,OK,TESTES 1-54,text,true,,2939,121,1,1,http://localhost:8081/users,0,0,0
1763944719798,1,DELETE,200,OK,TESTES 1-54,text,true,,165,211,1,1,http://localhost:8081/users/171,1,0,0
1763944719799,0,Healthcheck,200,OK,TESTES 1-54,text,true,,176,127,1,1,http://localhost:8081/healthcheck,0,0,0
1763944719817,1,Healthcheck,200,OK,TESTES 1-55,text,true,,176,127,2,2,http://localhost:8081/healthcheck,1,0,0
1763944719799,41,POST,201,Created,TESTES 1-54,text,true,,341,376,2,2,http://localhost:8081/users,41,0,0
1763944719840,1,GET ID,200,OK,TESTES 1-54,text,true,,424,125,2,2,http://localhost:8081/users/172,1,0,0
1763944719841,0,PUT,200,OK,TESTES 1-54,text,true,,409,320,2,2,http://localhost:8081/users/172,0,0,0
1763944719841,0,GET,200,OK,TESTES 1-54,text,true,,2940,121,2,2,http://localhost:8081/users,0,0,0
1763944719841,1,DELETE,200,OK,TESTES 1-54,text,true,,165,211,2,2,http://localhost:8081/users/172,1,0,0
1763944719818,39,POST,201,Created,TESTES 1-55,text,true,,340,375,1,1,http://localhost:8081/users,39,0,0
1763944719857,0,GET ID,200,OK,TESTES 1-55,text,true,,423,125,1,1,http://localhost:8081/users/173,0,0,0
1763944719857,1,PUT,200,OK,TESTES 1-55,text,true,,409,320,1,1,http://localhost:8081/users/173,1,0,0
1763944719858,0,GET,200,OK,TESTES 1-55,text,true,,2940,121,1,1,http://localhost:8081/users,0,0,0
1763944719858,1,DELETE,200,OK,TESTES 1-55,text,true,,165,211,1,1,http://localhost:8081/users/173,1,0,0
1763944719859,0,Healthcheck,200,OK,TESTES 1-55,text,true,,176,127,1,1,http://localhost:8081/healthcheck,0,0,0
1763944719859,39,POST,201,Created,TESTES 1-55,text,true,,341,376,1,1,http://localhost:8081/users,39,0,0
1763944719898,0,GET ID,200,OK,TESTES 1-55,text,true,,424,125,1,1,http://localhost:8081/users/174,0,0,0
1763944719898,1,PUT,200,OK,TESTES 1-55,text,true,,409,320,1,1,http://localhost:8081/users/174,1,0,0
1763944719899,0,GET,200,OK,TESTES 1-55,text,true,,2940,121,1,1,http://localhost:8081/users,0,0,0
1763944719899,1,DELETE,200,OK,TESTES 1-55,text,true,,165,211,1,1,http://localhost:8081/users/174,1,0,0
1763944719900,0,Healthcheck,200,OK,TESTES 1-55,text,true,,176,127,1,1,http://localhost:8081/healthcheck,0,0,0
1763944719917,1,Healthcheck,200,OK,TESTES 1-56,text,true,,176,127,2,2,http://localhost:8081/healthcheck,1,0,0
1763944719900,43,POST,201,Created,TESTES 1-55,text,true,,340,375,2,2,http://localhost:8081/users,43,0,0
1763944719943,0,GET ID,200,OK,TESTES 1-55,text,true,,423,125,2,2,http://localhost:8081/users/175,0,0,0
1763944719943,1,PUT,200,OK,TESTES 1-55,text,true,,409,320,2,2,http://localhost:8081/users/175,1,0,0
1763944719944,0,GET,200,OK,TESTES 1-55,text,true,,2940,121,2,2,http://localhost:8081/users,0,0,0
1763944719944,1,DELETE,200,OK,TESTES 1-55,text,true,,165,211,2,2,http://localhost:8081/users/175,1,0,0
1763944719918,42,POST,201,Created,TESTES 1-56,text,true,,341,376,1,1,http://localhost:8081/users,42,0,0
1763944719960,0,GET ID,200,OK,TESTES 1-56,text,true,,424,125,1,1,http://localhost:8081/users/176,0,0,0
1763944719960,1,PUT,200,OK,TESTES 1-56,text,true,,408,319,1,1,http://localhost:8081/users/176,1,0,0
1763944719961,0,GET,200,OK,TESTES 1-56,text,true,,2939,121,1,1,http://localhost:8081/users,0,0,0
1763944719961,0,DELETE,200,OK,TESTES 1-56,text,true,,165,211,1,1,http://localhost:8081/users/176,0,0,0
1763944719961,0,Healthcheck,200,OK,TESTES 1-56,text,true,,176,127,1,1,http://localhost:8081/healthcheck,0,0,0
1763944719961,40,POST,201,Created,TESTES 1-56,text,true,,340,375,1,1,http://localhost:8081/users,40,0,0
1763944720001,0,GET ID,200,OK,TESTES 1-56,text,true,,423,125,1,1,http://localhost:8081/users/177,0,0,0
1763944720001,1,PUT,200,OK,TESTES 1-56,text,true,,408,320,1,1,http://localhost:8081/users/177,1,0,0
1763944720002,0,GET,200,OK,TESTES 1-56,text,true,,2939,121,1,1,http://localhost:8081/users,0,0,0
1763944720002,1,DELETE,200,OK,TESTES 1-56,text,true,,165,211,1,1,http://localhost:8081/users/177,1,0,0
1763944720003,0,Healthcheck,200,OK,TESTES 1-56,text,true,,176,127,1,1,http://localhost:8081/healthcheck,0,0,0
1763944720016,1,Healthcheck,200,OK,TESTES 1-57,text,true,,176,127,2,2,http://localhost:8081/healthcheck,1,0,1
1763944720003,40,POST,201,Created,TESTES 1-56,text,true,,341,376,2,2,http://localhost:8081/users,40,0,0
1763944720043,0,GET ID,200,OK,TESTES 1-56,text,true,,424,125,2,2,http://localhost:8081/users/178,0,0,0
1763944720043,1,PUT,200,OK,TESTES 1-56,text,true,,409,320,2,2,http://localhost:8081/users/178,1,0,0
1763944720044,1,GET,200,OK,TESTES 1-56,text,true,,2940,121,2,2,http://localhost:8081/users,1,0,0
1763944720045,0,DELETE,200,OK,TESTES 1-56,text,true,,165,211,2,2,http://localhost:8081/users/178,0,0,0
1763944720017,41,POST,201,Created,TESTES 1-57,text,true,,341,376,1,1,http://localhost:8081/users,41,0,0
1763944720058,0,GET ID,200,OK,TESTES 1-57,text,true,,424,125,1,1,http://localhost:8081/users/179,0,0,0
1763944720058,1,PUT,200,OK,TESTES 1-57,text,true,,409,320,1,1,http://localhost:8081/users/179,1,0,0
1763944720059,0,GET,200,OK,TESTES 1-57,text,true,,2940,121,1,1,http://localhost:8081/users,0,0,0
1763944720059,1,DELETE,200,OK,TESTES 1-57,text,true,,165,211,1,1,http://localhost:8081/users/179,1,0,0
1763944720060,0,Healthcheck,200,OK,TESTES 1-57,text,true,,176,127,1,1,http://localhost:8081/healthcheck,0,0,0
1763944720060,40,POST,201,Created,TESTES 1-57,text,true,,341,375,1,1,http://localhost:8081/users,40,0,0
1763944720100,0,GET ID,200,OK,TESTES 1-57,text,true,,424,125,1,1,http://localhost:8081/users/180,0,0,0
1763944720100,1,PUT,200,OK,TESTES 1-57,text,true,,409,320,1,1,http://localhost:8081/users/180,1,0,0
1763944720101,1,GET,200,OK,TESTES 1-57,text,true,,2940,121,1,1,http://localhost:8081/users,1,0,0
1763944720102,0,DELETE,200,OK,TESTES 1-57,text,true,,165,211,1,1,http://localhost:8081/users/180,0,0,0
1763944720102,0,Healthcheck,200,OK,TESTES 1-57,text,true,,176,127,1,1,http://localhost:8081/healthcheck,0,0,0
1763944720116,0,Healthcheck,200,OK,TESTES 1-58,text,true,,176,127,2,2,http://localhost:8081/healthcheck,0,0,0
1763944720102,41,POST,201,Created,TESTES 1-57,text,true,,341,376,2,2,http://localhost:8081/users,41,0,0
1763944720143,0,GET ID,200,OK,TESTES 1-57,text,true,,422,125,2,2,http://localhost:8081/users/181,0,0,0
1763944720143,1,PUT,200,OK,TESTES 1-57,text,true,,408,320,2,2,http://localhost:8081/users/181,1,0,0
1763944720144,0,GET,200,OK,TESTES 1-57,text,true,,2939,121,2,2,http://localhost:8081/users,0,0,0
1763944720144,1,DELETE,200,OK,TESTES 1-57,text,true,,165,211,2,2,http://localhost:8081/users/181,1,0,0
1763944720116,40,POST,201,Created,TESTES 1-58,text,true,,341,376,1,1,http://localhost:8081/users,40,0,0
1763944720157,0,GET ID,200,OK,TESTES 1-58,text,true,,424,125,1,1,http://localhost:8081/users/182,0,0,0
1763944720157,1,PUT,200,OK,TESTES 1-58,text,true,,408,319,1,1,http://localhost:8081/users/182,1,0,0
1763944720158,0,GET,200,OK,TESTES 1-58,text,true,,2939,121,1,1,http://localhost:8081/users,0,0,0
1763944720158,0,DELETE,200,OK,TESTES 1-58,text,true,,165,211,1,1,http://localhost:8081/users/182,0,0,0
1763944720158,0,Healthcheck,200,OK,TESTES 1-58,text,true,,176,127,1,1,http://localhost:8081/healthcheck,0,0,0
1763944720158,42,POST,201,Created,TESTES 1-58,text,true,,341,376,1,1,http://localhost:8081/users,42,0,0
1763944720201,0,GET ID,200,OK,TESTES 1-58,text,true,,424,125,1,1,http://localhost:8081/users/183,0,0,0
1763944720201,1,PUT,200,OK,TESTES 1-58,text,true,,408,319,1,1,http://localhost:8081/users/183,1,0,0
1763944720202,0,GET,200,OK,TESTES 1-58,text,true,,2939,121,1,1,http://localhost:8081/users,0,0,0
1763944720202,1,DELETE,200,OK,TESTES 1-58,text,true,,165,211,1,1,http://localhost:8081/users/183,1,0,0
1763944720203,0,Healthcheck,200,OK,TESTES 1-58,text,true,,176,127,1,1,http://localhost:8081/healthcheck,0,0,0
1763944720217,0,Healthcheck,200,OK,TESTES 1-59,text,true,,176,127,2,2,http://localhost:8081/healthcheck,0,0,0
1763944720203,40,POST,201,Created,TESTES 1-58,text,true,,341,376,2,2,http://localhost:8081/users,40,0,0
1763944720243,0,GET ID,200,OK,TESTES 1-58,text,true,,424,125,2,2,http://localhost:8081/users/184,0,0,0
1763944720243,1,PUT,200,OK,TESTES 1-58,text,true,,409,320,2,2,http://localhost:8081/users/184,1,0,0
1763944720244,1,GET,200,OK,TESTES 1-58,text,true,,2940,121,2,2,http://localhost:8081/users,1,0,0
1763944720245,0,DELETE,200,OK,TESTES 1-58,text,true,,165,211,2,2,http://localhost:8081/users/184,0,0,0
1763944720218,41,POST,201,Created,TESTES 1-59,text,true,,340,375,1,1,http://localhost:8081/users,41,0,0
1763944720259,0,GET ID,200,OK,TESTES 1-59,text,true,,423,125,1,1,http://localhost:8081/users/185,0,0,0
1763944720259,1,PUT,200,OK,TESTES 1-59,text,true,,409,320,1,1,http://localhost:8081/users/185,1,0,0
1763944720260,0,GET,200,OK,TESTES 1-59,text,true,,2940,121,1,1,http://localhost:8081/users,0,0,0
1763944720260,1,DELETE,200,OK,TESTES 1-59,text,true,,165,211,1,1,http://localhost:8081/users/185,1,0,0
1763944720261,0,Healthcheck,200,OK,TESTES 1-59,text,true,,176,127,1,1,http://localhost:8081/healthcheck,0,0,0
1763944720261,40,POST,201,Created,TESTES 1-59,text,true,,340,375,1,1,http://localhost:8081/users,40,0,0
1763944720301,0,GET ID,200,OK,TESTES 1-59,text,true,,423,125,1,1,http://localhost:8081/users/186,0,0,0
1763944720301,1,PUT,200,OK,TESTES 1-59,text,true,,409,320,1,1,http://localhost:8081/users/186,1,0,0
1763944720302,0,GET,200,OK,TESTES 1-59,text,true,,2940,121,1,1,http://localhost:8081/users,0,0,0
1763944720302,1,DELETE,200,OK,TESTES 1-59,text,true,,165,211,1,1,http://localhost:8081/users/186,1,0,0
1763944720303,0,Healthcheck,200,OK,TESTES 1-59,text,true,,176,127,1,1,http://localhost:8081/healthcheck,0,0,0
1763944720317,1,Healthcheck,200,OK,TESTES 1-60,text,true,,176,127,2,2,http://localhost:8081/healthcheck,1,0,0
1763944720303,40,POST,201,Created,TESTES 1-59,text,true,,341,376,2,2,http://localhost:8081/users,40,0,0
1763944720343,0,GET ID,200,OK,TESTES 1-59,text,true,,424,125,2,2,http://localhost:8081/users/187,0,0,0
1763944720343,1,PUT,200,OK,TESTES 1-59,text,true,,409,320,2,2,http://localhost:8081/users/187,1,0,0
1763944720344,0,GET,200,OK,TESTES 1-59,text,true,,2940,121,2,2,http://localhost:8081/users,0,0,0
1763944720344,1,DELETE,200,OK,TESTES 1-59,text,true,,165,211,2,2,http://localhost:8081/users/187,1,0,0
1763944720318,41,POST,201,Created,TESTES 1-60,text,true,,341,375,1,1,http://localhost:8081/users,41,0,0
1763944720359,0,GET ID,200,OK,TESTES 1-60,text,true,,424,125,1,1,http://localhost:8081/users/188,0,0,0
1763944720359,1,PUT,200,OK,TESTES 1-60,text,true,,409,320,1,1,http://localhost:8081/users/188,1,0,0
1763944720360,0,GET,200,OK,TESTES 1-60,text,true,,2940,121,1,1,http://localhost:8081/users,0,0,0
1763944720360,1,DELETE,200,OK,TESTES 1-60,text,true,,165,211,1,1,http://localhost:8081/users/188,1,0,0
1763944720361,0,Healthcheck,200,OK,TESTES 1-60,text,true,,176,127,1,1,http://localhost:8081/healthcheck,0,0,0
1763944720361,40,POST,201,Created,TESTES 1-60,text,true,,341,376,1,1,http://localhost:8081/users,40,0,0
1763944720402,0,GET ID,200,OK,TESTES 1-60,text,true,,424,125,1,1,http://localhost:8081/users/189,0,0,0
1763944720402,1,PUT,200,OK,TESTES 1-60,text,true,,408,319,1,1,http://localhost:8081/users/189,1,0,0
1763944720403,0,GET,200,OK,TESTES 1-60,text,true,,2939,121,1,1,http://localhost:8081/users,0,0,0
1763944720403,0,DELETE,200,OK,TESTES 1-60,text,true,,165,211,1,1,http://localhost:8081/users/189,0,0,0
1763944720403,0,Healthcheck,200,OK,TESTES 1-60,text,true,,176,127,1,1,http://localhost:8081/healthcheck,0,0,0
1763944720416,1,Healthcheck,200,OK,TESTES 1-61,text,true,,176,127,2,2,http://localhost:8081/healthcheck,1,0,0
1763944720404,39,POST,201,Created,TESTES 1-60,text,true,,340,375,2,2,http://localhost:8081/users,39,0,0
1763944720443,0,GET ID,200,OK,TESTES 1-60,text,true,,423,125,2,2,http://localhost:8081/users/190,0,0,0
1763944720443,1,PUT,200,OK,TESTES 1-60,text,true,,409,320,2,2,http://localhost:8081/users/190,1,0,0
1763944720444,1,GET,200,OK,TESTES 1-60,text,true,,2940,121,2,2,http://localhost:8081/users,1,0,0
1763944720445,0,DELETE,200,OK,TESTES 1-60,text,true,,165,211,2,2,http://localhost:8081/users/190,0,0,0
1763944720417,41,POST,201,Created,TESTES 1-61,text,true,,341,376,1,1,http://localhost:8081/users,41,0,0
1763944720458,0,GET ID,200,OK,TESTES 1-61,text,true,,424,125,1,1,http://localhost:8081/users/191,0,0,0
1763944720459,0,PUT,200,OK,TESTES 1-61,text,true,,409,320,1,1,http://localhost:8081/users/191,0,0,0
1763944720459,0,GET,200,OK,TESTES 1-61,text,true,,2940,121,1,1,http://localhost:8081/users,0,0,0
1763944720459,1,DELETE,200,OK,TESTES 1-61,text,true,,165,211,1,1,http://localhost:8081/users/191,1,0,0
1763944720460,0,Healthcheck,200,OK,TESTES 1-61,text,true,,176,127,1,1,http://localhost:8081/healthcheck,0,0,0
1763944720460,41,POST,201,Created,TESTES 1-61,text,true,,341,376,1,1,http://localhost:8081/users,41,0,0
1763944720501,0,GET ID,200,OK,TESTES 1-61,text,true,,424,125,1,1,http://localhost:8081/users/192,0,0,0
1763944720501,1,PUT,200,OK,TESTES 1-61,text,true,,409,320,1,1,http://localhost:8081/users/192,1,0,0
1763944720502,0,GET,200,OK,TESTES 1-61,text,true,,2940,121,1,1,http://localhost:8081/users,0,0,0
1763944720502,1,DELETE,200,OK,TESTES 1-61,text,true,,165,211,1,1,http://localhost:8081/users/192,1,0,0
1763944720503,0,Healthcheck,200,OK,TESTES 1-61,text,true,,176,127,1,1,http://localhost:8081/healthcheck,0,0,0
1763944720516,1,Healthcheck,200,OK,TESTES 1-62,text,true,,176,127,2,2,http://localhost:8081/healthcheck,1,0,1
1763944720503,41,POST,201,Created,TESTES 1-61,text,true,,341,376,2,2,http://localhost:8081/users,41,0,0
1763944720544,1,GET ID,200,OK,TESTES 1-61,text,true,,424,125,2,2,http://localhost:8081/users/193,1,0,0
1763944720545,0,PUT,200,OK,TESTES 1-61,text,true,,409,320,2,2,http://localhost:8081/users/193,0,0,0
1763944720545,0,GET,200,OK,TESTES 1-61,text,true,,2940,121,2,2,http://localhost:8081/users,0,0,0
1763944720545,1,DELETE,200,OK,TESTES 1-61,text,true,,165,211,2,2,http://localhost:8081/users/193,1,0,0
1763944720517,39,POST,201,Created,TESTES 1-62,text,true,,341,376,1,1,http://localhost:8081/users,39,0,0
1763944720557,0,GET ID,200,OK,TESTES 1-62,text,true,,424,125,1,1,http://localhost:8081/users/194,0,0,0
1763944720557,1,PUT,200,OK,TESTES 1-62,text,true,,409,320,1,1,http://localhost:8081/users/194,1,0,0
1763944720558,0,GET,200,OK,TESTES 1-62,text,true,,2940,121,1,1,http://localhost:8081/users,0,0,0
1763944720558,0,DELETE,200,OK,TESTES 1-62,text,true,,165,211,1,1,http://localhost:8081/users/194,0,0,0
1763944720558,0,Healthcheck,200,OK,TESTES 1-62,text,true,,176,127,1,1,http://localhost:8081/healthcheck,0,0,0
1763944720558,40,POST,201,Created,TESTES 1-62,text,true,,341,376,1,1,http://localhost:8081/users,40,0,0
1763944720599,0,GET ID,200,OK,TESTES 1-62,text,true,,424,125,1,1,http://localhost:8081/users/195,0,0,0
1763944720599,1,PUT,200,OK,TESTES 1-62,text,true,,409,320,1,1,http://localhost:8081/users/195,1,0,0
1763944720600,0,GET,200,OK,TESTES 1-62,text,true,,2940,121,1,1,http://localhost:8081/users,0,0,0
1763944720600,1,DELETE,200,OK,TESTES 1-62,text,true,,165,211,1,1,http://localhost:8081/users/195,1,0,0
1763944720601,0,Healthcheck,200,OK,TESTES 1-62,text,true,,176,127,1,1,http://localhost:8081/healthcheck,0,0,0
1763944720617,0,Healthcheck,200,OK,TESTES 1-63,text,true,,176,127,2,2,http://localhost:8081/healthcheck,0,0,0
1763944720601,40,POST,201,Created,TESTES 1-62,text,true,,341,376,2,2,http://localhost:8081/users,40,0,0
1763944720641,1,GET ID,200,OK,TESTES 1-62,text,true,,424,125,2,2,http://localhost:8081/users/196,1,0,0
1763944720642,1,PUT,200,OK,TESTES 1-62,text,true,,409,320,2,2,http://localhost:8081/users/196,1,0,0
1763944720643,0,GET,200,OK,TESTES 1-62,text,true,,2940,121,2,2,http://localhost:8081/users,0,0,0
1763944720643,1,DELETE,200,OK,TESTES 1-62,text,true,,165,211,2,2,http://localhost:8081/users/196,1,0,0
1763944720617,41,POST,201,Created,TESTES 1-63,text,true,,341,376,1,1,http://localhost:8081/users,41,0,0
1763944720658,0,GET ID,200,OK,TESTES 1-63,text,true,,424,125,1,1,http://localhost:8081/users/197,0,0,0
1763944720658,1,PUT,200,OK,TESTES 1-63,text,true,,409,320,1,1,http://localhost:8081/users/197,1,0,0
1763944720659,0,GET,200,OK,TESTES 1-63,text,true,,2940,121,1,1,http://localhost:8081/users,0,0,0
1763944720659,1,DELETE,200,OK,TESTES 1-63,text,true,,165,211,1,1,http://localhost:8081/users/197,1,0,0
1763944720660,0,Healthcheck,200,OK,TESTES 1-63,text,true,,176,127,1,1,http://localhost:8081/healthcheck,0,0,0
1763944720660,40,POST,201,Created,TESTES 1-63,text,true,,341,376,1,1,http://localhost:8081/users,40,0,0
1763944720700,0,GET ID,200,OK,TESTES 1-63,text,true,,424,125,1,1,http://localhost:8081/users/198,0,0,0
1763944720700,1,PUT,200,OK,TESTES 1-63,text,true,,409,320,1,1,http://localhost:8081/users/198,1,0,0
1763944720701,0,GET,200,OK,TESTES 1-63,text,true,,2940,121,1,1,http://localhost:8081/users,0,0,0
1763944720701,1,DELETE,200,OK,TESTES 1-63,text,true,,165,211,1,1,http://localhost:8081/users/198,1,0,0
1763944720702,0,Healthcheck,200,OK,TESTES 1-63,text,true,,176,127,1,1,http://localhost:8081/healthcheck,0,0,0
1763944720716,0,Healthcheck,200,OK,TESTES 1-64,text,true,,176,127,2,2,http://localhost:8081/healthcheck,0,0,0
1763944720702,43,POST,201,Created,TESTES 1-63,text,true,,341,375,2,2,http://localhost:8081/users,43,0,0
1763944720745,1,GET ID,200,OK,TESTES 1-63,text,true,,424,125,2,2,http://localhost:8081/users/199,1,0,0
1763944720746,0,PUT,200,OK,TESTES 1-63,text,true,,409,320,2,2,http://localhost:8081/users/199,0,0,0
1763944720746,1,GET,200,OK,TESTES 1-63,text,true,,2940,121,2,2,http://localhost:8081/users,1,0,0
1763944720747,0,DELETE,200,OK,TESTES 1-63,text,true,,165,211,2,2,http://localhost:8081/users/199,0,0,0
1763944720716,40,POST,201,Created,TESTES 1-64,text,true,,341,375,1,1,http://localhost:8081/users,40,0,0
1763944720756,0,GET ID,200,OK,TESTES 1-64,text,true,,424,125,1,1,http://localhost:8081/users/200,0,0,0
1763944720756,1,PUT,200,OK,TESTES 1-64,text,true,,409,320,1,1,http://localhost:8081/users/200,1,0,0
1763944720757,0,GET,200,OK,TESTES 1-64,text,true,,2940,121,1,1,http://localhost:8081/users,0,0,0
1763944720757,1,DELETE,200,OK,TESTES 1-64,text,true,,165,211,1,1,http://localhost:8081/users/200,1,0,0
1763944720758,0,Healthcheck,200,OK,TESTES 1-64,text,true,,176,127,1,1,http://localhost:8081/healthcheck,0,0,0
1763944720758,39,POST,201,Created,TESTES 1-64,text,true,,341,376,1,1,http://localhost:8081/users,39,0,0
1763944720797,1,GET ID,200,OK,TESTES 1-64,text,true,,424,125,1,1,http://localhost:8081/users/201,1,0,0
1763944720798,0,PUT,200,OK,TESTES 1-64,text,true,,409,320,1,1,http://localhost:8081/users/201,0,0,0
1763944720798,1,GET,200,OK,TESTES 1-64,text,true,,2940,121,1,1,http://localhost:8081/users,1,0,0
1763944720799,0,DELETE,200,OK,TESTES 1-64,text,true,,165,211,1,1,http://localhost:8081/users/201,0,0,0
1763944720799,0,Healthcheck,200,OK,TESTES 1-64,text,true,,176,127,1,1,http://localhost:8081/healthcheck,0,0,0
1763944720816,0,Healthcheck,200,OK,TESTES 1-65,text,true,,176,127,2,2,http://localhost:8081/healthcheck,0,0,0
1763944720799,40,POST,201,Created,TESTES 1-64,text,true,,341,376,2,2,http://localhost:8081/users,40,0,0
1763944720839,1,GET ID,200,OK,TESTES 1-64,text,true,,424,125,2,2,http://localhost:8081/users/202,1,0,0
1763944720840,1,PUT,200,OK,TESTES 1-64,text,true,,409,320,2,2,http://localhost:8081/users/202,1,0,0
1763944720841,0,GET,200,OK,TESTES 1-64,text,true,,2940,121,2,2,http://localhost:8081/users,0,0,0
1763944720841,0,DELETE,200,OK,TESTES 1-64,text,true,,165,211,2,2,http://localhost:8081/users/202,0,0,0
1763944720816,41,POST,201,Created,TESTES 1-65,text,true,,341,376,1,1,http://localhost:8081/users,41,0,0
1763944720857,0,GET ID,200,OK,TESTES 1-65,text,true,,424,125,1,1,http://localhost:8081/users/203,0,0,0
1763944720857,1,PUT,200,OK,TESTES 1-65,text,true,,409,320,1,1,http://localhost:8081/users/203,1,0,0
1763944720858,0,GET,200,OK,TESTES 1-65,text,true,,2940,121,1,1,http://localhost:8081/users,0,0,0
1763944720858,0,DELETE,200,OK,TESTES 1-65,text,true,,165,211,1,1,http://localhost:8081/users/203,0,0,0
1763944720858,0,Healthcheck,200,OK,TESTES 1-65,text,true,,176,127,1,1,http://localhost:8081/healthcheck,0,0,0
1763944720859,45,POST,201,Created,TESTES 1-65,text,true,,341,376,1,1,http://localhost:8081/users,45,0,0
1763944720905,0,GET ID,200,OK,TESTES 1-65,text,true,,424,125,1,1,http://localhost:8081/users/204,0,0,0
1763944720905,1,PUT,200,OK,TESTES 1-65,text,true,,408,320,1,1,http://localhost:8081/users/204,1,0,0
1763944720906,0,GET,200,OK,TESTES 1-65,text,true,,2939,121,1,1,http://localhost:8081/users,0,0,0
1763944720906,1,DELETE,200,OK,TESTES 1-65,text,true,,165,211,1,1,http://localhost:8081/users/204,1,0,0
1763944720907,0,Healthcheck,200,OK,TESTES 1-65,text,true,,176,127,1,1,http://localhost:8081/healthcheck,0,0,0
1763944720916,9,Healthcheck,200,OK,TESTES 1-66,text,true,,176,127,2,2,http://localhost:8081/healthcheck,9,0,0
1763944720907,39,POST,201,Created,TESTES 1-65,text,true,,341,375,2,2,http://localhost:8081/users,39,0,0
1763944720946,1,GET ID,200,OK,TESTES 1-65,text,true,,424,125,2,2,http://localhost:8081/users/205,1,0,0
1763944720947,0,PUT,200,OK,TESTES 1-65,text,true,,409,320,2,2,http://localhost:8081/users/205,0,0,0
1763944720947,1,GET,200,OK,TESTES 1-65,text,true,,2940,121,2,2,http://localhost:8081/users,1,0,0
1763944720948,0,DELETE,200,OK,TESTES 1-65,text,true,,165,211,2,2,http://localhost:8081/users/205,0,0,0
1763944720925,40,POST,201,Created,TESTES 1-66,text,true,,341,376,1,1,http://localhost:8081/users,40,0,0
1763944720965,0,GET ID,200,OK,TESTES 1-66,text,true,,424,125,1,1,http://localhost:8081/users/206,0,0,0
1763944720965,1,PUT,200,OK,TESTES 1-66,text,true,,409,320,1,1,http://localhost:8081/users/206,1,0,0
1763944720966,0,GET,200,OK,TESTES 1-66,text,true,,2940,121,1,1,http://localhost:8081/users,0,0,0
1763944720966,1,DELETE,200,OK,TESTES 1-66,text,true,,165,211,1,1,http://localhost:8081/users/206,1,0,0
1763944720967,0,Healthcheck,200,OK,TESTES 1-66,text,true,,176,127,1,1,http://localhost:8081/healthcheck,0,0,0
1763944720967,40,POST,201,Created,TESTES 1-66,text,true,,339,374,1,1,http://localhost:8081/users,40,0,0
1763944721007,0,GET ID,200,OK,TESTES 1-66,text,true,,422,125,1,1,http://localhost:8081/users/207,0,0,0
1763944721007,1,PUT,200,OK,TESTES 1-66,text,true,,408,319,1,1,http://localhost:8081/users/207,1,0,0
1763944721008,0,GET,200,OK,TESTES 1-66,text,true,,2939,121,1,1,http://localhost:8081/users,0,0,0
1763944721008,1,DELETE,200,OK,TESTES 1-66,text,true,,165,211,1,1,http://localhost:8081/users/207,1,0,0
1763944721009,0,Healthcheck,200,OK,TESTES 1-66,text,true,,176,127,1,1,http://localhost:8081/healthcheck,0,0,0
1763944721017,9,Healthcheck,200,OK,TESTES 1-67,text,true,,176,127,2,2,http://localhost:8081/healthcheck,9,0,0
1763944721009,40,POST,201,Created,TESTES 1-66,text,true,,339,374,2,2,http://localhost:8081/users,40,0,0
1763944721049,0,GET ID,200,OK,TESTES 1-66,text,true,,420,125,2,2,http://localhost:8081/users/208,0,0,0
1763944721049,1,PUT,200,OK,TESTES 1-66,text,true,,408,320,2,2,http://localhost:8081/users/208,1,0,0
1763944721050,0,GET,200,OK,TESTES 1-66,text,true,,2939,121,2,2,http://localhost:8081/users,0,0,0
1763944721050,1,DELETE,200,OK,TESTES 1-66,text,true,,165,211,2,2,http://localhost:8081/users/208,1,0,0
1763944721026,39,POST,201,Created,TESTES 1-67,text,true,,340,374,1,1,http://localhost:8081/users,39,0,0
1763944721065,0,GET ID,200,OK,TESTES 1-67,text,true,,423,125,1,1,http://localhost:8081/users/209,0,0,0
1763944721065,1,PUT,200,OK,TESTES 1-67,text,true,,408,319,1,1,http://localhost:8081/users/209,1,0,0
1763944721066,1,GET,200,OK,TESTES 1-67,text,true,,2939,121,1,1,http://localhost:8081/users,1,0,0
1763944721067,0,DELETE,200,OK,TESTES 1-67,text,true,,165,211,1,1,http://localhost:8081/users/209,0,0,0
1763944721067,0,Healthcheck,200,OK,TESTES 1-67,text,true,,176,127,1,1,http://localhost:8081/healthcheck,0,0,0
1763944721067,40,POST,201,Created,TESTES 1-67,text,true,,341,376,1,1,http://localhost:8081/users,40,0,0
1763944721107,1,GET ID,200,OK,TESTES 1-67,text,true,,424,125,1,1,http://localhost:8081/users/210,1,0,0
1763944721108,1,PUT,200,OK,TESTES 1-67,text,true,,409,320,1,1,http://localhost:8081/users/210,1,0,0
1763944721109,0,GET,200,OK,TESTES 1-67,text,true,,2940,121,1,1,http://localhost:8081/users,0,0,0
1763944721109,1,DELETE,200,OK,TESTES 1-67,text,true,,165,211,1,1,http://localhost:8081/users/210,1,0,0
1763944721110,0,Healthcheck,200,OK,TESTES 1-67,text,true,,176,127,1,1,http://localhost:8081/healthcheck,0,0,0
1763944721116,6,Healthcheck,200,OK,TESTES 1-68,text,true,,176,127,2,2,http://localhost:8081/healthcheck,6,0,0
1763944721110,43,POST,201,Created,TESTES 1-67,text,true,,341,376,2,2,http://localhost:8081/users,43,0,0
1763944721153,0,GET ID,200,OK,TESTES 1-67,text,true,,424,125,2,2,http://localhost:8081/users/211,0,0,0
1763944721153,1,PUT,200,OK,TESTES 1-67,text,true,,409,320,2,2,http://localhost:8081/users/211,1,0,0
1763944721154,0,GET,200,OK,TESTES 1-67,text,true,,2940,121,2,2,http://localhost:8081/users,0,0,0
1763944721155,0,DELETE,200,OK,TESTES 1-67,text,true,,165,211,2,2,http://localhost:8081/users/211,0,0,0
1763944721122,41,POST,201,Created,TESTES 1-68,text,true,,341,376,1,1,http://localhost:8081/users,41,0,0
1763944721164,0,GET ID,200,OK,TESTES 1-68,text,true,,424,125,1,1,http://localhost:8081/users/212,0,0,0
1763944721164,0,PUT,200,OK,TESTES 1-68,text,true,,408,319,1,1,http://localhost:8081/users/212,0,0,0
1763944721164,0,GET,200,OK,TESTES 1-68,text,true,,2939,121,1,1,http://localhost:8081/users,0,0,0
1763944721164,1,DELETE,200,OK,TESTES 1-68,text,true,,165,211,1,1,http://localhost:8081/users/212,1,0,0
1763944721165,0,Healthcheck,200,OK,TESTES 1-68,text,true,,176,127,1,1,http://localhost:8081/healthcheck,0,0,0
1763944721165,39,POST,201,Created,TESTES 1-68,text,true,,340,375,1,1,http://localhost:8081/users,39,0,0
1763944721204,1,GET ID,200,OK,TESTES 1-68,text,true,,423,125,1,1,http://localhost:8081/users/213,1,0,0
1763944721205,1,PUT,200,OK,TESTES 1-68,text,true,,409,320,1,1,http://localhost:8081/users/213,1,0,0
1763944721206,0,GET,200,OK,TESTES 1-68,text,true,,2940,121,1,1,http://localhost:8081/users,0,0,0
1763944721206,1,DELETE,200,OK,TESTES 1-68,text,true,,165,211,1,1,http://localhost:8081/users/213,1,0,0
1763944721207,0,Healthcheck,200,OK,TESTES 1-68,text,true,,176,127,1,1,http://localhost:8081/healthcheck,0,0,0
1763944721216,7,Healthcheck,200,OK,TESTES 1-69,text,true,,176,127,2,2,http://localhost:8081/healthcheck,7,0,0
1763944721207,40,POST,201,Created,TESTES 1-68,text,true,,340,375,2,2,http://localhost:8081/users,40,0,0
1763944721247,0,GET ID,200,OK,TESTES 1-68,text,true,,423,125,2,2,http://localhost:8081/users/214,0,0,0
1763944721247,1,PUT,200,OK,TESTES 1-68,text,true,,409,320,2,2,http://localhost:8081/users/214,1,0,0
1763944721248,0,GET,200,OK,TESTES 1-68,text,true,,2940,121,2,2,http://localhost:8081/users,0,0,0
1763944721248,1,DELETE,200,OK,TESTES 1-68,text,true,,165,211,2,2,http://localhost:8081/users/214,1,0,0
1763944721223,40,POST,201,Created,TESTES 1-69,text,true,,340,375,1,1,http://localhost:8081/users,40,0,0
1763944721263,0,GET ID,200,OK,TESTES 1-69,text,true,,423,125,1,1,http://localhost:8081/users/215,0,0,0
1763944721263,1,PUT,200,OK,TESTES 1-69,text,true,,409,320,1,1,http://localhost:8081/users/215,1,0,0
1763944721264,0,GET,200,OK,TESTES 1-69,text,true,,2940,121,1,1,http://localhost:8081/users,0,0,0
1763944721264,0,DELETE,200,OK,TESTES 1-69,text,true,,165,211,1,1,http://localhost:8081/users/215,0,0,0
1763944721265,0,Healthcheck,200,OK,TESTES 1-69,text,true,,176,127,1,1,http://localhost:8081/healthcheck,0,0,0
1763944721265,39,POST,201,Created,TESTES 1-69,text,true,,341,376,1,1,http://localhost:8081/users,39,0,0
1763944721304,1,GET ID,200,OK,TESTES 1-69,text,true,,424,125,1,1,http://localhost:8081/users/216,1,0,0
1763944721305,1,PUT,200,OK,TESTES 1-69,text,true,,409,320,1,1,http://localhost:8081/users/216,1,0,0
1763944721306,0,GET,200,OK,TESTES 1-69,text,true,,2940,121,1,1,http://localhost:8081/users,0,0,0
1763944721306,0,DELETE,200,OK,TESTES 1-69,text,true,,165,211,1,1,http://localhost:8081/users/216,0,0,0
1763944721306,1,Healthcheck,200,OK,TESTES 1-69,text,true,,176,127,1,1,http://localhost:8081/healthcheck,1,0,0
1763944721316,3,Healthcheck,200,OK,TESTES 1-70,text,true,,176,127,2,2,http://localhost:8081/healthcheck,3,0,1
1763944721307,40,POST,201,Created,TESTES 1-69,text,true,,341,376,2,2,http://localhost:8081/users,40,0,0
1763944721347,0,GET ID,200,OK,TESTES 1-69,text,true,,424,125,2,2,http://localhost:8081/users/217,0,0,0
1763944721347,1,PUT,200,OK,TESTES 1-69,text,true,,409,320,2,2,http://localhost:8081/users/217,1,0,0
1763944721348,0,GET,200,OK,TESTES 1-69,text,true,,2940,121,2,2,http://localhost:8081/users,0,0,0
1763944721348,1,DELETE,200,OK,TESTES 1-69,text,true,,165,211,2,2,http://localhost:8081/users/217,1,0,0
1763944721319,40,POST,201,Created,TESTES 1-70,text,true,,340,375,1,1,http://localhost:8081/users,40,0,0
1763944721360,0,GET ID,200,OK,TESTES 1-70,text,true,,421,125,1,1,http://localhost:8081/users/218,0,0,0
1763944721360,1,PUT,200,OK,TESTES 1-70,text,true,,408,320,1,1,http://localhost:8081/users/218,1,0,0
1763944721361,0,GET,200,OK,TESTES 1-70,text,true,,2939,121,1,1,http://localhost:8081/users,0,0,0
1763944721361,0,DELETE,200,OK,TESTES 1-70,text,true,,165,211,1,1,http://localhost:8081/users/218,0,0,0
1763944721361,0,Healthcheck,200,OK,TESTES 1-70,text,true,,176,127,1,1,http://localhost:8081/healthcheck,0,0,0
1763944721361,40,POST,201,Created,TESTES 1-70,text,true,,341,376,1,1,http://localhost:8081/users,40,0,0
1763944721401,0,GET ID,200,OK,TESTES 1-70,text,true,,424,125,1,1,http://localhost:8081/users/219,0,0,0
1763944721401,1,PUT,200,OK,TESTES 1-70,text,true,,408,319,1,1,http://localhost:8081/users/219,1,0,0
1763944721402,1,GET,200,OK,TESTES 1-70,text,true,,2939,121,1,1,http://localhost:8081/users,1,0,0
1763944721403,0,DELETE,200,OK,TESTES 1-70,text,true,,165,211,1,1,http://localhost:8081/users/219,0,0,0
1763944721403,1,Healthcheck,200,OK,TESTES 1-70,text,true,,176,127,1,1,http://localhost:8081/healthcheck,1,0,0
1763944721417,3,Healthcheck,200,OK,TESTES 1-71,text,true,,176,127,2,2,http://localhost:8081/healthcheck,3,0,0
1763944721404,40,POST,201,Created,TESTES 1-70,text,true,,341,376,2,2,http://localhost:8081/users,40,0,0
1763944721444,0,GET ID,200,OK,TESTES 1-70,text,true,,424,125,2,2,http://localhost:8081/users/220,0,0,0
1763944721444,1,PUT,200,OK,TESTES 1-70,text,true,,409,320,2,2,http://localhost:8081/users/220,1,0,0
1763944721445,0,GET,200,OK,TESTES 1-70,text,true,,2940,121,2,2,http://localhost:8081/users,0,0,0
1763944721445,1,DELETE,200,OK,TESTES 1-70,text,true,,165,211,2,2,http://localhost:8081/users/220,1,0,0
1763944721420,40,POST,201,Created,TESTES 1-71,text,true,,341,376,1,1,http://localhost:8081/users,40,0,0
1763944721460,1,GET ID,200,OK,TESTES 1-71,text,true,,422,125,1,1,http://localhost:8081/users/221,1,0,0
1763944721461,0,PUT,200,OK,TESTES 1-71,text,true,,407,319,1,1,http://localhost:8081/users/221,0,0,0
1763944721461,1,GET,200,OK,TESTES 1-71,text,true,,2938,121,1,1,http://localhost:8081/users,1,0,0
1763944721462,0,DELETE,200,OK,TESTES 1-71,text,true,,165,211,1,1,http://localhost:8081/users/221,0,0,0
1763944721462,0,Healthcheck,200,OK,TESTES 1-71,text,true,,176,127,1,1,http://localhost:8081/healthcheck,0,0,0
1763944721462,41,POST,201,Created,TESTES 1-71,text,true,,341,376,1,1,http://localhost:8081/users,41,0,0
1763944721503,0,GET ID,200,OK,TESTES 1-71,text,true,,424,125,1,1,http://localhost:8081/users/222,0,0,0
1763944721503,1,PUT,200,OK,TESTES 1-71,text,true,,409,320,1,1,http://localhost:8081/users/222,1,0,0
1763944721504,0,GET,200,OK,TESTES 1-71,text,true,,2940,121,1,1,http://localhost:8081/users,0,0,0
1763944721504,1,DELETE,200,OK,TESTES 1-71,text,true,,165,211,1,1,http://localhost:8081/users/222,1,0,0
1763944721505,0,Healthcheck,200,OK,TESTES 1-71,text,true,,176,127,1,1,http://localhost:8081/healthcheck,0,0,0
1763944721516,1,Healthcheck,200,OK,TESTES 1-72,text,true,,176,127,2,2,http://localhost:8081/healthcheck,1,0,0
1763944721505,39,POST,201,Created,TESTES 1-71,text,true,,340,375,2,2,http://localhost:8081/users,39,0,0
1763944721544,1,GET ID,200,OK,TESTES 1-71,text,true,,423,125,2,2,http://localhost:8081/users/223,1,0,0
1763944721545,0,PUT,200,OK,TESTES 1-71,text,true,,407,318,2,2,http://localhost:8081/users/223,0,0,0
1763944721545,0,GET,200,OK,TESTES 1-71,text,true,,2938,121,2,2,http://localhost:8081/users,0,0,0
1763944721545,1,DELETE,200,OK,TESTES 1-71,text,true,,165,211,2,2,http://localhost:8081/users/223,1,0,0
1763944721517,39,POST,201,Created,TESTES 1-72,text,true,,341,376,1,1,http://localhost:8081/users,39,0,0
1763944721557,0,GET ID,200,OK,TESTES 1-72,text,true,,424,125,1,1,http://localhost:8081/users/224,0,0,0
1763944721557,1,PUT,200,OK,TESTES 1-72,text,true,,409,320,1,1,http://localhost:8081/users/224,1,0,0
1763944721558,0,GET,200,OK,TESTES 1-72,text,true,,2940,121,1,1,http://localhost:8081/users,0,0,0
1763944721558,0,DELETE,200,OK,TESTES 1-72,text,true,,165,211,1,1,http://localhost:8081/users/224,0,0,0
1763944721558,0,Healthcheck,200,OK,TESTES 1-72,text,true,,176,127,1,1,http://localhost:8081/healthcheck,0,0,0
1763944721558,40,POST,201,Created,TESTES 1-72,text,true,,341,376,1,1,http://localhost:8081/users,40,0,0
1763944721598,0,GET ID,200,OK,TESTES 1-72,text,true,,424,125,1,1,http://localhost:8081/users/225,0,0,0
1763944721598,1,PUT,200,OK,TESTES 1-72,text,true,,409,320,1,1,http://localhost:8081/users/225,1,0,0
1763944721599,0,GET,200,OK,TESTES 1-72,text,true,,2940,121,1,1,http://localhost:8081/users,0,0,0
1763944721599,1,DELETE,200,OK,TESTES 1-72,text,true,,165,211,1,1,http://localhost:8081/users/225,1,0,0
1763944721600,0,Healthcheck,200,OK,TESTES 1-72,text,true,,176,127,1,1,http://localhost:8081/healthcheck,0,0,0
1763944721616,0,Healthcheck,200,OK,TESTES 1-73,text,true,,176,127,2,2,http://localhost:8081/healthcheck,0,0,0
1763944721600,39,POST,201,Created,TESTES 1-72,text,true,,341,376,2,2,http://localhost:8081/users,39,0,0
1763944721639,1,GET ID,200,OK,TESTES 1-72,text,true,,424,125,2,2,http://localhost:8081/users/226,1,0,0
1763944721640,0,PUT,200,OK,TESTES 1-72,text,true,,409,320,2,2,http://localhost:8081/users/226,0,0,0
1763944721640,1,GET,200,OK,TESTES 1-72,text,true,,2940,121,2,2,http://localhost:8081/users,1,0,0
1763944721641,0,DELETE,200,OK,TESTES 1-72,text,true,,165,211,2,2,http://localhost:8081/users/226,0,0,0
1763944721616,40,POST,201,Created,TESTES 1-73,text,true,,339,374,1,1,http://localhost:8081/users,40,0,0
1763944721656,0,GET ID,200,OK,TESTES 1-73,text,true,,422,125,1,1,http://localhost:8081/users/227,0,0,0
1763944721656,1,PUT,200,OK,TESTES 1-73,text,true,,409,320,1,1,http://localhost:8081/users/227,1,0,0
1763944721657,0,GET,200,OK,TESTES 1-73,text,true,,2940,121,1,1,http://localhost:8081/users,0,0,0
1763944721657,0,DELETE,200,OK,TESTES 1-73,text,true,,165,211,1,1,http://localhost:8081/users/227,0,0,0
1763944721657,0,Healthcheck,200,OK,TESTES 1-73,text,true,,176,127,1,1,http://localhost:8081/healthcheck,0,0,0
1763944721658,39,POST,201,Created,TESTES 1-73,text,true,,341,376,1,1,http://localhost:8081/users,39,0,0
1763944721697,1,GET ID,200,OK,TESTES 1-73,text,true,,424,125,1,1,http://localhost:8081/users/228,1,0,0
1763944721698,1,PUT,200,OK,TESTES 1-73,text,true,,409,320,1,1,http://localhost:8081/users/228,1,0,0
1763944721699,0,GET,200,OK,TESTES 1-73,text,true,,2940,121,1,1,http://localhost:8081/users,0,0,0
1763944721699,1,DELETE,200,OK,TESTES 1-73,text,true,,165,211,1,1,http://localhost:8081/users/228,1,0,0
1763944721700,0,Healthcheck,200,OK,TESTES 1-73,text,true,,176,127,1,1,http://localhost:8081/healthcheck,0,0,0
1763944721716,0,Healthcheck,200,OK,TESTES 1-74,text,true,,176,127,2,2,http://localhost:8081/healthcheck,0,0,0
1763944721700,40,POST,201,Created,TESTES 1-73,text,true,,339,374,2,2,http://localhost:8081/users,40,0,0
1763944721740,0,GET ID,200,OK,TESTES 1-73,text,true,,422,125,2,2,http://localhost:8081/users/229,0,0,0
1763944721740,1,PUT,200,OK,TESTES 1-73,text,true,,408,320,2,2,http://localhost:8081/users/229,1,0,0
1763944721741,0,GET,200,OK,TESTES 1-73,text,true,,2939,121,2,2,http://localhost:8081/users,0,0,0
1763944721741,1,DELETE,200,OK,TESTES 1-73,text,true,,165,211,2,2,http://localhost:8081/users/229,1,0,0
1763944721716,40,POST,201,Created,TESTES 1-74,text,true,,341,375,1,1,http://localhost:8081/users,40,0,0
1763944721756,1,GET ID,200,OK,TESTES 1-74,text,true,,424,125,1,1,http://localhost:8081/users/230,1,0,0
1763944721757,0,PUT,200,OK,TESTES 1-74,text,true,,409,320,1,1,http://localhost:8081/users/230,0,0,0
1763944721757,0,GET,200,OK,TESTES 1-74,text,true,,2940,121,1,1,http://localhost:8081/users,0,0,0
1763944721757,1,DELETE,200,OK,TESTES 1-74,text,true,,165,211,1,1,http://localhost:8081/users/230,1,0,0
1763944721758,0,Healthcheck,200,OK,TESTES 1-74,text,true,,176,127,1,1,http://localhost:8081/healthcheck,0,0,0
1763944721758,40,POST,201,Created,TESTES 1-74,text,true,,339,374,1,1,http://localhost:8081/users,40,0,0
1763944721798,1,GET ID,200,OK,TESTES 1-74,text,true,,422,125,1,1,http://localhost:8081/users/231,1,0,0
1763944721799,1,PUT,200,OK,TESTES 1-74,text,true,,409,320,1,1,http://localhost:8081/users/231,1,0,0
1763944721800,0,GET,200,OK,TESTES 1-74,text,true,,2940,121,1,1,http://localhost:8081/users,0,0,0
1763944721800,1,DELETE,200,OK,TESTES 1-74,text,true,,165,211,1,1,http://localhost:8081/users/231,1,0,0
1763944721801,0,Healthcheck,200,OK,TESTES 1-74,text,true,,176,127,1,1,http://localhost:8081/healthcheck,0,0,0
1763944721817,0,Healthcheck,200,OK,TESTES 1-75,text,true,,176,127,2,2,http://localhost:8081/healthcheck,0,0,0
1763944721801,39,POST,201,Created,TESTES 1-74,text,true,,341,376,2,2,http://localhost:8081/users,39,0,0
1763944721840,0,GET ID,200,OK,TESTES 1-74,text,true,,424,125,2,2,http://localhost:8081/users/232,0,0,0
1763944721841,0,PUT,200,OK,TESTES 1-74,text,true,,409,320,2,2,http://localhost:8081/users/232,0,0,0
1763944721841,0,GET,200,OK,TESTES 1-74,text,true,,2940,121,2,2,http://localhost:8081/users,0,0,0
1763944721841,1,DELETE,200,OK,TESTES 1-74,text,true,,165,211,2,2,http://localhost:8081/users/232,1,0,0
1763944721818,39,POST,201,Created,TESTES 1-75,text,true,,341,376,1,1,http://localhost:8081/users,39,0,0
1763944721857,1,GET ID,200,OK,TESTES 1-75,text,true,,424,125,1,1,http://localhost:8081/users/233,1,0,0
1763944721858,0,PUT,200,OK,TESTES 1-75,text,true,,409,320,1,1,http://localhost:8081/users/233,0,0,0
1763944721858,0,GET,200,OK,TESTES 1-75,text,true,,2940,121,1,1,http://localhost:8081/users,0,0,0
1763944721858,1,DELETE,200,OK,TESTES 1-75,text,true,,165,211,1,1,http://localhost:8081/users/233,1,0,0
1763944721859,0,Healthcheck,200,OK,TESTES 1-75,text,true,,176,127,1,1,http://localhost:8081/healthcheck,0,0,0
1763944721859,40,POST,201,Created,TESTES 1-75,text,true,,341,376,1,1,http://localhost:8081/users,40,0,0
1763944721899,0,GET ID,200,OK,TESTES 1-75,text,true,,424,125,1,1,http://localhost:8081/users/234,0,0,0
1763944721899,1,PUT,200,OK,TESTES 1-75,text,true,,409,320,1,1,http://localhost:8081/users/234,1,0,0
1763944721900,0,GET,200,OK,TESTES 1-75,text,true,,2940,121,1,1,http://localhost:8081/users,0,0,0
1763944721900,0,DELETE,200,OK,TESTES 1-75,text,true,,165,211,1,1,http://localhost:8081/users/234,0,0,0
1763944721900,1,Healthcheck,200,OK,TESTES 1-75,text,true,,176,127,1,1,http://localhost:8081/healthcheck,1,0,0
1763944721916,1,Healthcheck,200,OK,TESTES 1-76,text,true,,176,127,2,2,http://localhost:8081/healthcheck,1,0,0
1763944721901,39,POST,201,Created,TESTES 1-75,text,true,,340,375,2,2,http://localhost:8081/users,39,0,0
1763944721941,0,GET ID,200,OK,TESTES 1-75,text,true,,423,125,2,2,http://localhost:8081/users/235,0,0,0
1763944721941,1,PUT,200,OK,TESTES 1-75,text,true,,409,320,2,2,http://localhost:8081/users/235,1,0,0
1763944721942,0,GET,200,OK,TESTES 1-75,text,true,,2940,121,2,2,http://localhost:8081/users,0,0,0
1763944721942,1,DELETE,200,OK,TESTES 1-75,text,true,,165,211,2,2,http://localhost:8081/users/235,1,0,0
1763944721917,39,POST,201,Created,TESTES 1-76,text,true,,341,376,1,1,http://localhost:8081/users,39,0,0
1763944721956,0,GET ID,200,OK,TESTES 1-76,text,true,,424,125,1,1,http://localhost:8081/users/236,0,0,0
1763944721956,1,PUT,200,OK,TESTES 1-76,text,true,,409,320,1,1,http://localhost:8081/users/236,1,0,0
1763944721957,0,GET,200,OK,TESTES 1-76,text,true,,2940,121,1,1,http://localhost:8081/users,0,0,0
1763944721957,0,DELETE,200,OK,TESTES 1-76,text,true,,165,211,1,1,http://localhost:8081/users/236,0,0,0
1763944721957,1,Healthcheck,200,OK,TESTES 1-76,text,true,,176,127,1,1,http://localhost:8081/healthcheck,1,0,0
1763944721958,39,POST,201,Created,TESTES 1-76,text,true,,341,376,1,1,http://localhost:8081/users,39,0,0
1763944721997,1,GET ID,200,OK,TESTES 1-76,text,true,,424,125,1,1,http://localhost:8081/users/237,1,0,0
1763944721998,1,PUT,200,OK,TESTES 1-76,text,true,,408,320,1,1,http://localhost:8081/users/237,1,0,0
1763944721999,0,GET,200,OK,TESTES 1-76,text,true,,2939,121,1,1,http://localhost:8081/users,0,0,0
1763944721999,1,DELETE,200,OK,TESTES 1-76,text,true,,165,211,1,1,http://localhost:8081/users/237,1,0,0
1763944722000,0,Healthcheck,200,OK,TESTES 1-76,text,true,,176,127,1,1,http://localhost:8081/healthcheck,0,0,0
1763944722016,1,Healthcheck,200,OK,TESTES 1-77,text,true,,176,127,2,2,http://localhost:8081/healthcheck,1,0,0
1763944722000,40,POST,201,Created,TESTES 1-76,text,true,,341,376,2,2,http://localhost:8081/users,40,0,0
1763944722040,0,GET ID,200,OK,TESTES 1-76,text,true,,424,125,2,2,http://localhost:8081/users/238,0,0,0
1763944722040,1,PUT,200,OK,TESTES 1-76,text,true,,409,320,2,2,http://localhost:8081/users/238,1,0,0
1763944722041,0,GET,200,OK,TESTES 1-76,text,true,,2940,121,2,2,http://localhost:8081/users,0,0,0
1763944722042,0,DELETE,200,OK,TESTES 1-76,text,true,,165,211,2,2,http://localhost:8081/users/238,0,0,0
1763944722017,39,POST,201,Created,TESTES 1-77,text,true,,341,376,1,1,http://localhost:8081/users,39,0,0
1763944722056,0,GET ID,200,OK,TESTES 1-77,text,true,,424,125,1,1,http://localhost:8081/users/239,0,0,0
1763944722056,1,PUT,200,OK,TESTES 1-77,text,true,,409,320,1,1,http://localhost:8081/users/239,1,0,0
1763944722057,0,GET,200,OK,TESTES 1-77,text,true,,2940,121,1,1,http://localhost:8081/users,0,0,0
1763944722057,1,DELETE,200,OK,TESTES 1-77,text,true,,165,211,1,1,http://localhost:8081/users/239,1,0,0
1763944722058,0,Healthcheck,200,OK,TESTES 1-77,text,true,,176,127,1,1,http://localhost:8081/healthcheck,0,0,0
1763944722058,40,POST,201,Created,TESTES 1-77,text,true,,341,376,1,1,http://localhost:8081/users,40,0,0
1763944722098,0,GET ID,200,OK,TESTES 1-77,text,true,,424,125,1,1,http://localhost:8081/users/240,0,0,0
1763944722098,1,PUT,200,OK,TESTES 1-77,text,true,,408,319,1,1,http://localhost:8081/users/240,1,0,0
1763944722099,0,GET,200,OK,TESTES 1-77,text,true,,2939,121,1,1,http://localhost:8081/users,0,0,0
1763944722099,1,DELETE,200,OK,TESTES 1-77,text,true,,165,211,1,1,http://localhost:8081/users/240,1,0,0
1763944722100,0,Healthcheck,200,OK,TESTES 1-77,text,true,,176,127,1,1,http://localhost:8081/healthcheck,0,0,0
1763944722116,1,Healthcheck,200,OK,TESTES 1-78,text,true,,176,127,2,2,http://localhost:8081/healthcheck,1,0,1
1763944722100,39,POST,201,Created,TESTES 1-77,text,true,,341,376,2,2,http://localhost:8081/users,39,0,0
1763944722139,1,GET ID,200,OK,TESTES 1-77,text,true,,424,125,2,2,http://localhost:8081/users/241,1,0,0
1763944722140,0,PUT,200,OK,TESTES 1-77,text,true,,409,320,2,2,http://localhost:8081/users/241,0,0,0
1763944722140,1,GET,200,OK,TESTES 1-77,text,true,,2940,121,2,2,http://localhost:8081/users,1,0,0
1763944722141,0,DELETE,200,OK,TESTES 1-77,text,true,,165,211,2,2,http://localhost:8081/users/241,0,0,0
1763944722117,40,POST,201,Created,TESTES 1-78,text,true,,341,376,1,1,http://localhost:8081/users,40,0,0
1763944722157,1,GET ID,200,OK,TESTES 1-78,text,true,,422,125,1,1,http://localhost:8081/users/242,1,0,0
1763944722158,0,PUT,200,OK,TESTES 1-78,text,true,,407,319,1,1,http://localhost:8081/users/242,0,0,0
1763944722158,1,GET,200,OK,TESTES 1-78,text,true,,2938,121,1,1,http://localhost:8081/users,1,0,0
1763944722159,0,DELETE,200,OK,TESTES 1-78,text,true,,165,211,1,1,http://localhost:8081/users/242,0,0,0
1763944722159,0,Healthcheck,200,OK,TESTES 1-78,text,true,,176,127,1,1,http://localhost:8081/healthcheck,0,0,0
1763944722159,41,POST,201,Created,TESTES 1-78,text,true,,341,376,1,1,http://localhost:8081/users,41,0,0
1763944722200,0,GET ID,200,OK,TESTES 1-78,text,true,,424,125,1,1,http://localhost:8081/users/243,0,0,0
1763944722200,1,PUT,200,OK,TESTES 1-78,text,true,,409,320,1,1,http://localhost:8081/users/243,1,0,0
1763944722201,0,GET,200,OK,TESTES 1-78,text,true,,2940,121,1,1,http://localhost:8081/users,0,0,0
1763944722201,1,DELETE,200,OK,TESTES 1-78,text,true,,165,211,1,1,http://localhost:8081/users/243,1,0,0
1763944722202,0,Healthcheck,200,OK,TESTES 1-78,text,true,,176,127,1,1,http://localhost:8081/healthcheck,0,0,0
1763944722217,0,Healthcheck,200,OK,TESTES 1-79,text,true,,176,127,2,2,http://localhost:8081/healthcheck,0,0,0
1763944722202,40,POST,201,Created,TESTES 1-78,text,true,,341,376,2,2,http://localhost:8081/users,40,0,0
1763944722242,0,GET ID,200,OK,TESTES 1-78,text,true,,424,125,2,2,http://localhost:8081/users/244,0,0,0
1763944722242,1,PUT,200,OK,TESTES 1-78,text,true,,409,320,2,2,http://localhost:8081/users/244,1,0,0
1763944722243,0,GET,200,OK,TESTES 1-78,text,true,,2940,121,2,2,http://localhost:8081/users,0,0,0
1763944722243,1,DELETE,200,OK,TESTES 1-78,text,true,,165,211,2,2,http://localhost:8081/users/244,1,0,0
1763944722217,40,POST,201,Created,TESTES 1-79,text,true,,340,375,1,1,http://localhost:8081/users,40,0,0
1763944722257,0,GET ID,200,OK,TESTES 1-79,text,true,,423,125,1,1,http://localhost:8081/users/245,0,0,0
1763944722257,0,PUT,200,OK,TESTES 1-79,text,true,,409,320,1,1,http://localhost:8081/users/245,0,0,0
1763944722257,1,GET,200,OK,TESTES 1-79,text,true,,2940,121,1,1,http://localhost:8081/users,1,0,0
1763944722258,0,DELETE,200,OK,TESTES 1-79,text,true,,165,211,1,1,http://localhost:8081/users/245,0,0,0
1763944722258,1,Healthcheck,200,OK,TESTES 1-79,text,true,,176,127,1,1,http://localhost:8081/healthcheck,1,0,0
1763944722259,39,POST,201,Created,TESTES 1-79,text,true,,341,376,1,1,http://localhost:8081/users,39,0,0
1763944722298,1,GET ID,200,OK,TESTES 1-79,text,true,,424,125,1,1,http://localhost:8081/users/246,1,0,0
1763944722299,1,PUT,200,OK,TESTES 1-79,text,true,,409,320,1,1,http://localhost:8081/users/246,1,0,0
1763944722300,0,GET,200,OK,TESTES 1-79,text,true,,2940,121,1,1,http://localhost:8081/users,0,0,0
1763944722300,1,DELETE,200,OK,TESTES 1-79,text,true,,165,211,1,1,http://localhost:8081/users/246,1,0,0
1763944722301,0,Healthcheck,200,OK,TESTES 1-79,text,true,,176,127,1,1,http://localhost:8081/healthcheck,0,0,0
1763944722316,1,Healthcheck,200,OK,TESTES 1-80,text,true,,176,127,2,2,http://localhost:8081/healthcheck,1,0,0
1763944722301,39,POST,201,Created,TESTES 1-79,text,true,,341,376,2,2,http://localhost:8081/users,39,0,0
1763944722341,0,GET ID,200,OK,TESTES 1-79,text,true,,424,125,2,2,http://localhost:8081/users/247,0,0,0
1763944722341,1,PUT,200,OK,TESTES 1-79,text,true,,409,320,2,2,http://localhost:8081/users/247,1,0,0
1763944722342,0,GET,200,OK,TESTES 1-79,text,true,,2940,121,2,2,http://localhost:8081/users,0,0,0
1763944722342,0,DELETE,200,OK,TESTES 1-79,text,true,,165,211,2,2,http://localhost:8081/users/247,0,0,0
1763944722317,40,POST,201,Created,TESTES 1-80,text,true,,341,376,1,1,http://localhost:8081/users,40,0,0
1763944722357,0,GET ID,200,OK,TESTES 1-80,text,true,,424,125,1,1,http://localhost:8081/users/248,0,0,0
1763944722357,1,PUT,200,OK,TESTES 1-80,text,true,,408,319,1,1,http://localhost:8081/users/248,1,0,0
1763944722358,0,GET,200,OK,TESTES 1-80,text,true,,2939,121,1,1,http://localhost:8081/users,0,0,0
1763944722358,0,DELETE,200,OK,TESTES 1-80,text,true,,165,211,1,1,http://localhost:8081/users/248,0,0,0
1763944722358,0,Healthcheck,200,OK,TESTES 1-80,text,true,,176,127,1,1,http://localhost:8081/healthcheck,0,0,0
1763944722358,40,POST,201,Created,TESTES 1-80,text,true,,341,375,1,1,http://localhost:8081/users,40,0,0
1763944722398,0,GET ID,200,OK,TESTES 1-80,text,true,,422,125,1,1,http://localhost:8081/users/249,0,0,0
1763944722399,0,PUT,200,OK,TESTES 1-80,text,true,,408,320,1,1,http://localhost:8081/users/249,0,0,0
1763944722399,1,GET,200,OK,TESTES 1-80,text,true,,2939,121,1,1,http://localhost:8081/users,1,0,0
1763944722400,0,DELETE,200,OK,TESTES 1-80,text,true,,165,211,1,1,http://localhost:8081/users/249,0,0,0
1763944722400,0,Healthcheck,200,OK,TESTES 1-80,text,true,,176,127,1,1,http://localhost:8081/healthcheck,0,0,0
1763944722416,2,Healthcheck,200,OK,TESTES 1-81,text,true,,176,127,2,2,http://localhost:8081/healthcheck,2,0,0
1763944722401,39,POST,201,Created,TESTES 1-80,text,true,,341,376,2,2,http://localhost:8081/users,39,0,0
1763944722440,0,GET ID,200,OK,TESTES 1-80,text,true,,424,125,2,2,http://localhost:8081/users/250,0,0,0
1763944722440,1,PUT,200,OK,TESTES 1-80,text,true,,409,320,2,2,http://localhost:8081/users/250,1,0,0
1763944722441,0,GET,200,OK,TESTES 1-80,text,true,,2940,121,2,2,http://localhost:8081/users,0,0,0
1763944722441,0,DELETE,200,OK,TESTES 1-80,text,true,,165,211,2,2,http://localhost:8081/users/250,0,0,0
1763944722418,41,POST,201,Created,TESTES 1-81,text,true,,341,376,1,1,http://localhost:8081/users,41,0,0
1763944722459,0,GET ID,200,OK,TESTES 1-81,text,true,,424,125,1,1,http://localhost:8081/users/251,0,0,0
1763944722459,1,PUT,200,OK,TESTES 1-81,text,true,,409,320,1,1,http://localhost:8081/users/251,1,0,0
1763944722460,0,GET,200,OK,TESTES 1-81,text,true,,2940,121,1,1,http://localhost:8081/users,0,0,0
1763944722460,1,DELETE,200,OK,TESTES 1-81,text,true,,165,211,1,1,http://localhost:8081/users/251,1,0,0
1763944722461,0,Healthcheck,200,OK,TESTES 1-81,text,true,,176,127,1,1,http://localhost:8081/healthcheck,0,0,0
1763944722461,40,POST,201,Created,TESTES 1-81,text,true,,340,375,1,1,http://localhost:8081/users,40,0,0
1763944722501,0,GET ID,200,OK,TESTES 1-81,text,true,,423,125,1,1,http://localhost:8081/users/252,0,0,0
1763944722502,0,PUT,200,OK,TESTES 1-81,text,true,,408,319,1,1,http://localhost:8081/users/252,0,0,0
1763944722502,0,GET,200,OK,TESTES 1-81,text,true,,2939,121,1,1,http://localhost:8081/users,0,0,0
1763944722502,1,DELETE,200,OK,TESTES 1-81,text,true,,165,211,1,1,http://localhost:8081/users/252,1,0,0
1763944722503,0,Healthcheck,200,OK,TESTES 1-81,text,true,,176,127,1,1,http://localhost:8081/healthcheck,0,0,0
1763944722516,1,Healthcheck,200,OK,TESTES 1-82,text,true,,176,127,2,2,http://localhost:8081/healthcheck,1,0,0
1763944722503,46,POST,201,Created,TESTES 1-81,text,true,,341,376,2,2,http://localhost:8081/users,46,0,0
1763944722549,1,GET ID,200,OK,TESTES 1-81,text,true,,424,125,2,2,http://localhost:8081/users/253,1,0,0
1763944722550,0,PUT,200,OK,TESTES 1-81,text,true,,409,320,2,2,http://localhost:8081/users/253,0,0,0
1763944722550,0,GET,200,OK,TESTES 1-81,text,true,,2940,121,2,2,http://localhost:8081/users,0,0,0
1763944722550,1,DELETE,200,OK,TESTES 1-81,text,true,,165,211,2,2,http://localhost:8081/users/253,1,0,0
1763944722517,43,POST,201,Created,TESTES 1-82,text,true,,341,376,1,1,http://localhost:8081/users,43,0,0
1763944722560,1,GET ID,200,OK,TESTES 1-82,text,true,,424,125,1,1,http://localhost:8081/users/254,1,0,0
1763944722561,0,PUT,200,OK,TESTES 1-82,text,true,,409,320,1,1,http://localhost:8081/users/254,0,0,0
1763944722561,1,GET,200,OK,TESTES 1-82,text,true,,2940,121,1,1,http://localhost:8081/users,1,0,0
1763944722562,0,DELETE,200,OK,TESTES 1-82,text,true,,165,211,1,1,http://localhost:8081/users/254,0,0,0
1763944722562,0,Healthcheck,200,OK,TESTES 1-82,text,true,,176,127,1,1,http://localhost:8081/healthcheck,0,0,0
1763944722562,42,POST,201,Created,TESTES 1-82,text,true,,341,376,1,1,http://localhost:8081/users,42,0,0
1763944722604,0,GET ID,200,OK,TESTES 1-82,text,true,,422,125,1,1,http://localhost:8081/users/255,0,0,0
1763944722604,1,PUT,200,OK,TESTES 1-82,text,true,,408,320,1,1,http://localhost:8081/users/255,1,0,0
1763944722605,0,GET,200,OK,TESTES 1-82,text,true,,2939,121,1,1,http://localhost:8081/users,0,0,0
1763944722605,0,DELETE,200,OK,TESTES 1-82,text,true,,165,211,1,1,http://localhost:8081/users/255,0,0,0
1763944722605,1,Healthcheck,200,OK,TESTES 1-82,text,true,,176,127,1,1,http://localhost:8081/healthcheck,1,0,0
1763944722616,3,Healthcheck,200,OK,TESTES 1-83,text,true,,176,127,2,2,http://localhost:8081/healthcheck,3,0,0
1763944722606,42,POST,201,Created,TESTES 1-82,text,true,,341,376,2,2,http://localhost:8081/users,42,0,0
1763944722648,1,GET ID,200,OK,TESTES 1-82,text,true,,424,125,2,2,http://localhost:8081/users/256,1,0,0
1763944722649,0,PUT,200,OK,TESTES 1-82,text,true,,409,320,2,2,http://localhost:8081/users/256,0,0,0
1763944722649,1,GET,200,OK,TESTES 1-82,text,true,,2940,121,2,2,http://localhost:8081/users,1,0,0
1763944722650,0,DELETE,200,OK,TESTES 1-82,text,true,,165,211,2,2,http://localhost:8081/users/256,0,0,0
1763944722619,43,POST,201,Created,TESTES 1-83,text,true,,341,376,1,1,http://localhost:8081/users,43,0,0
1763944722662,0,GET ID,200,OK,TESTES 1-83,text,true,,424,125,1,1,http://localhost:8081/users/257,0,0,0
1763944722662,1,PUT,200,OK,TESTES 1-83,text,true,,408,319,1,1,http://localhost:8081/users/257,1,0,0
1763944722663,0,GET,200,OK,TESTES 1-83,text,true,,2939,121,1,1,http://localhost:8081/users,0,0,0
1763944722663,1,DELETE,200,OK,TESTES 1-83,text,true,,165,211,1,1,http://localhost:8081/users/257,1,0,0
1763944722664,0,Healthcheck,200,OK,TESTES 1-83,text,true,,176,127,1,1,http://localhost:8081/healthcheck,0,0,0
1763944722664,42,POST,201,Created,TESTES 1-83,text,true,,341,376,1,1,http://localhost:8081/users,42,0,0
1763944722706,0,GET ID,200,OK,TESTES 1-83,text,true,,424,125,1,1,http://localhost:8081/users/258,0,0,0
1763944722707,0,PUT,200,OK,TESTES 1-83,text,true,,409,320,1,1,http://localhost:8081/users/258,0,0,0
1763944722707,1,GET,200,OK,TESTES 1-83,text,true,,2940,121,1,1,http://localhost:8081/users,1,0,0
1763944722708,1,DELETE,200,OK,TESTES 1-83,text,true,,165,211,1,1,http://localhost:8081/users/258,1,0,0
1763944722709,0,Healthcheck,200,OK,TESTES 1-83,text,true,,176,127,1,1,http://localhost:8081/healthcheck,0,0,0
1763944722717,3,Healthcheck,200,OK,TESTES 1-84,text,true,,176,127,2,2,http://localhost:8081/healthcheck,3,0,0
1763944722709,45,POST,201,Created,TESTES 1-83,text,true,,341,376,2,2,http://localhost:8081/users,45,0,0
1763944722755,0,GET ID,200,OK,TESTES 1-83,text,true,,424,125,2,2,http://localhost:8081/users/259,0,0,0
1763944722755,1,PUT,200,OK,TESTES 1-83,text,true,,409,320,2,2,http://localhost:8081/users/259,1,0,0
1763944722756,1,GET,200,OK,TESTES 1-83,text,true,,2940,121,2,2,http://localhost:8081/users,1,0,0
1763944722757,0,DELETE,200,OK,TESTES 1-83,text,true,,165,211,2,2,http://localhost:8081/users/259,0,0,0
1763944722720,42,POST,201,Created,TESTES 1-84,text,true,,341,376,1,1,http://localhost:8081/users,42,0,0
1763944722762,1,GET ID,200,OK,TESTES 1-84,text,true,,422,125,1,1,http://localhost:8081/users/260,1,0,0
1763944722763,0,PUT,200,OK,TESTES 1-84,text,true,,408,320,1,1,http://localhost:8081/users/260,0,0,0
1763944722763,0,GET,200,OK,TESTES 1-84,text,true,,2939,121,1,1,http://localhost:8081/users,0,0,0
1763944722763,1,DELETE,200,OK,TESTES 1-84,text,true,,165,211,1,1,http://localhost:8081/users/260,1,0,0
1763944722764,0,Healthcheck,200,OK,TESTES 1-84,text,true,,176,127,1,1,http://localhost:8081/healthcheck,0,0,0
1763944722764,40,POST,201,Created,TESTES 1-84,text,true,,339,374,1,1,http://localhost:8081/users,40,0,0
1763944722804,0,GET ID,200,OK,TESTES 1-84,text,true,,422,125,1,1,http://localhost:8081/users/261,0,0,0
1763944722804,1,PUT,200,OK,TESTES 1-84,text,true,,408,319,1,1,http://localhost:8081/users/261,1,0,0
1763944722805,0,GET,200,OK,TESTES 1-84,text,true,,2939,121,1,1,http://localhost:8081/users,0,0,0
1763944722805,1,DELETE,200,OK,TESTES 1-84,text,true,,165,211,1,1,http://localhost:8081/users/261,1,0,0
1763944722806,0,Healthcheck,200,OK,TESTES 1-84,text,true,,176,127,1,1,http://localhost:8081/healthcheck,0,0,0
1763944722816,5,Healthcheck,200,OK,TESTES 1-85,text,true,,176,127,2,2,http://localhost:8081/healthcheck,5,0,0
1763944722806,39,POST,201,Created,TESTES 1-84,text,true,,341,376,2,2,http://localhost:8081/users,39,0,0
1763944722845,1,GET ID,200,OK,TESTES 1-84,text,true,,424,125,2,2,http://localhost:8081/users/262,1,0,0
1763944722846,0,PUT,200,OK,TESTES 1-84,text,true,,408,319,2,2,http://localhost:8081/users/262,0,0,0
1763944722846,0,GET,200,OK,TESTES 1-84,text,true,,2939,121,2,2,http://localhost:8081/users,0,0,0
1763944722846,1,DELETE,200,OK,TESTES 1-84,text,true,,165,211,2,2,http://localhost:8081/users/262,1,0,0
1763944722821,39,POST,201,Created,TESTES 1-85,text,true,,341,376,1,1,http://localhost:8081/users,39,0,0
1763944722860,0,GET ID,200,OK,TESTES 1-85,text,true,,424,125,1,1,http://localhost:8081/users/263,0,0,0
1763944722860,1,PUT,200,OK,TESTES 1-85,text,true,,409,320,1,1,http://localhost:8081/users/263,1,0,0
1763944722861,0,GET,200,OK,TESTES 1-85,text,true,,2940,121,1,1,http://localhost:8081/users,0,0,0
1763944722861,0,DELETE,200,OK,TESTES 1-85,text,true,,165,211,1,1,http://localhost:8081/users/263,0,0,0
1763944722861,1,Healthcheck,200,OK,TESTES 1-85,text,true,,176,127,1,1,http://localhost:8081/healthcheck,1,0,0
1763944722862,39,POST,201,Created,TESTES 1-85,text,true,,341,376,1,1,http://localhost:8081/users,39,0,0
1763944722901,0,GET ID,200,OK,TESTES 1-85,text,true,,424,125,1,1,http://localhost:8081/users/264,0,0,0
1763944722901,1,PUT,200,OK,TESTES 1-85,text,true,,409,320,1,1,http://localhost:8081/users/264,1,0,0
1763944722902,0,GET,200,OK,TESTES 1-85,text,true,,2940,121,1,1,http://localhost:8081/users,0,0,0
1763944722902,1,DELETE,200,OK,TESTES 1-85,text,true,,165,211,1,1,http://localhost:8081/users/264,1,0,0
1763944722903,0,Healthcheck,200,OK,TESTES 1-85,text,true,,176,127,1,1,http://localhost:8081/healthcheck,0,0,0
1763944722916,1,Healthcheck,200,OK,TESTES 1-86,text,true,,176,127,2,2,http://localhost:8081/healthcheck,1,0,0
1763944722903,40,POST,201,Created,TESTES 1-85,text,true,,341,376,2,2,http://localhost:8081/users,40,0,0
1763944722943,0,GET ID,200,OK,TESTES 1-85,text,true,,422,125,2,2,http://localhost:8081/users/265,0,0,0
1763944722943,1,PUT,200,OK,TESTES 1-85,text,true,,408,320,2,2,http://localhost:8081/users/265,1,0,0
1763944722944,0,GET,200,OK,TESTES 1-85,text,true,,2939,121,2,2,http://localhost:8081/users,0,0,0
1763944722944,1,DELETE,200,OK,TESTES 1-85,text,true,,165,211,2,2,http://localhost:8081/users/265,1,0,0
1763944722917,39,POST,201,Created,TESTES 1-86,text,true,,340,375,1,1,http://localhost:8081/users,39,0,0
1763944722956,1,GET ID,200,OK,TESTES 1-86,text,true,,423,125,1,1,http://localhost:8081/users/266,1,0,0
1763944722957,0,PUT,200,OK,TESTES 1-86,text,true,,408,319,1,1,http://localhost:8081/users/266,0,0,0
1763944722957,1,GET,200,OK,TESTES 1-86,text,true,,2939,121,1,1,http://localhost:8081/users,1,0,0
1763944722958,0,DELETE,200,OK,TESTES 1-86,text,true,,165,211,1,1,http://localhost:8081/users/266,0,0,0
1763944722958,0,Healthcheck,200,OK,TESTES 1-86,text,true,,176,127,1,1,http://localhost:8081/healthcheck,0,0,0
1763944722958,40,POST,201,Created,TESTES 1-86,text,true,,341,376,1,1,http://localhost:8081/users,40,0,0
1763944722999,0,GET ID,200,OK,TESTES 1-86,text,true,,424,125,1,1,http://localhost:8081/users/267,0,0,0
1763944722999,2,PUT,200,OK,TESTES 1-86,text,true,,409,320,1,1,http://localhost:8081/users/267,2,0,0
1763944723001,0,GET,200,OK,TESTES 1-86,text,true,,2940,121,1,1,http://localhost:8081/users,0,0,0
1763944723001,1,DELETE,200,OK,TESTES 1-86,text,true,,165,211,1,1,http://localhost:8081/users/267,1,0,0
1763944723002,0,Healthcheck,200,OK,TESTES 1-86,text,true,,176,127,1,1,http://localhost:8081/healthcheck,0,0,0
1763944723016,1,Healthcheck,200,OK,TESTES 1-87,text,true,,176,127,2,2,http://localhost:8081/healthcheck,1,0,1
1763944723002,40,POST,201,Created,TESTES 1-86,text,true,,339,374,2,2,http://localhost:8081/users,40,0,0
1763944723042,0,GET ID,200,OK,TESTES 1-86,text,true,,422,125,2,2,http://localhost:8081/users/268,0,0,0
1763944723042,1,PUT,200,OK,TESTES 1-86,text,true,,409,320,2,2,http://localhost:8081/users/268,1,0,0
1763944723043,0,GET,200,OK,TESTES 1-86,text,true,,2940,121,2,2,http://localhost:8081/users,0,0,0
1763944723043,1,DELETE,200,OK,TESTES 1-86,text,true,,165,211,2,2,http://localhost:8081/users/268,1,0,0
1763944723017,40,POST,201,Created,TESTES 1-87,text,true,,340,375,1,1,http://localhost:8081/users,40,0,0
1763944723057,0,GET ID,200,OK,TESTES 1-87,text,true,,423,125,1,1,http://localhost:8081/users/269,0,0,0
1763944723057,1,PUT,200,OK,TESTES 1-87,text,true,,409,320,1,1,http://localhost:8081/users/269,1,0,0
1763944723058,0,GET,200,OK,TESTES 1-87,text,true,,2940,121,1,1,http://localhost:8081/users,0,0,0
1763944723058,0,DELETE,200,OK,TESTES 1-87,text,true,,165,211,1,1,http://localhost:8081/users/269,0,0,0
1763944723058,1,Healthcheck,200,OK,TESTES 1-87,text,true,,176,127,1,1,http://localhost:8081/healthcheck,1,0,0
1763944723059,39,POST,201,Created,TESTES 1-87,text,true,,341,376,1,1,http://localhost:8081/users,39,0,0
1763944723098,1,GET ID,200,OK,TESTES 1-87,text,true,,424,125,1,1,http://localhost:8081/users/270,1,0,0
1763944723099,1,PUT,200,OK,TESTES 1-87,text,true,,408,319,1,1,http://localhost:8081/users/270,1,0,0
1763944723100,0,GET,200,OK,TESTES 1-87,text,true,,2939,121,1,1,http://localhost:8081/users,0,0,0
1763944723100,1,DELETE,200,OK,TESTES 1-87,text,true,,165,211,1,1,http://localhost:8081/users/270,1,0,0
1763944723101,0,Healthcheck,200,OK,TESTES 1-87,text,true,,176,127,1,1,http://localhost:8081/healthcheck,0,0,0
1763944723116,0,Healthcheck,200,OK,TESTES 1-88,text,true,,176,127,2,2,http://localhost:8081/healthcheck,0,0,0
1763944723101,41,POST,201,Created,TESTES 1-87,text,true,,340,375,2,2,http://localhost:8081/users,41,0,0
1763944723142,1,GET ID,200,OK,TESTES 1-87,text,true,,423,125,2,2,http://localhost:8081/users/271,1,0,0
1763944723143,1,PUT,200,OK,TESTES 1-87,text,true,,406,318,2,2,http://localhost:8081/users/271,1,0,0
1763944723144,0,GET,200,OK,TESTES 1-87,text,true,,2937,121,2,2,http://localhost:8081/users,0,0,0
1763944723144,1,DELETE,200,OK,TESTES 1-87,text,true,,165,211,2,2,http://localhost:8081/users/271,1,0,0
1763944723116,42,POST,201,Created,TESTES 1-88,text,true,,341,376,1,1,http://localhost:8081/users,42,0,0
1763944723158,0,GET ID,200,OK,TESTES 1-88,text,true,,424,125,1,1,http://localhost:8081/users/272,0,0,0
1763944723158,1,PUT,200,OK,TESTES 1-88,text,true,,409,320,1,1,http://localhost:8081/users/272,1,0,0
1763944723159,0,GET,200,OK,TESTES 1-88,text,true,,2940,121,1,1,http://localhost:8081/users,0,0,0
1763944723159,1,DELETE,200,OK,TESTES 1-88,text,true,,165,211,1,1,http://localhost:8081/users/272,1,0,0
1763944723160,0,Healthcheck,200,OK,TESTES 1-88,text,true,,176,127,1,1,http://localhost:8081/healthcheck,0,0,0
1763944723160,39,POST,201,Created,TESTES 1-88,text,true,,341,376,1,1,http://localhost:8081/users,39,0,0
1763944723200,0,GET ID,200,OK,TESTES 1-88,text,true,,424,125,1,1,http://localhost:8081/users/273,0,0,0
1763944723200,1,PUT,200,OK,TESTES 1-88,text,true,,409,320,1,1,http://localhost:8081/users/273,1,0,0
1763944723201,0,GET,200,OK,TESTES 1-88,text,true,,2940,121,1,1,http://localhost:8081/users,0,0,0
1763944723202,0,DELETE,200,OK,TESTES 1-88,text,true,,165,211,1,1,http://localhost:8081/users/273,0,0,0
1763944723202,0,Healthcheck,200,OK,TESTES 1-88,text,true,,176,127,1,1,http://localhost:8081/healthcheck,0,0,0
1763944723216,0,Healthcheck,200,OK,TESTES 1-89,text,true,,176,127,2,2,http://localhost:8081/healthcheck,0,0,0
1763944723202,39,POST,201,Created,TESTES 1-88,text,true,,341,376,2,2,http://localhost:8081/users,39,0,0
1763944723242,0,GET ID,200,OK,TESTES 1-88,text,true,,424,125,2,2,http://localhost:8081/users/274,0,0,0
1763944723242,1,PUT,200,OK,TESTES 1-88,text,true,,409,320,2,2,http://localhost:8081/users/274,1,0,0
1763944723243,1,GET,200,OK,TESTES 1-88,text,true,,2940,121,2,2,http://localhost:8081/users,1,0,0
1763944723244,0,DELETE,200,OK,TESTES 1-88,text,true,,165,211,2,2,http://localhost:8081/users/274,0,0,0
1763944723216,39,POST,201,Created,TESTES 1-89,text,true,,341,376,1,1,http://localhost:8081/users,39,0,0
1763944723255,1,GET ID,200,OK,TESTES 1-89,text,true,,424,125,1,1,http://localhost:8081/users/275,1,0,0
1763944723256,1,PUT,200,OK,TESTES 1-89,text,true,,409,320,1,1,http://localhost:8081/users/275,1,0,0
1763944723257,0,GET,200,OK,TESTES 1-89,text,true,,2940,121,1,1,http://localhost:8081/users,0,0,0
1763944723257,0,DELETE,200,OK,TESTES 1-89,text,true,,165,211,1,1,http://localhost:8081/users/275,0,0,0
1763944723257,1,Healthcheck,200,OK,TESTES 1-89,text,true,,176,127,1,1,http://localhost:8081/healthcheck,1,0,0
1763944723258,39,POST,201,Created,TESTES 1-89,text,true,,341,376,1,1,http://localhost:8081/users,39,0,0
1763944723297,1,GET ID,200,OK,TESTES 1-89,text,true,,424,125,1,1,http://localhost:8081/users/276,1,0,0
1763944723298,1,PUT,200,OK,TESTES 1-89,text,true,,407,319,1,1,http://localhost:8081/users/276,1,0,0
1763944723299,0,GET,200,OK,TESTES 1-89,text,true,,2938,121,1,1,http://localhost:8081/users,0,0,0
1763944723299,1,DELETE,200,OK,TESTES 1-89,text,true,,165,211,1,1,http://localhost:8081/users/276,1,0,0
1763944723300,0,Healthcheck,200,OK,TESTES 1-89,text,true,,176,127,1,1,http://localhost:8081/healthcheck,0,0,0
1763944723316,0,Healthcheck,200,OK,TESTES 1-90,text,true,,176,127,2,2,http://localhost:8081/healthcheck,0,0,0
1763944723300,39,POST,201,Created,TESTES 1-89,text,true,,341,376,2,2,http://localhost:8081/users,39,0,0
1763944723340,0,GET ID,200,OK,TESTES 1-89,text,true,,424,125,2,2,http://localhost:8081/users/277,0,0,0
1763944723340,1,PUT,200,OK,TESTES 1-89,text,true,,409,320,2,2,http://localhost:8081/users/277,1,0,0
1763944723341,0,GET,200,OK,TESTES 1-89,text,true,,2940,121,2,2,http://localhost:8081/users,0,0,0
1763944723341,0,DELETE,200,OK,TESTES 1-89,text,true,,165,211,2,2,http://localhost:8081/users/277,0,0,0
1763944723316,40,POST,201,Created,TESTES 1-90,text,true,,341,375,1,1,http://localhost:8081/users,40,0,0
1763944723356,0,GET ID,200,OK,TESTES 1-90,text,true,,424,125,1,1,http://localhost:8081/users/278,0,0,0
1763944723356,1,PUT,200,OK,TESTES 1-90,text,true,,409,320,1,1,http://localhost:8081/users/278,1,0,0
1763944723357,0,GET,200,OK,TESTES 1-90,text,true,,2940,121,1,1,http://localhost:8081/users,0,0,0
1763944723357,1,DELETE,200,OK,TESTES 1-90,text,true,,165,211,1,1,http://localhost:8081/users/278,1,0,0
1763944723358,0,Healthcheck,200,OK,TESTES 1-90,text,true,,176,127,1,1,http://localhost:8081/healthcheck,0,0,0
1763944723358,40,POST,201,Created,TESTES 1-90,text,true,,341,376,1,1,http://localhost:8081/users,40,0,0
1763944723398,0,GET ID,200,OK,TESTES 1-90,text,true,,424,125,1,1,http://localhost:8081/users/279,0,0,0
1763944723398,1,PUT,200,OK,TESTES 1-90,text,true,,409,320,1,1,http://localhost:8081/users/279,1,0,0
1763944723399,0,GET,200,OK,TESTES 1-90,text,true,,2940,121,1,1,http://localhost:8081/users,0,0,0
1763944723400,0,DELETE,200,OK,TESTES 1-90,text,true,,165,211,1,1,http://localhost:8081/users/279,0,0,0
1763944723400,0,Healthcheck,200,OK,TESTES 1-90,text,true,,176,127,1,1,http://localhost:8081/healthcheck,0,0,0
1763944723416,1,Healthcheck,200,OK,TESTES 1-91,text,true,,176,127,2,2,http://localhost:8081/healthcheck,1,0,0
1763944723400,41,POST,201,Created,TESTES 1-90,text,true,,340,375,2,2,http://localhost:8081/users,41,0,0
1763944723441,0,GET ID,200,OK,TESTES 1-90,text,true,,423,125,2,2,http://localhost:8081/users/280,0,0,0
1763944723441,1,PUT,200,OK,TESTES 1-90,text,true,,409,320,2,2,http://localhost:8081/users/280,1,0,0
1763944723442,0,GET,200,OK,TESTES 1-90,text,true,,2940,121,2,2,http://localhost:8081/users,0,0,0
1763944723442,1,DELETE,200,OK,TESTES 1-90,text,true,,165,211,2,2,http://localhost:8081/users/280,1,0,0
1763944723417,40,POST,201,Created,TESTES 1-91,text,true,,341,375,1,1,http://localhost:8081/users,40,0,0
1763944723457,0,GET ID,200,OK,TESTES 1-91,text,true,,424,125,1,1,http://localhost:8081/users/281,0,0,0
1763944723457,1,PUT,200,OK,TESTES 1-91,text,true,,408,319,1,1,http://localhost:8081/users/281,1,0,0
1763944723458,0,GET,200,OK,TESTES 1-91,text,true,,2939,121,1,1,http://localhost:8081/users,0,0,0
1763944723458,0,DELETE,200,OK,TESTES 1-91,text,true,,165,211,1,1,http://localhost:8081/users/281,0,0,0
1763944723458,0,Healthcheck,200,OK,TESTES 1-91,text,true,,176,127,1,1,http://localhost:8081/healthcheck,0,0,0
1763944723458,40,POST,201,Created,TESTES 1-91,text,true,,341,376,1,1,http://localhost:8081/users,40,0,0
1763944723498,1,GET ID,200,OK,TESTES 1-91,text,true,,424,125,1,1,http://localhost:8081/users/282,1,0,0
1763944723499,1,PUT,200,OK,TESTES 1-91,text,true,,409,320,1,1,http://localhost:8081/users/282,1,0,0
1763944723500,1,GET,200,OK,TESTES 1-91,text,true,,2940,121,1,1,http://localhost:8081/users,1,0,0
1763944723501,0,DELETE,200,OK,TESTES 1-91,text,true,,165,211,1,1,http://localhost:8081/users/282,0,0,0
1763944723501,1,Healthcheck,200,OK,TESTES 1-91,text,true,,176,127,1,1,http://localhost:8081/healthcheck,1,0,0
1763944723516,1,Healthcheck,200,OK,TESTES 1-92,text,true,,176,127,2,2,http://localhost:8081/healthcheck,1,0,0
1763944723502,42,POST,201,Created,TESTES 1-91,text,true,,341,376,2,2,http://localhost:8081/users,42,0,0
1763944723544,1,GET ID,200,OK,TESTES 1-91,text,true,,424,125,2,2,http://localhost:8081/users/283,1,0,0
1763944723545,1,PUT,200,OK,TESTES 1-91,text,true,,409,320,2,2,http://localhost:8081/users/283,1,0,0
1763944723546,0,GET,200,OK,TESTES 1-91,text,true,,2940,121,2,2,http://localhost:8081/users,0,0,0
1763944723546,1,DELETE,200,OK,TESTES 1-91,text,true,,165,211,2,2,http://localhost:8081/users/283,1,0,0
1763944723517,41,POST,201,Created,TESTES 1-92,text,true,,340,375,1,1,http://localhost:8081/users,41,0,0
1763944723558,0,GET ID,200,OK,TESTES 1-92,text,true,,423,125,1,1,http://localhost:8081/users/284,0,0,0
1763944723558,1,PUT,200,OK,TESTES 1-92,text,true,,409,320,1,1,http://localhost:8081/users/284,1,0,0
1763944723559,0,GET,200,OK,TESTES 1-92,text,true,,2940,121,1,1,http://localhost:8081/users,0,0,0
1763944723559,1,DELETE,200,OK,TESTES 1-92,text,true,,165,211,1,1,http://localhost:8081/users/284,1,0,0
1763944723560,0,Healthcheck,200,OK,TESTES 1-92,text,true,,176,127,1,1,http://localhost:8081/healthcheck,0,0,0
1763944723560,45,POST,201,Created,TESTES 1-92,text,true,,341,376,1,1,http://localhost:8081/users,45,0,0
1763944723605,0,GET ID,200,OK,TESTES 1-92,text,true,,424,125,1,1,http://localhost:8081/users/285,0,0,0
1763944723605,2,PUT,200,OK,TESTES 1-92,text,true,,409,320,1,1,http://localhost:8081/users/285,2,0,0
1763944723607,1,GET,200,OK,TESTES 1-92,text,true,,2940,121,1,1,http://localhost:8081/users,1,0,0
1763944723608,0,DELETE,200,OK,TESTES 1-92,text,true,,165,211,1,1,http://localhost:8081/users/285,0,0,0
1763944723608,0,Healthcheck,200,OK,TESTES 1-92,text,true,,176,127,1,1,http://localhost:8081/healthcheck,0,0,0
1763944723617,6,Healthcheck,200,OK,TESTES 1-93,text,true,,176,127,2,2,http://localhost:8081/healthcheck,6,0,0
1763944723608,40,POST,201,Created,TESTES 1-92,text,true,,341,376,2,2,http://localhost:8081/users,40,0,0
1763944723649,0,GET ID,200,OK,TESTES 1-92,text,true,,424,125,2,2,http://localhost:8081/users/286,0,0,0
1763944723649,1,PUT,200,OK,TESTES 1-92,text,true,,409,320,2,2,http://localhost:8081/users/286,1,0,0
1763944723650,0,GET,200,OK,TESTES 1-92,text,true,,2940,121,2,2,http://localhost:8081/users,0,0,0
1763944723650,1,DELETE,200,OK,TESTES 1-92,text,true,,165,211,2,2,http://localhost:8081/users/286,1,0,0
1763944723623,42,POST,201,Created,TESTES 1-93,text,true,,341,376,1,1,http://localhost:8081/users,42,0,0
1763944723665,0,GET ID,200,OK,TESTES 1-93,text,true,,424,125,1,1,http://localhost:8081/users/287,0,0,0
1763944723665,1,PUT,200,OK,TESTES 1-93,text,true,,408,319,1,1,http://localhost:8081/users/287,1,0,0
1763944723666,0,GET,200,OK,TESTES 1-93,text,true,,2939,121,1,1,http://localhost:8081/users,0,0,0
1763944723666,1,DELETE,200,OK,TESTES 1-93,text,true,,165,211,1,1,http://localhost:8081/users/287,1,0,0
1763944723667,0,Healthcheck,200,OK,TESTES 1-93,text,true,,176,127,1,1,http://localhost:8081/healthcheck,0,0,0
1763944723667,40,POST,201,Created,TESTES 1-93,text,true,,340,374,1,1,http://localhost:8081/users,40,0,0
1763944723707,1,GET ID,200,OK,TESTES 1-93,text,true,,423,125,1,1,http://localhost:8081/users/288,1,0,0
1763944723708,1,PUT,200,OK,TESTES 1-93,text,true,,409,320,1,1,http://localhost:8081/users/288,1,0,0
1763944723709,0,GET,200,OK,TESTES 1-93,text,true,,2940,121,1,1,http://localhost:8081/users,0,0,0
1763944723709,1,DELETE,200,OK,TESTES 1-93,text,true,,165,211,1,1,http://localhost:8081/users/288,1,0,0
1763944723710,0,Healthcheck,200,OK,TESTES 1-93,text,true,,176,127,1,1,http://localhost:8081/healthcheck,0,0,0
1763944723717,7,Healthcheck,200,OK,TESTES 1-94,text,true,,176,127,2,2,http://localhost:8081/healthcheck,7,0,0
1763944723710,42,POST,201,Created,TESTES 1-93,text,true,,341,376,2,2,http://localhost:8081/users,42,0,0
1763944723752,0,GET ID,200,OK,TESTES 1-93,text,true,,424,125,2,2,http://localhost:8081/users/289,0,0,0
1763944723752,1,PUT,200,OK,TESTES 1-93,text,true,,409,320,2,2,http://localhost:8081/users/289,1,0,0
1763944723753,0,GET,200,OK,TESTES 1-93,text,true,,2940,121,2,2,http://localhost:8081/users,0,0,0
1763944723753,1,DELETE,200,OK,TESTES 1-93,text,true,,165,211,2,2,http://localhost:8081/users/289,1,0,0
1763944723724,40,POST,201,Created,TESTES 1-94,text,true,,341,376,1,1,http://localhost:8081/users,40,0,0
1763944723764,0,GET ID,200,OK,TESTES 1-94,text,true,,424,125,1,1,http://localhost:8081/users/290,0,0,0
1763944723764,0,PUT,200,OK,TESTES 1-94,text,true,,409,320,1,1,http://localhost:8081/users/290,0,0,0
1763944723764,0,GET,200,OK,TESTES 1-94,text,true,,2940,121,1,1,http://localhost:8081/users,0,0,0
1763944723764,1,DELETE,200,OK,TESTES 1-94,text,true,,165,211,1,1,http://localhost:8081/users/290,1,0,0
1763944723765,0,Healthcheck,200,OK,TESTES 1-94,text,true,,176,127,1,1,http://localhost:8081/healthcheck,0,0,0
1763944723765,40,POST,201,Created,TESTES 1-94,text,true,,339,374,1,1,http://localhost:8081/users,40,0,0
1763944723805,1,GET ID,200,OK,TESTES 1-94,text,true,,422,125,1,1,http://localhost:8081/users/291,1,0,0
1763944723806,1,PUT,200,OK,TESTES 1-94,text,true,,407,318,1,1,http://localhost:8081/users/291,1,0,0
1763944723807,0,GET,200,OK,TESTES 1-94,text,true,,2938,121,1,1,http://localhost:8081/users,0,0,0
1763944723807,1,DELETE,200,OK,TESTES 1-94,text,true,,165,211,1,1,http://localhost:8081/users/291,1,0,0
1763944723808,0,Healthcheck,200,OK,TESTES 1-94,text,true,,176,127,1,1,http://localhost:8081/healthcheck,0,0,0
1763944723816,4,Healthcheck,200,OK,TESTES 1-95,text,true,,176,127,2,2,http://localhost:8081/healthcheck,4,0,0
1763944723808,40,POST,201,Created,TESTES 1-94,text,true,,340,375,2,2,http://localhost:8081/users,40,0,0
1763944723848,0,GET ID,200,OK,TESTES 1-94,text,true,,423,125,2,2,http://localhost:8081/users/292,0,0,0
1763944723848,1,PUT,200,OK,TESTES 1-94,text,true,,408,319,2,2,http://localhost:8081/users/292,1,0,0
1763944723849,1,GET,200,OK,TESTES 1-94,text,true,,2939,121,2,2,http://localhost:8081/users,1,0,0
1763944723850,0,DELETE,200,OK,TESTES 1-94,text,true,,165,211,2,2,http://localhost:8081/users/292,0,0,0
1763944723820,41,POST,201,Created,TESTES 1-95,text,true,,341,376,1,1,http://localhost:8081/users,41,0,0
1763944723861,1,GET ID,200,OK,TESTES 1-95,text,true,,422,125,1,1,http://localhost:8081/users/293,1,0,0
1763944723862,0,PUT,200,OK,TESTES 1-95,text,true,,408,320,1,1,http://localhost:8081/users/293,0,0,0
1763944723862,0,GET,200,OK,TESTES 1-95,text,true,,2939,121,1,1,http://localhost:8081/users,0,0,0
1763944723862,1,DELETE,200,OK,TESTES 1-95,text,true,,165,211,1,1,http://localhost:8081/users/293,1,0,0
1763944723863,0,Healthcheck,200,OK,TESTES 1-95,text,true,,176,127,1,1,http://localhost:8081/healthcheck,0,0,0
1763944723863,40,POST,201,Created,TESTES 1-95,text,true,,341,376,1,1,http://localhost:8081/users,40,0,0
1763944723903,1,GET ID,200,OK,TESTES 1-95,text,true,,424,125,1,1,http://localhost:8081/users/294,1,0,0
1763944723904,1,PUT,200,OK,TESTES 1-95,text,true,,409,320,1,1,http://localhost:8081/users/294,1,0,0
1763944723905,0,GET,200,OK,TESTES 1-95,text,true,,2940,121,1,1,http://localhost:8081/users,0,0,0
1763944723905,1,DELETE,200,OK,TESTES 1-95,text,true,,165,211,1,1,http://localhost:8081/users/294,1,0,0
1763944723906,0,Healthcheck,200,OK,TESTES 1-95,text,true,,176,127,1,1,http://localhost:8081/healthcheck,0,0,0
1763944723917,0,Healthcheck,200,OK,TESTES 1-96,text,true,,176,127,2,2,http://localhost:8081/healthcheck,0,0,0
1763944723906,39,POST,201,Created,TESTES 1-95,text,true,,341,376,2,2,http://localhost:8081/users,39,0,0
1763944723945,1,GET ID,200,OK,TESTES 1-95,text,true,,424,125,2,2,http://localhost:8081/users/295,1,0,0
1763944723946,0,PUT,200,OK,TESTES 1-95,text,true,,409,320,2,2,http://localhost:8081/users/295,0,0,0
1763944723946,1,GET,200,OK,TESTES 1-95,text,true,,2940,121,2,2,http://localhost:8081/users,1,0,0
1763944723947,0,DELETE,200,OK,TESTES 1-95,text,true,,165,211,2,2,http://localhost:8081/users/295,0,0,0
1763944723917,40,POST,201,Created,TESTES 1-96,text,true,,339,374,1,1,http://localhost:8081/users,40,0,0
1763944723957,1,GET ID,200,OK,TESTES 1-96,text,true,,422,125,1,1,http://localhost:8081/users/296,1,0,0
1763944723958,1,PUT,200,OK,TESTES 1-96,text,true,,408,320,1,1,http://localhost:8081/users/296,1,0,0
1763944723959,0,GET,200,OK,TESTES 1-96,text,true,,2939,121,1,1,http://localhost:8081/users,0,0,0
1763944723959,0,DELETE,200,OK,TESTES 1-96,text,true,,165,211,1,1,http://localhost:8081/users/296,0,0,0
1763944723959,1,Healthcheck,200,OK,TESTES 1-96,text,true,,176,127,1,1,http://localhost:8081/healthcheck,1,0,0
1763944723960,42,POST,201,Created,TESTES 1-96,text,true,,341,376,1,1,http://localhost:8081/users,42,0,0
1763944724002,0,GET ID,200,OK,TESTES 1-96,text,true,,422,125,1,1,http://localhost:8081/users/297,0,0,0
1763944724002,1,PUT,200,OK,TESTES 1-96,text,true,,408,320,1,1,http://localhost:8081/users/297,1,0,0
1763944724003,0,GET,200,OK,TESTES 1-96,text,true,,2939,121,1,1,http://localhost:8081/users,0,0,0
1763944724003,1,DELETE,200,OK,TESTES 1-96,text,true,,165,211,1,1,http://localhost:8081/users/297,1,0,0
1763944724004,0,Healthcheck,200,OK,TESTES 1-96,text,true,,176,127,1,1,http://localhost:8081/healthcheck,0,0,0
1763944724016,5,Healthcheck,200,OK,TESTES 1-97,text,true,,176,127,2,2,http://localhost:8081/healthcheck,5,0,0
1763944724004,40,POST,201,Created,TESTES 1-96,text,true,,340,375,2,2,http://localhost:8081/users,40,0,0
1763944724044,0,GET ID,200,OK,TESTES 1-96,text,true,,423,125,2,2,http://localhost:8081/users/298,0,0,0
1763944724044,1,PUT,200,OK,TESTES 1-96,text,true,,409,320,2,2,http://localhost:8081/users/298,1,0,0
1763944724045,0,GET,200,OK,TESTES 1-96,text,true,,2940,121,2,2,http://localhost:8081/users,0,0,0
1763944724045,1,DELETE,200,OK,TESTES 1-96,text,true,,165,211,2,2,http://localhost:8081/users/298,1,0,0
1763944724021,40,POST,201,Created,TESTES 1-97,text,true,,341,376,1,1,http://localhost:8081/users,40,0,0
1763944724061,1,GET ID,200,OK,TESTES 1-97,text,true,,424,125,1,1,http://localhost:8081/users/299,1,0,0
1763944724062,0,PUT,200,OK,TESTES 1-97,text,true,,409,320,1,1,http://localhost:8081/users/299,0,0,0
1763944724062,0,GET,200,OK,TESTES 1-97,text,true,,2940,121,1,1,http://localhost:8081/users,0,0,0
1763944724062,1,DELETE,200,OK,TESTES 1-97,text,true,,165,211,1,1,http://localhost:8081/users/299,1,0,0
1763944724063,0,Healthcheck,200,OK,TESTES 1-97,text,true,,176,127,1,1,http://localhost:8081/healthcheck,0,0,0
1763944724063,40,POST,201,Created,TESTES 1-97,text,true,,341,376,1,1,http://localhost:8081/users,40,0,0
1763944724103,0,GET ID,200,OK,TESTES 1-97,text,true,,424,125,1,1,http://localhost:8081/users/300,0,0,0
1763944724103,1,PUT,200,OK,TESTES 1-97,text,true,,409,320,1,1,http://localhost:8081/users/300,1,0,0
1763944724104,0,GET,200,OK,TESTES 1-97,text,true,,2940,121,1,1,http://localhost:8081/users,0,0,0
1763944724104,1,DELETE,200,OK,TESTES 1-97,text,true,,165,211,1,1,http://localhost:8081/users/300,1,0,0
1763944724105,0,Healthcheck,200,OK,TESTES 1-97,text,true,,176,127,1,1,http://localhost:8081/healthcheck,0,0,0
1763944724116,2,Healthcheck,200,OK,TESTES 1-98,text,true,,176,127,2,2,http://localhost:8081/healthcheck,2,0,0
1763944724105,39,POST,201,Created,TESTES 1-97,text,true,,341,376,2,2,http://localhost:8081/users,39,0,0
1763944724144,1,GET ID,200,OK,TESTES 1-97,text,true,,424,125,2,2,http://localhost:8081/users/301,1,0,0
1763944724145,1,PUT,200,OK,TESTES 1-97,text,true,,409,320,2,2,http://localhost:8081/users/301,1,0,0
1763944724146,0,GET,200,OK,TESTES 1-97,text,true,,2940,121,2,2,http://localhost:8081/users,0,0,0
1763944724146,1,DELETE,200,OK,TESTES 1-97,text,true,,165,211,2,2,http://localhost:8081/users/301,1,0,0
1763944724118,40,POST,201,Created,TESTES 1-98,text,true,,341,376,1,1,http://localhost:8081/users,40,0,0
1763944724158,0,GET ID,200,OK,TESTES 1-98,text,true,,422,125,1,1,http://localhost:8081/users/302,0,0,0
1763944724158,1,PUT,200,OK,TESTES 1-98,text,true,,408,320,1,1,http://localhost:8081/users/302,1,0,0
1763944724159,0,GET,200,OK,TESTES 1-98,text,true,,2939,121,1,1,http://localhost:8081/users,0,0,0
1763944724159,1,DELETE,200,OK,TESTES 1-98,text,true,,165,211,1,1,http://localhost:8081/users/302,1,0,0
1763944724160,0,Healthcheck,200,OK,TESTES 1-98,text,true,,176,127,1,1,http://localhost:8081/healthcheck,0,0,0
1763944724160,42,POST,201,Created,TESTES 1-98,text,true,,341,376,1,1,http://localhost:8081/users,42,0,0
1763944724202,1,GET ID,200,OK,TESTES 1-98,text,true,,424,125,1,1,http://localhost:8081/users/303,1,0,0
1763944724203,1,PUT,200,OK,TESTES 1-98,text,true,,408,320,1,1,http://localhost:8081/users/303,1,0,0
1763944724204,0,GET,200,OK,TESTES 1-98,text,true,,2939,121,1,1,http://localhost:8081/users,0,0,0
1763944724204,1,DELETE,200,OK,TESTES 1-98,text,true,,165,211,1,1,http://localhost:8081/users/303,1,0,0
1763944724205,0,Healthcheck,200,OK,TESTES 1-98,text,true,,176,127,1,1,http://localhost:8081/healthcheck,0,0,0
1763944724216,3,Healthcheck,200,OK,TESTES 1-99,text,true,,176,127,2,2,http://localhost:8081/healthcheck,3,0,0
1763944724205,40,POST,201,Created,TESTES 1-98,text,true,,341,376,2,2,http://localhost:8081/users,40,0,0
1763944724245,0,GET ID,200,OK,TESTES 1-98,text,true,,424,125,2,2,http://localhost:8081/users/304,0,0,0
1763944724246,0,PUT,200,OK,TESTES 1-98,text,true,,409,320,2,2,http://localhost:8081/users/304,0,0,0
1763944724246,1,GET,200,OK,TESTES 1-98,text,true,,2940,121,2,2,http://localhost:8081/users,1,0,0
1763944724247,0,DELETE,200,OK,TESTES 1-98,text,true,,165,211,2,2,http://localhost:8081/users/304,0,0,0
1763944724219,40,POST,201,Created,TESTES 1-99,text,true,,341,376,1,1,http://localhost:8081/users,40,0,0
1763944724259,0,GET ID,200,OK,TESTES 1-99,text,true,,424,125,1,1,http://localhost:8081/users/305,0,0,0
1763944724259,1,PUT,200,OK,TESTES 1-99,text,true,,409,320,1,1,http://localhost:8081/users/305,1,0,0
1763944724260,0,GET,200,OK,TESTES 1-99,text,true,,2940,121,1,1,http://localhost:8081/users,0,0,0
1763944724260,1,DELETE,200,OK,TESTES 1-99,text,true,,165,211,1,1,http://localhost:8081/users/305,1,0,0
1763944724261,0,Healthcheck,200,OK,TESTES 1-99,text,true,,176,127,1,1,http://localhost:8081/healthcheck,0,0,0
1763944724261,40,POST,201,Created,TESTES 1-99,text,true,,341,376,1,1,http://localhost:8081/users,40,0,0
1763944724301,0,GET ID,200,OK,TESTES 1-99,text,true,,424,125,1,1,http://localhost:8081/users/306,0,0,0
1763944724301,1,PUT,200,OK,TESTES 1-99,text,true,,408,319,1,1,http://localhost:8081/users/306,1,0,0
1763944724302,0,GET,200,OK,TESTES 1-99,text,true,,2939,121,1,1,http://localhost:8081/users,0,0,0
1763944724302,1,DELETE,200,OK,TESTES 1-99,text,true,,165,211,1,1,http://localhost:8081/users/306,1,0,0
1763944724303,0,Healthcheck,200,OK,TESTES 1-99,text,true,,176,127,1,1,http://localhost:8081/healthcheck,0,0,0
1763944724316,4,Healthcheck,200,OK,TESTES 1-100,text,true,,176,127,2,2,http://localhost:8081/healthcheck,4,0,0
1763944724303,40,POST,201,Created,TESTES 1-99,text,true,,340,375,2,2,http://localhost:8081/users,40,0,0
1763944724343,0,GET ID,200,OK,TESTES 1-99,text,true,,423,125,2,2,http://localhost:8081/users/307,0,0,0
1763944724343,1,PUT,200,OK,TESTES 1-99,text,true,,408,320,2,2,http://localhost:8081/users/307,1,0,0
1763944724344,1,GET,200,OK,TESTES 1-99,text,true,,2939,121,2,2,http://localhost:8081/users,1,0,0
1763944724345,1,DELETE,200,OK,TESTES 1-99,text,true,,165,211,2,2,http://localhost:8081/users/307,1,0,0
1763944724320,39,POST,201,Created,TESTES 1-100,text,true,,341,376,1,1,http://localhost:8081/users,39,0,0
1763944724359,0,GET ID,200,OK,TESTES 1-100,text,true,,424,125,1,1,http://localhost:8081/users/308,0,0,0
1763944724359,1,PUT,200,OK,TESTES 1-100,text,true,,408,319,1,1,http://localhost:8081/users/308,1,0,0
1763944724360,0,GET,200,OK,TESTES 1-100,text,true,,2939,121,1,1,http://localhost:8081/users,0,0,0
1763944724360,1,DELETE,200,OK,TESTES 1-100,text,true,,165,211,1,1,http://localhost:8081/users/308,1,0,0
1763944724361,0,Healthcheck,200,OK,TESTES 1-100,text,true,,176,127,1,1,http://localhost:8081/healthcheck,0,0,0
1763944724361,42,POST,201,Created,TESTES 1-100,text,true,,341,376,1,1,http://localhost:8081/users,42,0,0
1763944724403,1,GET ID,200,OK,TESTES 1-100,text,true,,424,125,1,1,http://localhost:8081/users/309,1,0,0
1763944724404,1,PUT,200,OK,TESTES 1-100,text,true,,409,320,1,1,http://localhost:8081/users/309,1,0,0
1763944724405,0,GET,200,OK,TESTES 1-100,text,true,,2940,121,1,1,http://localhost:8081/users,0,0,0
1763944724405,1,DELETE,200,OK,TESTES 1-100,text,true,,165,211,1,1,http://localhost:8081/users/309,1,0,0
1763944724406,0,Healthcheck,200,OK,TESTES 1-100,text,true,,176,127,1,1,http://localhost:8081/healthcheck,0,0,0
1763944724406,42,POST,201,Created,TESTES 1-100,text,true,,341,376,1,1,http://localhost:8081/users,42,0,0
1763944724448,0,GET ID,200,OK,TESTES 1-100,text,true,,424,125,1,1,http://localhost:8081/users/310,0,0,0
1763944724448,2,PUT,200,OK,TESTES 1-100,text,true,,409,320,1,1,http://localhost:8081/users/310,2,0,0
1763944724450,0,GET,200,OK,TESTES 1-100,text,true,,2940,121,1,1,http://localhost:8081/users,0,0,0
1763944724450,1,DELETE,200,OK,TESTES 1-100,text,true,,165,211,1,1,http://localhost:8081/users/310,1,0,0
1763944770804,1,Healthcheck,200,OK,TESTES 1-1,text,true,,176,127,1,1,http://localhost:8081/healthcheck,1,0,0
1763944770805,48,POST,201,Created,TESTES 1-1,text,true,,340,374,1,1,http://localhost:8081/users,48,0,0
1763944770854,0,GET ID,200,OK,TESTES 1-1,text,true,,423,125,1,1,http://localhost:8081/users/311,0,0,0
1763944770854,2,PUT,200,OK,TESTES 1-1,text,true,,408,319,1,1,http://localhost:8081/users/311,2,0,0
1763944770856,0,GET,200,OK,TESTES 1-1,text,true,,2939,121,1,1,http://localhost:8081/users,0,0,0
1763944770856,2,DELETE,200,OK,TESTES 1-1,text,true,,165,211,1,1,http://localhost:8081/users/311,2,0,0
1763944770858,0,Healthcheck,200,OK,TESTES 1-1,text,true,,176,127,1,1,http://localhost:8081/healthcheck,0,0,0
1763944770858,45,POST,201,Created,TESTES 1-1,text,true,,341,376,2,2,http://localhost:8081/users,45,0,0
1763944770903,0,GET ID,200,OK,TESTES 1-1,text,true,,424,125,2,2,http://localhost:8081/users/312,0,0,0
1763944770903,0,Healthcheck,200,OK,TESTES 1-2,text,true,,176,127,2,2,http://localhost:8081/healthcheck,0,0,0
1763944770903,1,PUT,200,OK,TESTES 1-1,text,true,,409,320,2,2,http://localhost:8081/users/312,1,0,0
1763944770904,0,GET,200,OK,TESTES 1-1,text,true,,2940,121,2,2,http://localhost:8081/users,0,0,0
1763944770904,1,DELETE,200,OK,TESTES 1-1,text,true,,165,211,2,2,http://localhost:8081/users/312,1,0,0
1763944770905,0,Healthcheck,200,OK,TESTES 1-1,text,true,,176,127,2,2,http://localhost:8081/healthcheck,0,0,0
1763944770905,40,POST,201,Created,TESTES 1-1,text,true,,341,375,2,2,http://localhost:8081/users,40,0,0
1763944770945,1,GET ID,200,OK,TESTES 1-1,text,true,,424,125,2,2,http://localhost:8081/users/313,1,0,0
1763944770903,43,POST,201,Created,TESTES 1-2,text,true,,341,376,2,2,http://localhost:8081/users,43,0,0
1763944770946,0,GET ID,200,OK,TESTES 1-2,text,true,,424,125,2,2,http://localhost:8081/users/314,0,0,0
1763944770946,1,PUT,200,OK,TESTES 1-1,text,true,,409,320,2,2,http://localhost:8081/users/313,1,0,0
1763944770946,1,PUT,200,OK,TESTES 1-2,text,true,,409,320,2,2,http://localhost:8081/users/314,1,0,0
1763944770947,0,GET,200,OK,TESTES 1-2,text,true,,3226,121,2,2,http://localhost:8081/users,0,0,0
1763944770947,0,GET,200,OK,TESTES 1-1,text,true,,3226,121,2,2,http://localhost:8081/users,0,0,0
1763944770947,1,DELETE,200,OK,TESTES 1-1,text,true,,165,211,2,2,http://localhost:8081/users/313,1,0,0
1763944770947,1,DELETE,200,OK,TESTES 1-2,text,true,,165,211,1,1,http://localhost:8081/users/314,1,0,0
1763944770948,0,Healthcheck,200,OK,TESTES 1-2,text,true,,176,127,1,1,http://localhost:8081/healthcheck,0,0,0
1763944770948,40,POST,201,Created,TESTES 1-2,text,true,,341,376,1,1,http://localhost:8081/users,40,0,0
1763944770988,0,GET ID,200,OK,TESTES 1-2,text,true,,424,125,1,1,http://localhost:8081/users/315,0,0,0
1763944770988,1,PUT,200,OK,TESTES 1-2,text,true,,408,320,1,1,http://localhost:8081/users/315,1,0,0
1763944770989,0,GET,200,OK,TESTES 1-2,text,true,,2939,121,1,1,http://localhost:8081/users,0,0,0
1763944770989,1,DELETE,200,OK,TESTES 1-2,text,true,,165,211,1,1,http://localhost:8081/users/315,1,0,0
1763944770990,0,Healthcheck,200,OK,TESTES 1-2,text,true,,176,127,1,1,http://localhost:8081/healthcheck,0,0,0
1763944771003,0,Healthcheck,200,OK,TESTES 1-3,text,true,,176,127,2,2,http://localhost:8081/healthcheck,0,0,0
1763944770990,40,POST,201,Created,TESTES 1-2,text,true,,341,376,2,2,http://localhost:8081/users,40,0,0
1763944771030,0,GET ID,200,OK,TESTES 1-2,text,true,,424,125,2,2,http://localhost:8081/users/316,0,0,0
1763944771030,1,PUT,200,OK,TESTES 1-2,text,true,,409,320,2,2,http://localhost:8081/users/316,1,0,0
1763944771031,0,GET,200,OK,TESTES 1-2,text,true,,2940,121,2,2,http://localhost:8081/users,0,0,0
1763944771031,1,DELETE,200,OK,TESTES 1-2,text,true,,165,211,2,2,http://localhost:8081/users/316,1,0,0
1763944771003,41,POST,201,Created,TESTES 1-3,text,true,,341,376,1,1,http://localhost:8081/users,41,0,0
1763944771044,0,GET ID,200,OK,TESTES 1-3,text,true,,424,125,1,1,http://localhost:8081/users/317,0,0,0
1763944771044,1,PUT,200,OK,TESTES 1-3,text,true,,409,320,1,1,http://localhost:8081/users/317,1,0,0
1763944771045,0,GET,200,OK,TESTES 1-3,text,true,,2940,121,1,1,http://localhost:8081/users,0,0,0
1763944771045,1,DELETE,200,OK,TESTES 1-3,text,true,,165,211,1,1,http://localhost:8081/users/317,1,0,0
1763944771046,0,Healthcheck,200,OK,TESTES 1-3,text,true,,176,127,1,1,http://localhost:8081/healthcheck,0,0,0
1763944771046,40,POST,201,Created,TESTES 1-3,text,true,,341,376,1,1,http://localhost:8081/users,40,0,0
1763944771087,0,GET ID,200,OK,TESTES 1-3,text,true,,424,125,1,1,http://localhost:8081/users/318,0,0,0
1763944771087,1,PUT,200,OK,TESTES 1-3,text,true,,409,320,1,1,http://localhost:8081/users/318,1,0,0
1763944771088,0,GET,200,OK,TESTES 1-3,text,true,,2940,121,1,1,http://localhost:8081/users,0,0,0
1763944771088,1,DELETE,200,OK,TESTES 1-3,text,true,,165,211,1,1,http://localhost:8081/users/318,1,0,0
1763944771089,0,Healthcheck,200,OK,TESTES 1-3,text,true,,176,127,1,1,http://localhost:8081/healthcheck,0,0,0
1763944771103,0,Healthcheck,200,OK,TESTES 1-4,text,true,,176,127,2,2,http://localhost:8081/healthcheck,0,0,0
1763944771089,40,POST,201,Created,TESTES 1-3,text,true,,340,375,2,2,http://localhost:8081/users,40,0,0
1763944771129,0,GET ID,200,OK,TESTES 1-3,text,true,,423,125,2,2,http://localhost:8081/users/319,0,0,0
1763944771129,1,PUT,200,OK,TESTES 1-3,text,true,,409,320,2,2,http://localhost:8081/users/319,1,0,0
1763944771130,0,GET,200,OK,TESTES 1-3,text,true,,2940,121,2,2,http://localhost:8081/users,0,0,0
1763944771130,1,DELETE,200,OK,TESTES 1-3,text,true,,165,211,2,2,http://localhost:8081/users/319,1,0,0
1763944771103,40,POST,201,Created,TESTES 1-4,text,true,,341,376,1,1,http://localhost:8081/users,40,0,0
1763944771143,1,GET ID,200,OK,TESTES 1-4,text,true,,424,125,1,1,http://localhost:8081/users/320,1,0,0
1763944771144,0,PUT,200,OK,TESTES 1-4,text,true,,409,320,1,1,http://localhost:8081/users/320,0,0,0
1763944771144,1,GET,200,OK,TESTES 1-4,text,true,,2940,121,1,1,http://localhost:8081/users,1,0,0
1763944771145,0,DELETE,200,OK,TESTES 1-4,text,true,,165,211,1,1,http://localhost:8081/users/320,0,0,0
1763944771145,0,Healthcheck,200,OK,TESTES 1-4,text,true,,176,127,1,1,http://localhost:8081/healthcheck,0,0,0
1763944771145,42,POST,201,Created,TESTES 1-4,text,true,,341,376,1,1,http://localhost:8081/users,42,0,0
1763944771187,0,GET ID,200,OK,TESTES 1-4,text,true,,422,125,1,1,http://localhost:8081/users/321,0,0,0
1763944771187,1,PUT,200,OK,TESTES 1-4,text,true,,408,320,1,1,http://localhost:8081/users/321,1,0,0
1763944771188,0,GET,200,OK,TESTES 1-4,text,true,,2939,121,1,1,http://localhost:8081/users,0,0,0
1763944771188,1,DELETE,200,OK,TESTES 1-4,text,true,,165,211,1,1,http://localhost:8081/users/321,1,0,0
1763944771189,0,Healthcheck,200,OK,TESTES 1-4,text,true,,176,127,1,1,http://localhost:8081/healthcheck,0,0,0
1763944771203,0,Healthcheck,200,OK,TESTES 1-5,text,true,,176,127,2,2,http://localhost:8081/healthcheck,0,0,0
1763944771189,39,POST,201,Created,TESTES 1-4,text,true,,341,375,2,2,http://localhost:8081/users,39,0,0
1763944771229,0,GET ID,200,OK,TESTES 1-4,text,true,,424,125,2,2,http://localhost:8081/users/322,0,0,0
1763944771229,1,PUT,200,OK,TESTES 1-4,text,true,,409,320,2,2,http://localhost:8081/users/322,1,0,0
1763944771230,0,GET,200,OK,TESTES 1-4,text,true,,2940,121,2,2,http://localhost:8081/users,0,0,0
1763944771230,1,DELETE,200,OK,TESTES 1-4,text,true,,165,211,2,2,http://localhost:8081/users/322,1,0,0
1763944771203,42,POST,201,Created,TESTES 1-5,text,true,,341,376,1,1,http://localhost:8081/users,42,0,0
1763944771245,0,GET ID,200,OK,TESTES 1-5,text,true,,424,125,1,1,http://localhost:8081/users/323,0,0,0
1763944771245,1,PUT,200,OK,TESTES 1-5,text,true,,409,320,1,1,http://localhost:8081/users/323,1,0,0
1763944771246,0,GET,200,OK,TESTES 1-5,text,true,,2940,121,1,1,http://localhost:8081/users,0,0,0
1763944771246,0,DELETE,200,OK,TESTES 1-5,text,true,,165,211,1,1,http://localhost:8081/users/323,0,0,0
1763944771246,0,Healthcheck,200,OK,TESTES 1-5,text,true,,176,127,1,1,http://localhost:8081/healthcheck,0,0,0
1763944771246,40,POST,201,Created,TESTES 1-5,text,true,,341,376,1,1,http://localhost:8081/users,40,0,0
1763944771288,0,GET ID,200,OK,TESTES 1-5,text,true,,424,125,1,1,http://localhost:8081/users/324,0,0,0
1763944771288,1,PUT,200,OK,TESTES 1-5,text,true,,409,320,1,1,http://localhost:8081/users/324,1,0,0
1763944771289,0,GET,200,OK,TESTES 1-5,text,true,,2940,121,1,1,http://localhost:8081/users,0,0,0
1763944771289,1,DELETE,200,OK,TESTES 1-5,text,true,,165,211,1,1,http://localhost:8081/users/324,1,0,0
1763944771290,0,Healthcheck,200,OK,TESTES 1-5,text,true,,176,127,1,1,http://localhost:8081/healthcheck,0,0,0
1763944771304,0,Healthcheck,200,OK,TESTES 1-6,text,true,,176,127,2,2,http://localhost:8081/healthcheck,0,0,0
1763944771290,40,POST,201,Created,TESTES 1-5,text,true,,341,376,2,2,http://localhost:8081/users,40,0,0
1763944771330,1,GET ID,200,OK,TESTES 1-5,text,true,,424,125,2,2,http://localhost:8081/users/325,1,0,0
1763944771331,1,PUT,200,OK,TESTES 1-5,text,true,,409,320,2,2,http://localhost:8081/users/325,1,0,0
1763944771332,0,GET,200,OK,TESTES 1-5,text,true,,2940,121,2,2,http://localhost:8081/users,0,0,0
1763944771332,1,DELETE,200,OK,TESTES 1-5,text,true,,165,211,2,2,http://localhost:8081/users/325,1,0,0
1763944771305,39,POST,201,Created,TESTES 1-6,text,true,,341,376,1,1,http://localhost:8081/users,39,0,0
1763944771344,0,GET ID,200,OK,TESTES 1-6,text,true,,424,125,1,1,http://localhost:8081/users/326,0,0,0
1763944771344,1,PUT,200,OK,TESTES 1-6,text,true,,409,320,1,1,http://localhost:8081/users/326,1,0,0
1763944771345,0,GET,200,OK,TESTES 1-6,text,true,,2940,121,1,1,http://localhost:8081/users,0,0,0
1763944771346,0,DELETE,200,OK,TESTES 1-6,text,true,,165,211,1,1,http://localhost:8081/users/326,0,0,0
1763944771346,0,Healthcheck,200,OK,TESTES 1-6,text,true,,176,127,1,1,http://localhost:8081/healthcheck,0,0,0
1763944771346,40,POST,201,Created,TESTES 1-6,text,true,,341,376,1,1,http://localhost:8081/users,40,0,0
1763944771386,0,GET ID,200,OK,TESTES 1-6,text,true,,424,125,1,1,http://localhost:8081/users/327,0,0,0
1763944771386,1,PUT,200,OK,TESTES 1-6,text,true,,409,320,1,1,http://localhost:8081/users/327,1,0,0
1763944771387,1,GET,200,OK,TESTES 1-6,text,true,,2940,121,1,1,http://localhost:8081/users,1,0,0
1763944771388,0,DELETE,200,OK,TESTES 1-6,text,true,,165,211,1,1,http://localhost:8081/users/327,0,0,0
1763944771388,0,Healthcheck,200,OK,TESTES 1-6,text,true,,176,127,1,1,http://localhost:8081/healthcheck,0,0,0
1763944771404,1,Healthcheck,200,OK,TESTES 1-7,text,true,,176,127,2,2,http://localhost:8081/healthcheck,1,0,0
1763944771388,40,POST,201,Created,TESTES 1-6,text,true,,341,376,2,2,http://localhost:8081/users,40,0,0
1763944771428,0,GET ID,200,OK,TESTES 1-6,text,true,,424,125,2,2,http://localhost:8081/users/328,0,0,0
1763944771428,1,PUT,200,OK,TESTES 1-6,text,true,,407,318,2,2,http://localhost:8081/users/328,1,0,0
1763944771429,1,GET,200,OK,TESTES 1-6,text,true,,2938,121,2,2,http://localhost:8081/users,1,0,0
1763944771430,0,DELETE,200,OK,TESTES 1-6,text,true,,165,211,2,2,http://localhost:8081/users/328,0,0,0
1763944771405,41,POST,201,Created,TESTES 1-7,text,true,,340,375,1,1,http://localhost:8081/users,41,0,0
1763944771446,0,GET ID,200,OK,TESTES 1-7,text,true,,423,125,1,1,http://localhost:8081/users/329,0,0,0
1763944771446,1,PUT,200,OK,TESTES 1-7,text,true,,409,320,1,1,http://localhost:8081/users/329,1,0,0
1763944771447,0,GET,200,OK,TESTES 1-7,text,true,,2940,121,1,1,http://localhost:8081/users,0,0,0
1763944771447,0,DELETE,200,OK,TESTES 1-7,text,true,,165,211,1,1,http://localhost:8081/users/329,0,0,0
1763944771448,0,Healthcheck,200,OK,TESTES 1-7,text,true,,176,127,1,1,http://localhost:8081/healthcheck,0,0,0
1763944771448,41,POST,201,Created,TESTES 1-7,text,true,,341,376,1,1,http://localhost:8081/users,41,0,0
1763944771489,0,GET ID,200,OK,TESTES 1-7,text,true,,424,125,1,1,http://localhost:8081/users/330,0,0,0
1763944771489,1,PUT,200,OK,TESTES 1-7,text,true,,409,320,1,1,http://localhost:8081/users/330,1,0,0
1763944771490,1,GET,200,OK,TESTES 1-7,text,true,,2940,121,1,1,http://localhost:8081/users,1,0,0
1763944771491,1,DELETE,200,OK,TESTES 1-7,text,true,,165,211,1,1,http://localhost:8081/users/330,1,0,0
1763944771492,0,Healthcheck,200,OK,TESTES 1-7,text,true,,176,127,1,1,http://localhost:8081/healthcheck,0,0,0
1763944771504,1,Healthcheck,200,OK,TESTES 1-8,text,true,,176,127,2,2,http://localhost:8081/healthcheck,1,0,0
1763944771492,45,POST,201,Created,TESTES 1-7,text,true,,340,375,2,2,http://localhost:8081/users,45,0,0
1763944771537,0,GET ID,200,OK,TESTES 1-7,text,true,,423,125,2,2,http://localhost:8081/users/331,0,0,0
1763944771537,1,PUT,200,OK,TESTES 1-7,text,true,,409,320,2,2,http://localhost:8081/users/331,1,0,0
1763944771538,1,GET,200,OK,TESTES 1-7,text,true,,2940,121,2,2,http://localhost:8081/users,1,0,0
1763944771539,0,DELETE,200,OK,TESTES 1-7,text,true,,165,211,2,2,http://localhost:8081/users/331,0,0,0
1763944771505,42,POST,201,Created,TESTES 1-8,text,true,,341,376,1,1,http://localhost:8081/users,42,0,0
1763944771547,1,GET ID,200,OK,TESTES 1-8,text,true,,424,125,1,1,http://localhost:8081/users/332,1,0,0
1763944771548,0,PUT,200,OK,TESTES 1-8,text,true,,409,320,1,1,http://localhost:8081/users/332,0,0,0
1763944771548,1,GET,200,OK,TESTES 1-8,text,true,,2940,121,1,1,http://localhost:8081/users,1,0,0
1763944771549,0,DELETE,200,OK,TESTES 1-8,text,true,,165,211,1,1,http://localhost:8081/users/332,0,0,0
1763944771549,0,Healthcheck,200,OK,TESTES 1-8,text,true,,176,127,1,1,http://localhost:8081/healthcheck,0,0,0
1763944771549,40,POST,201,Created,TESTES 1-8,text,true,,341,376,1,1,http://localhost:8081/users,40,0,0
1763944771589,0,GET ID,200,OK,TESTES 1-8,text,true,,424,125,1,1,http://localhost:8081/users/333,0,0,0
1763944771589,1,PUT,200,OK,TESTES 1-8,text,true,,408,319,1,1,http://localhost:8081/users/333,1,0,0
1763944771590,0,GET,200,OK,TESTES 1-8,text,true,,2939,121,1,1,http://localhost:8081/users,0,0,0
1763944771590,0,DELETE,200,OK,TESTES 1-8,text,true,,165,211,1,1,http://localhost:8081/users/333,0,0,0
1763944771590,1,Healthcheck,200,OK,TESTES 1-8,text,true,,176,127,1,1,http://localhost:8081/healthcheck,1,0,0
1763944771604,1,Healthcheck,200,OK,TESTES 1-9,text,true,,176,127,2,2,http://localhost:8081/healthcheck,1,0,0
1763944771591,39,POST,201,Created,TESTES 1-8,text,true,,341,376,2,2,http://localhost:8081/users,39,0,0
1763944771630,0,GET ID,200,OK,TESTES 1-8,text,true,,422,125,2,2,http://localhost:8081/users/334,0,0,0
1763944771630,1,PUT,200,OK,TESTES 1-8,text,true,,408,320,2,2,http://localhost:8081/users/334,1,0,0
1763944771631,0,GET,200,OK,TESTES 1-8,text,true,,2939,121,2,2,http://localhost:8081/users,0,0,0
1763944771631,1,DELETE,200,OK,TESTES 1-8,text,true,,165,211,2,2,http://localhost:8081/users/334,1,0,0
1763944771605,39,POST,201,Created,TESTES 1-9,text,true,,341,376,1,1,http://localhost:8081/users,39,0,0
1763944771645,0,GET ID,200,OK,TESTES 1-9,text,true,,424,125,1,1,http://localhost:8081/users/335,0,0,0
1763944771645,0,PUT,200,OK,TESTES 1-9,text,true,,408,319,1,1,http://localhost:8081/users/335,0,0,0
1763944771645,0,GET,200,OK,TESTES 1-9,text,true,,2939,121,1,1,http://localhost:8081/users,0,0,0
1763944771645,1,DELETE,200,OK,TESTES 1-9,text,true,,165,211,1,1,http://localhost:8081/users/335,1,0,0
1763944771646,0,Healthcheck,200,OK,TESTES 1-9,text,true,,176,127,1,1,http://localhost:8081/healthcheck,0,0,0
1763944771646,39,POST,201,Created,TESTES 1-9,text,true,,341,376,1,1,http://localhost:8081/users,39,0,0
1763944771686,0,GET ID,200,OK,TESTES 1-9,text,true,,424,125,1,1,http://localhost:8081/users/336,0,0,0
1763944771686,1,PUT,200,OK,TESTES 1-9,text,true,,409,320,1,1,http://localhost:8081/users/336,1,0,0
1763944771687,0,GET,200,OK,TESTES 1-9,text,true,,2940,121,1,1,http://localhost:8081/users,0,0,0
1763944771687,1,DELETE,200,OK,TESTES 1-9,text,true,,165,211,1,1,http://localhost:8081/users/336,1,0,0
1763944771688,0,Healthcheck,200,OK,TESTES 1-9,text,true,,176,127,1,1,http://localhost:8081/healthcheck,0,0,0
1763944771704,1,Healthcheck,200,OK,TESTES 1-10,text,true,,176,127,2,2,http://localhost:8081/healthcheck,1,0,0
1763944771688,40,POST,201,Created,TESTES 1-9,text,true,,341,376,2,2,http://localhost:8081/users,40,0,0
1763944771728,0,GET ID,200,OK,TESTES 1-9,text,true,,424,125,2,2,http://localhost:8081/users/337,0,0,0
1763944771729,0,PUT,200,OK,TESTES 1-9,text,true,,409,320,2,2,http://localhost:8081/users/337,0,0,0
1763944771729,0,GET,200,OK,TESTES 1-9,text,true,,2940,121,2,2,http://localhost:8081/users,0,0,0
1763944771729,1,DELETE,200,OK,TESTES 1-9,text,true,,165,211,2,2,http://localhost:8081/users/337,1,0,0
1763944771705,40,POST,201,Created,TESTES 1-10,text,true,,341,376,1,1,http://localhost:8081/users,40,0,0
1763944771745,1,GET ID,200,OK,TESTES 1-10,text,true,,424,125,1,1,http://localhost:8081/users/338,1,0,0
1763944771746,1,PUT,200,OK,TESTES 1-10,text,true,,409,320,1,1,http://localhost:8081/users/338,1,0,0
1763944771747,0,GET,200,OK,TESTES 1-10,text,true,,2940,121,1,1,http://localhost:8081/users,0,0,0
1763944771747,0,DELETE,200,OK,TESTES 1-10,text,true,,165,211,1,1,http://localhost:8081/users/338,0,0,0
1763944771747,1,Healthcheck,200,OK,TESTES 1-10,text,true,,176,127,1,1,http://localhost:8081/healthcheck,1,0,0
1763944771748,40,POST,201,Created,TESTES 1-10,text,true,,340,375,1,1,http://localhost:8081/users,40,0,0
1763944771788,0,GET ID,200,OK,TESTES 1-10,text,true,,423,125,1,1,http://localhost:8081/users/339,0,0,0
1763944771788,1,PUT,200,OK,TESTES 1-10,text,true,,409,320,1,1,http://localhost:8081/users/339,1,0,0
1763944771789,1,GET,200,OK,TESTES 1-10,text,true,,2940,121,1,1,http://localhost:8081/users,1,0,0
1763944771790,0,DELETE,200,OK,TESTES 1-10,text,true,,165,211,1,1,http://localhost:8081/users/339,0,0,0
1763944771790,0,Healthcheck,200,OK,TESTES 1-10,text,true,,176,127,1,1,http://localhost:8081/healthcheck,0,0,0
1763944771804,1,Healthcheck,200,OK,TESTES 1-11,text,true,,176,127,2,2,http://localhost:8081/healthcheck,1,0,0
1763944771790,40,POST,201,Created,TESTES 1-10,text,true,,341,376,2,2,http://localhost:8081/users,40,0,0
1763944771830,0,GET ID,200,OK,TESTES 1-10,text,true,,422,125,2,2,http://localhost:8081/users/340,0,0,0
1763944771830,1,PUT,200,OK,TESTES 1-10,text,true,,408,320,2,2,http://localhost:8081/users/340,1,0,0
1763944771831,0,GET,200,OK,TESTES 1-10,text,true,,2939,121,2,2,http://localhost:8081/users,0,0,0
1763944771831,1,DELETE,200,OK,TESTES 1-10,text,true,,165,211,2,2,http://localhost:8081/users/340,1,0,0
1763944771805,39,POST,201,Created,TESTES 1-11,text,true,,341,375,1,1,http://localhost:8081/users,39,0,0
1763944771844,0,GET ID,200,OK,TESTES 1-11,text,true,,424,125,1,1,http://localhost:8081/users/341,0,0,0
1763944771844,1,PUT,200,OK,TESTES 1-11,text,true,,409,320,1,1,http://localhost:8081/users/341,1,0,0
1763944771845,0,GET,200,OK,TESTES 1-11,text,true,,2940,121,1,1,http://localhost:8081/users,0,0,0
1763944771845,0,DELETE,200,OK,TESTES 1-11,text,true,,165,211,1,1,http://localhost:8081/users/341,0,0,0
1763944771845,0,Healthcheck,200,OK,TESTES 1-11,text,true,,176,127,1,1,http://localhost:8081/healthcheck,0,0,0
1763944771846,39,POST,201,Created,TESTES 1-11,text,true,,340,375,1,1,http://localhost:8081/users,39,0,0
1763944771885,0,GET ID,200,OK,TESTES 1-11,text,true,,421,125,1,1,http://localhost:8081/users/342,0,0,0
1763944771885,1,PUT,200,OK,TESTES 1-11,text,true,,408,320,1,1,http://localhost:8081/users/342,1,0,0
1763944771886,0,GET,200,OK,TESTES 1-11,text,true,,2939,121,1,1,http://localhost:8081/users,0,0,0
1763944771886,1,DELETE,200,OK,TESTES 1-11,text,true,,165,211,1,1,http://localhost:8081/users/342,1,0,0
1763944771887,0,Healthcheck,200,OK,TESTES 1-11,text,true,,176,127,1,1,http://localhost:8081/healthcheck,0,0,0
1763944771904,1,Healthcheck,200,OK,TESTES 1-12,text,true,,176,127,2,2,http://localhost:8081/healthcheck,1,0,1
1763944771887,39,POST,201,Created,TESTES 1-11,text,true,,341,376,2,2,http://localhost:8081/users,39,0,0
1763944771926,1,GET ID,200,OK,TESTES 1-11,text,true,,424,125,2,2,http://localhost:8081/users/343,1,0,0
1763944771927,1,PUT,200,OK,TESTES 1-11,text,true,,409,320,2,2,http://localhost:8081/users/343,1,0,0
1763944771928,0,GET,200,OK,TESTES 1-11,text,true,,2940,121,2,2,http://localhost:8081/users,0,0,0
1763944771928,1,DELETE,200,OK,TESTES 1-11,text,true,,165,211,2,2,http://localhost:8081/users/343,1,0,0
1763944771905,39,POST,201,Created,TESTES 1-12,text,true,,340,375,1,1,http://localhost:8081/users,39,0,0
1763944771944,0,GET ID,200,OK,TESTES 1-12,text,true,,423,125,1,1,http://localhost:8081/users/344,0,0,0
1763944771944,1,PUT,200,OK,TESTES 1-12,text,true,,409,320,1,1,http://localhost:8081/users/344,1,0,0
1763944771945,0,GET,200,OK,TESTES 1-12,text,true,,2940,121,1,1,http://localhost:8081/users,0,0,0
1763944771946,0,DELETE,200,OK,TESTES 1-12,text,true,,165,211,1,1,http://localhost:8081/users/344,0,0,0
1763944771946,0,Healthcheck,200,OK,TESTES 1-12,text,true,,176,127,1,1,http://localhost:8081/healthcheck,0,0,0
1763944771946,40,POST,201,Created,TESTES 1-12,text,true,,341,376,1,1,http://localhost:8081/users,40,0,0
1763944771986,0,GET ID,200,OK,TESTES 1-12,text,true,,424,125,1,1,http://localhost:8081/users/345,0,0,0
1763944771986,1,PUT,200,OK,TESTES 1-12,text,true,,409,320,1,1,http://localhost:8081/users/345,1,0,0
1763944771987,0,GET,200,OK,TESTES 1-12,text,true,,2940,121,1,1,http://localhost:8081/users,0,0,0
1763944771987,1,DELETE,200,OK,TESTES 1-12,text,true,,165,211,1,1,http://localhost:8081/users/345,1,0,0
1763944771988,0,Healthcheck,200,OK,TESTES 1-12,text,true,,176,127,1,1,http://localhost:8081/healthcheck,0,0,0
1763944772005,0,Healthcheck,200,OK,TESTES 1-13,text,true,,176,127,2,2,http://localhost:8081/healthcheck,0,0,0
1763944771988,39,POST,201,Created,TESTES 1-12,text,true,,340,375,2,2,http://localhost:8081/users,39,0,0
1763944772027,1,GET ID,200,OK,TESTES 1-12,text,true,,423,125,2,2,http://localhost:8081/users/346,1,0,0
1763944772028,0,PUT,200,OK,TESTES 1-12,text,true,,409,320,2,2,http://localhost:8081/users/346,0,0,0
1763944772028,0,GET,200,OK,TESTES 1-12,text,true,,2940,121,2,2,http://localhost:8081/users,0,0,0
1763944772028,1,DELETE,200,OK,TESTES 1-12,text,true,,165,211,2,2,http://localhost:8081/users/346,1,0,0
1763944772005,40,POST,201,Created,TESTES 1-13,text,true,,341,376,1,1,http://localhost:8081/users,40,0,0
1763944772045,0,GET ID,200,OK,TESTES 1-13,text,true,,424,125,1,1,http://localhost:8081/users/347,0,0,0
1763944772045,1,PUT,200,OK,TESTES 1-13,text,true,,408,320,1,1,http://localhost:8081/users/347,1,0,0
1763944772046,0,GET,200,OK,TESTES 1-13,text,true,,2939,121,1,1,http://localhost:8081/users,0,0,0
1763944772046,1,DELETE,200,OK,TESTES 1-13,text,true,,165,211,1,1,http://localhost:8081/users/347,1,0,0
1763944772047,0,Healthcheck,200,OK,TESTES 1-13,text,true,,176,127,1,1,http://localhost:8081/healthcheck,0,0,0
1763944772047,39,POST,201,Created,TESTES 1-13,text,true,,341,376,1,1,http://localhost:8081/users,39,0,0
1763944772086,1,GET ID,200,OK,TESTES 1-13,text,true,,422,125,1,1,http://localhost:8081/users/348,1,0,0
1763944772087,0,PUT,200,OK,TESTES 1-13,text,true,,408,320,1,1,http://localhost:8081/users/348,0,0,0
1763944772087,1,GET,200,OK,TESTES 1-13,text,true,,2939,121,1,1,http://localhost:8081/users,1,0,0
1763944772088,0,DELETE,200,OK,TESTES 1-13,text,true,,165,211,1,1,http://localhost:8081/users/348,0,0,0
1763944772088,0,Healthcheck,200,OK,TESTES 1-13,text,true,,176,127,1,1,http://localhost:8081/healthcheck,0,0,0
1763944772105,0,Healthcheck,200,OK,TESTES 1-14,text,true,,176,127,2,2,http://localhost:8081/healthcheck,0,0,0
1763944772088,43,POST,201,Created,TESTES 1-13,text,true,,341,376,2,2,http://localhost:8081/users,43,0,0
1763944772131,1,GET ID,200,OK,TESTES 1-13,text,true,,424,125,2,2,http://localhost:8081/users/349,1,0,0
1763944772132,0,PUT,200,OK,TESTES 1-13,text,true,,409,320,2,2,http://localhost:8081/users/349,0,0,0
1763944772132,1,GET,200,OK,TESTES 1-13,text,true,,2940,121,2,2,http://localhost:8081/users,1,0,0
1763944772133,0,DELETE,200,OK,TESTES 1-13,text,true,,165,211,2,2,http://localhost:8081/users/349,0,0,0
1763944772105,40,POST,201,Created,TESTES 1-14,text,true,,341,376,1,1,http://localhost:8081/users,40,0,0
1763944772145,0,GET ID,200,OK,TESTES 1-14,text,true,,424,125,1,1,http://localhost:8081/users/350,0,0,0
1763944772145,1,PUT,200,OK,TESTES 1-14,text,true,,409,320,1,1,http://localhost:8081/users/350,1,0,0
1763944772146,0,GET,200,OK,TESTES 1-14,text,true,,2940,121,1,1,http://localhost:8081/users,0,0,0
1763944772146,0,DELETE,200,OK,TESTES 1-14,text,true,,165,211,1,1,http://localhost:8081/users/350,0,0,0
1763944772146,0,Healthcheck,200,OK,TESTES 1-14,text,true,,176,127,1,1,http://localhost:8081/healthcheck,0,0,0
1763944772146,40,POST,201,Created,TESTES 1-14,text,true,,341,375,1,1,http://localhost:8081/users,40,0,0
1763944772186,0,GET ID,200,OK,TESTES 1-14,text,true,,424,125,1,1,http://localhost:8081/users/351,0,0,0
1763944772186,1,PUT,200,OK,TESTES 1-14,text,true,,408,320,1,1,http://localhost:8081/users/351,1,0,0
1763944772187,0,GET,200,OK,TESTES 1-14,text,true,,2939,121,1,1,http://localhost:8081/users,0,0,0
1763944772187,1,DELETE,200,OK,TESTES 1-14,text,true,,165,211,1,1,http://localhost:8081/users/351,1,0,0
1763944772188,0,Healthcheck,200,OK,TESTES 1-14,text,true,,176,127,1,1,http://localhost:8081/healthcheck,0,0,0
1763944772205,0,Healthcheck,200,OK,TESTES 1-15,text,true,,176,127,2,2,http://localhost:8081/healthcheck,0,0,0
1763944772188,40,POST,201,Created,TESTES 1-14,text,true,,341,376,2,2,http://localhost:8081/users,40,0,0
1763944772228,0,GET ID,200,OK,TESTES 1-14,text,true,,424,125,2,2,http://localhost:8081/users/352,0,0,0
1763944772229,0,PUT,200,OK,TESTES 1-14,text,true,,409,320,2,2,http://localhost:8081/users/352,0,0,0
1763944772229,0,GET,200,OK,TESTES 1-14,text,true,,2940,121,2,2,http://localhost:8081/users,0,0,0
1763944772229,1,DELETE,200,OK,TESTES 1-14,text,true,,165,211,2,2,http://localhost:8081/users/352,1,0,0
1763944772205,40,POST,201,Created,TESTES 1-15,text,true,,340,375,1,1,http://localhost:8081/users,40,0,0
1763944772245,0,GET ID,200,OK,TESTES 1-15,text,true,,423,125,1,1,http://localhost:8081/users/353,0,0,0
1763944772245,1,PUT,200,OK,TESTES 1-15,text,true,,408,319,1,1,http://localhost:8081/users/353,1,0,0
1763944772246,0,GET,200,OK,TESTES 1-15,text,true,,2939,121,1,1,http://localhost:8081/users,0,0,0
1763944772246,0,DELETE,200,OK,TESTES 1-15,text,true,,165,211,1,1,http://localhost:8081/users/353,0,0,0
1763944772246,1,Healthcheck,200,OK,TESTES 1-15,text,true,,176,127,1,1,http://localhost:8081/healthcheck,1,0,0
1763944772247,39,POST,201,Created,TESTES 1-15,text,true,,341,376,1,1,http://localhost:8081/users,39,0,0
1763944772286,0,GET ID,200,OK,TESTES 1-15,text,true,,424,125,1,1,http://localhost:8081/users/354,0,0,0
1763944772286,1,PUT,200,OK,TESTES 1-15,text,true,,409,320,1,1,http://localhost:8081/users/354,1,0,0
1763944772287,0,GET,200,OK,TESTES 1-15,text,true,,2940,121,1,1,http://localhost:8081/users,0,0,0
1763944772287,1,DELETE,200,OK,TESTES 1-15,text,true,,165,211,1,1,http://localhost:8081/users/354,1,0,0
1763944772288,0,Healthcheck,200,OK,TESTES 1-15,text,true,,176,127,1,1,http://localhost:8081/healthcheck,0,0,0
1763944772304,0,Healthcheck,200,OK,TESTES 1-16,text,true,,176,127,2,2,http://localhost:8081/healthcheck,0,0,0
1763944772288,39,POST,201,Created,TESTES 1-15,text,true,,341,376,2,2,http://localhost:8081/users,39,0,0
1763944772328,0,GET ID,200,OK,TESTES 1-15,text,true,,422,125,2,2,http://localhost:8081/users/355,0,0,0
1763944772328,0,PUT,200,OK,TESTES 1-15,text,true,,408,320,2,2,http://localhost:8081/users/355,0,0,0
1763944772328,1,GET,200,OK,TESTES 1-15,text,true,,2939,121,2,2,http://localhost:8081/users,0,0,0
1763944772329,0,DELETE,200,OK,TESTES 1-15,text,true,,165,211,2,2,http://localhost:8081/users/355,0,0,0
1763944772304,40,POST,201,Created,TESTES 1-16,text,true,,341,376,1,1,http://localhost:8081/users,40,0,0
1763944772344,0,GET ID,200,OK,TESTES 1-16,text,true,,424,125,1,1,http://localhost:8081/users/356,0,0,0
1763944772344,0,PUT,200,OK,TESTES 1-16,text,true,,409,320,1,1,http://localhost:8081/users/356,0,0,0
1763944772344,1,GET,200,OK,TESTES 1-16,text,true,,2940,121,1,1,http://localhost:8081/users,1,0,0
1763944772345,0,DELETE,200,OK,TESTES 1-16,text,true,,165,211,1,1,http://localhost:8081/users/356,0,0,0
1763944772345,0,Healthcheck,200,OK,TESTES 1-16,text,true,,176,127,1,1,http://localhost:8081/healthcheck,0,0,0
1763944772345,40,POST,201,Created,TESTES 1-16,text,true,,340,375,1,1,http://localhost:8081/users,40,0,0
1763944772385,1,GET ID,200,OK,TESTES 1-16,text,true,,423,125,1,1,http://localhost:8081/users/357,1,0,0
1763944772386,0,PUT,200,OK,TESTES 1-16,text,true,,409,320,1,1,http://localhost:8081/users/357,0,0,0
1763944772386,0,GET,200,OK,TESTES 1-16,text,true,,2940,121,1,1,http://localhost:8081/users,0,0,0
1763944772386,1,DELETE,200,OK,TESTES 1-16,text,true,,165,211,1,1,http://localhost:8081/users/357,1,0,0
1763944772387,0,Healthcheck,200,OK,TESTES 1-16,text,true,,176,127,1,1,http://localhost:8081/healthcheck,0,0,0
1763944772405,0,Healthcheck,200,OK,TESTES 1-17,text,true,,176,127,2,2,http://localhost:8081/healthcheck,0,0,0
1763944772387,41,POST,201,Created,TESTES 1-16,text,true,,341,376,2,2,http://localhost:8081/users,41,0,0
1763944772428,0,GET ID,200,OK,TESTES 1-16,text,true,,424,125,2,2,http://localhost:8081/users/358,0,0,0
1763944772428,0,PUT,200,OK,TESTES 1-16,text,true,,409,320,2,2,http://localhost:8081/users/358,0,0,0
1763944772428,1,GET,200,OK,TESTES 1-16,text,true,,2940,121,2,2,http://localhost:8081/users,1,0,0
1763944772429,0,DELETE,200,OK,TESTES 1-16,text,true,,165,211,2,2,http://localhost:8081/users/358,0,0,0
1763944772405,40,POST,201,Created,TESTES 1-17,text,true,,341,376,1,1,http://localhost:8081/users,40,0,0
1763944772445,1,GET ID,200,OK,TESTES 1-17,text,true,,424,125,1,1,http://localhost:8081/users/359,1,0,0
1763944772446,0,PUT,200,OK,TESTES 1-17,text,true,,408,320,1,1,http://localhost:8081/users/359,0,0,0
1763944772446,1,GET,200,OK,TESTES 1-17,text,true,,2939,121,1,1,http://localhost:8081/users,1,0,0
1763944772447,0,DELETE,200,OK,TESTES 1-17,text,true,,165,211,1,1,http://localhost:8081/users/359,0,0,0
1763944772447,0,Healthcheck,200,OK,TESTES 1-17,text,true,,176,127,1,1,http://localhost:8081/healthcheck,0,0,0
1763944772447,40,POST,201,Created,TESTES 1-17,text,true,,340,375,1,1,http://localhost:8081/users,40,0,0
1763944772487,0,GET ID,200,OK,TESTES 1-17,text,true,,423,125,1,1,http://localhost:8081/users/360,0,0,0
1763944772487,1,PUT,200,OK,TESTES 1-17,text,true,,409,320,1,1,http://localhost:8081/users/360,1,0,0
1763944772488,0,GET,200,OK,TESTES 1-17,text,true,,2940,121,1,1,http://localhost:8081/users,0,0,0
1763944772488,0,DELETE,200,OK,TESTES 1-17,text,true,,165,211,1,1,http://localhost:8081/users/360,0,0,0
1763944772488,0,Healthcheck,200,OK,TESTES 1-17,text,true,,176,127,1,1,http://localhost:8081/healthcheck,0,0,0
1763944772504,0,Healthcheck,200,OK,TESTES 1-18,text,true,,176,127,2,2,http://localhost:8081/healthcheck,0,0,0
1763944772488,43,POST,201,Created,TESTES 1-17,text,true,,341,376,2,2,http://localhost:8081/users,43,0,0
1763944772531,0,GET ID,200,OK,TESTES 1-17,text,true,,422,125,2,2,http://localhost:8081/users/361,0,0,0
1763944772531,1,PUT,200,OK,TESTES 1-17,text,true,,408,320,2,2,http://localhost:8081/users/361,1,0,0
1763944772532,0,GET,200,OK,TESTES 1-17,text,true,,2939,121,2,2,http://localhost:8081/users,0,0,0
1763944772532,1,DELETE,200,OK,TESTES 1-17,text,true,,165,211,2,2,http://localhost:8081/users/361,1,0,0
1763944772504,41,POST,201,Created,TESTES 1-18,text,true,,341,376,1,1,http://localhost:8081/users,41,0,0
1763944772545,0,GET ID,200,OK,TESTES 1-18,text,true,,424,125,1,1,http://localhost:8081/users/362,0,0,0
1763944772545,1,PUT,200,OK,TESTES 1-18,text,true,,409,320,1,1,http://localhost:8081/users/362,1,0,0
1763944772546,0,GET,200,OK,TESTES 1-18,text,true,,2940,121,1,1,http://localhost:8081/users,0,0,0
1763944772546,0,DELETE,200,OK,TESTES 1-18,text,true,,165,211,1,1,http://localhost:8081/users/362,0,0,0
1763944772546,1,Healthcheck,200,OK,TESTES 1-18,text,true,,176,127,1,1,http://localhost:8081/healthcheck,1,0,0
1763944772547,39,POST,201,Created,TESTES 1-18,text,true,,341,376,1,1,http://localhost:8081/users,39,0,0
1763944772586,0,GET ID,200,OK,TESTES 1-18,text,true,,424,125,1,1,http://localhost:8081/users/363,0,0,0
1763944772586,1,PUT,200,OK,TESTES 1-18,text,true,,408,320,1,1,http://localhost:8081/users/363,1,0,0
1763944772587,0,GET,200,OK,TESTES 1-18,text,true,,2939,121,1,1,http://localhost:8081/users,0,0,0
1763944772587,1,DELETE,200,OK,TESTES 1-18,text,true,,165,211,1,1,http://localhost:8081/users/363,1,0,0
1763944772588,0,Healthcheck,200,OK,TESTES 1-18,text,true,,176,127,1,1,http://localhost:8081/healthcheck,0,0,0
1763944772604,0,Healthcheck,200,OK,TESTES 1-19,text,true,,176,127,2,2,http://localhost:8081/healthcheck,0,0,0
1763944772588,40,POST,201,Created,TESTES 1-18,text,true,,341,376,2,2,http://localhost:8081/users,40,0,0
1763944772628,0,GET ID,200,OK,TESTES 1-18,text,true,,424,125,2,2,http://localhost:8081/users/364,0,0,0
1763944772628,1,PUT,200,OK,TESTES 1-18,text,true,,408,320,2,2,http://localhost:8081/users/364,1,0,0
1763944772629,0,GET,200,OK,TESTES 1-18,text,true,,2939,121,2,2,http://localhost:8081/users,0,0,0
1763944772629,1,DELETE,200,OK,TESTES 1-18,text,true,,165,211,2,2,http://localhost:8081/users/364,1,0,0
1763944772604,41,POST,201,Created,TESTES 1-19,text,true,,341,376,1,1,http://localhost:8081/users,41,0,0
1763944772646,0,GET ID,200,OK,TESTES 1-19,text,true,,424,125,1,1,http://localhost:8081/users/365,0,0,0
1763944772646,0,PUT,200,OK,TESTES 1-19,text,true,,408,319,1,1,http://localhost:8081/users/365,0,0,0
1763944772646,0,GET,200,OK,TESTES 1-19,text,true,,2939,121,1,1,http://localhost:8081/users,0,0,0
1763944772646,1,DELETE,200,OK,TESTES 1-19,text,true,,165,211,1,1,http://localhost:8081/users/365,1,0,0
1763944772647,0,Healthcheck,200,OK,TESTES 1-19,text,true,,176,127,1,1,http://localhost:8081/healthcheck,0,0,0
1763944772647,39,POST,201,Created,TESTES 1-19,text,true,,341,376,1,1,http://localhost:8081/users,39,0,0
1763944772686,1,GET ID,200,OK,TESTES 1-19,text,true,,424,125,1,1,http://localhost:8081/users/366,1,0,0
1763944772687,0,PUT,200,OK,TESTES 1-19,text,true,,408,319,1,1,http://localhost:8081/users/366,0,0,0
1763944772687,1,GET,200,OK,TESTES 1-19,text,true,,2939,121,1,1,http://localhost:8081/users,1,0,0
1763944772688,0,DELETE,200,OK,TESTES 1-19,text,true,,165,211,1,1,http://localhost:8081/users/366,0,0,0
1763944772688,0,Healthcheck,200,OK,TESTES 1-19,text,true,,176,127,1,1,http://localhost:8081/healthcheck,0,0,0
1763944772704,0,Healthcheck,200,OK,TESTES 1-20,text,true,,176,127,2,2,http://localhost:8081/healthcheck,0,0,0
1763944772688,43,POST,201,Created,TESTES 1-19,text,true,,341,376,2,2,http://localhost:8081/users,43,0,0
1763944772731,0,GET ID,200,OK,TESTES 1-19,text,true,,424,125,2,2,http://localhost:8081/users/367,0,0,0
1763944772731,1,PUT,200,OK,TESTES 1-19,text,true,,409,320,2,2,http://localhost:8081/users/367,1,0,0
1763944772732,0,GET,200,OK,TESTES 1-19,text,true,,2940,121,2,2,http://localhost:8081/users,0,0,0
1763944772732,1,DELETE,200,OK,TESTES 1-19,text,true,,165,211,2,2,http://localhost:8081/users/367,1,0,0
1763944772704,42,POST,201,Created,TESTES 1-20,text,true,,341,376,1,1,http://localhost:8081/users,42,0,0
1763944772746,0,GET ID,200,OK,TESTES 1-20,text,true,,420,125,1,1,http://localhost:8081/users/368,0,0,0
1763944772746,1,PUT,200,OK,TESTES 1-20,text,true,,407,320,1,1,http://localhost:8081/users/368,1,0,0
1763944772747,0,GET,200,OK,TESTES 1-20,text,true,,2938,121,1,1,http://localhost:8081/users,0,0,0
1763944772747,1,DELETE,200,OK,TESTES 1-20,text,true,,165,211,1,1,http://localhost:8081/users/368,1,0,0
1763944772748,0,Healthcheck,200,OK,TESTES 1-20,text,true,,176,127,1,1,http://localhost:8081/healthcheck,0,0,0
1763944772748,40,POST,201,Created,TESTES 1-20,text,true,,341,376,1,1,http://localhost:8081/users,40,0,0
1763944772788,1,GET ID,200,OK,TESTES 1-20,text,true,,424,125,1,1,http://localhost:8081/users/369,1,0,0
1763944772789,0,PUT,200,OK,TESTES 1-20,text,true,,409,320,1,1,http://localhost:8081/users/369,0,0,0
1763944772789,1,GET,200,OK,TESTES 1-20,text,true,,2940,121,1,1,http://localhost:8081/users,1,0,0
1763944772790,0,DELETE,200,OK,TESTES 1-20,text,true,,165,211,1,1,http://localhost:8081/users/369,0,0,0
1763944772790,0,Healthcheck,200,OK,TESTES 1-20,text,true,,176,127,1,1,http://localhost:8081/healthcheck,0,0,0
1763944772804,0,Healthcheck,200,OK,TESTES 1-21,text,true,,176,127,2,2,http://localhost:8081/healthcheck,0,0,0
1763944772790,45,POST,201,Created,TESTES 1-20,text,true,,340,375,2,2,http://localhost:8081/users,45,0,0
1763944772835,0,GET ID,200,OK,TESTES 1-20,text,true,,423,125,2,2,http://localhost:8081/users/370,0,0,0
1763944772835,1,PUT,200,OK,TESTES 1-20,text,true,,409,320,2,2,http://localhost:8081/users/370,1,0,0
1763944772836,1,GET,200,OK,TESTES 1-20,text,true,,2940,121,2,2,http://localhost:8081/users,1,0,0
1763944772837,0,DELETE,200,OK,TESTES 1-20,text,true,,165,211,2,2,http://localhost:8081/users/370,0,0,0
1763944772804,43,POST,201,Created,TESTES 1-21,text,true,,341,376,1,1,http://localhost:8081/users,43,0,0
1763944772848,0,GET ID,200,OK,TESTES 1-21,text,true,,424,125,1,1,http://localhost:8081/users/371,0,0,0
1763944772848,1,PUT,200,OK,TESTES 1-21,text,true,,409,320,1,1,http://localhost:8081/users/371,1,0,0
1763944772849,0,GET,200,OK,TESTES 1-21,text,true,,2940,121,1,1,http://localhost:8081/users,0,0,0
1763944772849,0,DELETE,200,OK,TESTES 1-21,text,true,,165,211,1,1,http://localhost:8081/users/371,0,0,0
1763944772849,1,Healthcheck,200,OK,TESTES 1-21,text,true,,176,127,1,1,http://localhost:8081/healthcheck,1,0,0
1763944772850,39,POST,201,Created,TESTES 1-21,text,true,,341,376,1,1,http://localhost:8081/users,39,0,0
1763944772889,0,GET ID,200,OK,TESTES 1-21,text,true,,424,125,1,1,http://localhost:8081/users/372,0,0,0
1763944772890,0,PUT,200,OK,TESTES 1-21,text,true,,409,320,1,1,http://localhost:8081/users/372,0,0,0
1763944772890,0,GET,200,OK,TESTES 1-21,text,true,,2940,121,1,1,http://localhost:8081/users,0,0,0
1763944772890,1,DELETE,200,OK,TESTES 1-21,text,true,,165,211,1,1,http://localhost:8081/users/372,1,0,0
1763944772891,0,Healthcheck,200,OK,TESTES 1-21,text,true,,176,127,1,1,http://localhost:8081/healthcheck,0,0,0
1763944772904,1,Healthcheck,200,OK,TESTES 1-22,text,true,,176,127,2,2,http://localhost:8081/healthcheck,1,0,0
1763944772891,42,POST,201,Created,TESTES 1-21,text,true,,341,376,2,2,http://localhost:8081/users,42,0,0
1763944772933,1,GET ID,200,OK,TESTES 1-21,text,true,,424,125,2,2,http://localhost:8081/users/373,1,0,0
1763944772934,1,PUT,200,OK,TESTES 1-21,text,true,,409,320,2,2,http://localhost:8081/users/373,1,0,0
1763944772935,0,GET,200,OK,TESTES 1-21,text,true,,2940,121,2,2,http://localhost:8081/users,0,0,0
1763944772935,1,DELETE,200,OK,TESTES 1-21,text,true,,165,211,2,2,http://localhost:8081/users/373,1,0,0
1763944772905,40,POST,201,Created,TESTES 1-22,text,true,,341,376,1,1,http://localhost:8081/users,40,0,0
1763944772945,0,GET ID,200,OK,TESTES 1-22,text,true,,424,125,1,1,http://localhost:8081/users/374,0,0,0
1763944772945,1,PUT,200,OK,TESTES 1-22,text,true,,409,320,1,1,http://localhost:8081/users/374,1,0,0
1763944772946,0,GET,200,OK,TESTES 1-22,text,true,,2940,121,1,1,http://localhost:8081/users,0,0,0
1763944772946,1,DELETE,200,OK,TESTES 1-22,text,true,,165,211,1,1,http://localhost:8081/users/374,1,0,0
1763944772947,0,Healthcheck,200,OK,TESTES 1-22,text,true,,176,127,1,1,http://localhost:8081/healthcheck,0,0,0
1763944772947,40,POST,201,Created,TESTES 1-22,text,true,,341,375,1,1,http://localhost:8081/users,40,0,0
1763944772987,1,GET ID,200,OK,TESTES 1-22,text,true,,424,125,1,1,http://localhost:8081/users/375,1,0,0
1763944772988,1,PUT,200,OK,TESTES 1-22,text,true,,409,320,1,1,http://localhost:8081/users/375,1,0,0
1763944772989,0,GET,200,OK,TESTES 1-22,text,true,,2940,121,1,1,http://localhost:8081/users,0,0,0
1763944772989,1,DELETE,200,OK,TESTES 1-22,text,true,,165,211,1,1,http://localhost:8081/users/375,1,0,0
1763944772990,0,Healthcheck,200,OK,TESTES 1-22,text,true,,176,127,1,1,http://localhost:8081/healthcheck,0,0,0
1763944773004,2,Healthcheck,200,OK,TESTES 1-23,text,true,,176,127,2,2,http://localhost:8081/healthcheck,2,0,0
1763944772990,43,POST,201,Created,TESTES 1-22,text,true,,341,376,2,2,http://localhost:8081/users,43,0,0
1763944773033,0,GET ID,200,OK,TESTES 1-22,text,true,,424,125,2,2,http://localhost:8081/users/376,0,0,0
1763944773033,1,PUT,200,OK,TESTES 1-22,text,true,,409,320,2,2,http://localhost:8081/users/376,1,0,0
1763944773034,0,GET,200,OK,TESTES 1-22,text,true,,2940,121,2,2,http://localhost:8081/users,0,0,0
1763944773034,1,DELETE,200,OK,TESTES 1-22,text,true,,165,211,2,2,http://localhost:8081/users/376,1,0,0
1763944773006,39,POST,201,Created,TESTES 1-23,text,true,,341,376,1,1,http://localhost:8081/users,39,0,0
1763944773046,0,GET ID,200,OK,TESTES 1-23,text,true,,424,125,1,1,http://localhost:8081/users/377,0,0,0
1763944773046,0,PUT,200,OK,TESTES 1-23,text,true,,409,320,1,1,http://localhost:8081/users/377,0,0,0
1763944773046,1,GET,200,OK,TESTES 1-23,text,true,,2940,121,1,1,http://localhost:8081/users,1,0,0
1763944773047,0,DELETE,200,OK,TESTES 1-23,text,true,,165,211,1,1,http://localhost:8081/users/377,0,0,0
1763944773047,0,Healthcheck,200,OK,TESTES 1-23,text,true,,176,127,1,1,http://localhost:8081/healthcheck,0,0,0
1763944773047,41,POST,201,Created,TESTES 1-23,text,true,,341,376,1,1,http://localhost:8081/users,41,0,0
1763944773088,0,GET ID,200,OK,TESTES 1-23,text,true,,424,125,1,1,http://localhost:8081/users/378,0,0,0
1763944773089,0,PUT,200,OK,TESTES 1-23,text,true,,409,320,1,1,http://localhost:8081/users/378,0,0,0
1763944773089,0,GET,200,OK,TESTES 1-23,text,true,,2940,121,1,1,http://localhost:8081/users,0,0,0
1763944773089,1,DELETE,200,OK,TESTES 1-23,text,true,,165,211,1,1,http://localhost:8081/users/378,1,0,0
1763944773090,0,Healthcheck,200,OK,TESTES 1-23,text,true,,176,127,1,1,http://localhost:8081/healthcheck,0,0,0
1763944773104,1,Healthcheck,200,OK,TESTES 1-24,text,true,,176,127,2,2,http://localhost:8081/healthcheck,1,0,0
1763944773090,40,POST,201,Created,TESTES 1-23,text,true,,339,374,2,2,http://localhost:8081/users,40,0,0
1763944773130,0,GET ID,200,OK,TESTES 1-23,text,true,,422,125,2,2,http://localhost:8081/users/379,0,0,0
1763944773130,1,PUT,200,OK,TESTES 1-23,text,true,,408,319,2,2,http://localhost:8081/users/379,1,0,0
1763944773131,0,GET,200,OK,TESTES 1-23,text,true,,2939,121,2,2,http://localhost:8081/users,0,0,0
1763944773131,1,DELETE,200,OK,TESTES 1-23,text,true,,165,211,2,2,http://localhost:8081/users/379,1,0,0
1763944773105,40,POST,201,Created,TESTES 1-24,text,true,,341,376,1,1,http://localhost:8081/users,40,0,0
1763944773145,0,GET ID,200,OK,TESTES 1-24,text,true,,424,125,1,1,http://localhost:8081/users/380,0,0,0
1763944773145,1,PUT,200,OK,TESTES 1-24,text,true,,409,320,1,1,http://localhost:8081/users/380,1,0,0
1763944773146,0,GET,200,OK,TESTES 1-24,text,true,,2940,121,1,1,http://localhost:8081/users,0,0,0
1763944773146,1,DELETE,200,OK,TESTES 1-24,text,true,,165,211,1,1,http://localhost:8081/users/380,1,0,0
1763944773147,0,Healthcheck,200,OK,TESTES 1-24,text,true,,176,127,1,1,http://localhost:8081/healthcheck,0,0,0
1763944773147,40,POST,201,Created,TESTES 1-24,text,true,,339,374,1,1,http://localhost:8081/users,40,0,0
1763944773187,0,GET ID,200,OK,TESTES 1-24,text,true,,422,125,1,1,http://localhost:8081/users/381,0,0,0
1763944773187,1,PUT,200,OK,TESTES 1-24,text,true,,409,320,1,1,http://localhost:8081/users/381,1,0,0
1763944773188,0,GET,200,OK,TESTES 1-24,text,true,,2940,121,1,1,http://localhost:8081/users,0,0,0
1763944773188,1,DELETE,200,OK,TESTES 1-24,text,true,,165,211,1,1,http://localhost:8081/users/381,1,0,0
1763944773189,0,Healthcheck,200,OK,TESTES 1-24,text,true,,176,127,1,1,http://localhost:8081/healthcheck,0,0,0
1763944773204,1,Healthcheck,200,OK,TESTES 1-25,text,true,,176,127,2,2,http://localhost:8081/healthcheck,1,0,0
1763944773189,41,POST,201,Created,TESTES 1-24,text,true,,341,376,2,2,http://localhost:8081/users,41,0,0
1763944773230,0,GET ID,200,OK,TESTES 1-24,text,true,,424,125,2,2,http://localhost:8081/users/382,0,0,0
1763944773230,1,PUT,200,OK,TESTES 1-24,text,true,,409,320,2,2,http://localhost:8081/users/382,1,0,0
1763944773231,0,GET,200,OK,TESTES 1-24,text,true,,2940,121,2,2,http://localhost:8081/users,0,0,0
1763944773231,0,DELETE,200,OK,TESTES 1-24,text,true,,165,211,2,2,http://localhost:8081/users/382,0,0,0
1763944773205,40,POST,201,Created,TESTES 1-25,text,true,,341,376,1,1,http://localhost:8081/users,40,0,0
1763944773245,0,GET ID,200,OK,TESTES 1-25,text,true,,424,125,1,1,http://localhost:8081/users/383,0,0,0
1763944773245,1,PUT,200,OK,TESTES 1-25,text,true,,408,320,1,1,http://localhost:8081/users/383,1,0,0
1763944773246,0,GET,200,OK,TESTES 1-25,text,true,,2939,121,1,1,http://localhost:8081/users,0,0,0
1763944773246,1,DELETE,200,OK,TESTES 1-25,text,true,,165,211,1,1,http://localhost:8081/users/383,1,0,0
1763944773247,0,Healthcheck,200,OK,TESTES 1-25,text,true,,176,127,1,1,http://localhost:8081/healthcheck,0,0,0
1763944773247,40,POST,201,Created,TESTES 1-25,text,true,,341,376,1,1,http://localhost:8081/users,40,0,0
1763944773287,0,GET ID,200,OK,TESTES 1-25,text,true,,422,125,1,1,http://localhost:8081/users/384,0,0,0
1763944773287,1,PUT,200,OK,TESTES 1-25,text,true,,408,320,1,1,http://localhost:8081/users/384,1,0,0
1763944773288,1,GET,200,OK,TESTES 1-25,text,true,,2939,121,1,1,http://localhost:8081/users,1,0,0
1763944773289,0,DELETE,200,OK,TESTES 1-25,text,true,,165,211,1,1,http://localhost:8081/users/384,0,0,0
1763944773289,0,Healthcheck,200,OK,TESTES 1-25,text,true,,176,127,1,1,http://localhost:8081/healthcheck,0,0,0
1763944773304,1,Healthcheck,200,OK,TESTES 1-26,text,true,,176,127,2,2,http://localhost:8081/healthcheck,1,0,1
1763944773289,44,POST,201,Created,TESTES 1-25,text,true,,340,375,2,2,http://localhost:8081/users,44,0,0
1763944773333,1,GET ID,200,OK,TESTES 1-25,text,true,,421,125,2,2,http://localhost:8081/users/385,1,0,0
1763944773334,1,PUT,200,OK,TESTES 1-25,text,true,,408,320,2,2,http://localhost:8081/users/385,1,0,0
1763944773335,0,GET,200,OK,TESTES 1-25,text,true,,2939,121,2,2,http://localhost:8081/users,0,0,0
1763944773335,1,DELETE,200,OK,TESTES 1-25,text,true,,165,211,2,2,http://localhost:8081/users/385,1,0,0
1763944773305,40,POST,201,Created,TESTES 1-26,text,true,,341,376,1,1,http://localhost:8081/users,40,0,0
1763944773345,0,GET ID,200,OK,TESTES 1-26,text,true,,422,125,1,1,http://localhost:8081/users/386,0,0,0
1763944773345,0,PUT,200,OK,TESTES 1-26,text,true,,408,320,1,1,http://localhost:8081/users/386,0,0,0
1763944773345,1,GET,200,OK,TESTES 1-26,text,true,,2939,121,1,1,http://localhost:8081/users,1,0,0
1763944773346,0,DELETE,200,OK,TESTES 1-26,text,true,,165,211,1,1,http://localhost:8081/users/386,0,0,0
1763944773346,0,Healthcheck,200,OK,TESTES 1-26,text,true,,176,127,1,1,http://localhost:8081/healthcheck,0,0,0
1763944773346,40,POST,201,Created,TESTES 1-26,text,true,,341,376,1,1,http://localhost:8081/users,40,0,0
1763944773386,0,GET ID,200,OK,TESTES 1-26,text,true,,424,125,1,1,http://localhost:8081/users/387,0,0,0
1763944773386,1,PUT,200,OK,TESTES 1-26,text,true,,409,320,1,1,http://localhost:8081/users/387,1,0,0
1763944773387,0,GET,200,OK,TESTES 1-26,text,true,,2940,121,1,1,http://localhost:8081/users,0,0,0
1763944773387,1,DELETE,200,OK,TESTES 1-26,text,true,,165,211,1,1,http://localhost:8081/users/387,1,0,0
1763944773388,0,Healthcheck,200,OK,TESTES 1-26,text,true,,176,127,1,1,http://localhost:8081/healthcheck,0,0,0
1763944773404,1,Healthcheck,200,OK,TESTES 1-27,text,true,,176,127,2,2,http://localhost:8081/healthcheck,1,0,1
1763944773388,41,POST,201,Created,TESTES 1-26,text,true,,341,376,2,2,http://localhost:8081/users,41,0,0
1763944773429,1,GET ID,200,OK,TESTES 1-26,text,true,,422,125,2,2,http://localhost:8081/users/388,1,0,0
1763944773430,0,PUT,200,OK,TESTES 1-26,text,true,,407,319,2,2,http://localhost:8081/users/388,0,0,0
1763944773430,0,GET,200,OK,TESTES 1-26,text,true,,2938,121,2,2,http://localhost:8081/users,0,0,0
1763944773430,1,DELETE,200,OK,TESTES 1-26,text,true,,165,211,2,2,http://localhost:8081/users/388,1,0,0
1763944773405,40,POST,201,Created,TESTES 1-27,text,true,,339,373,1,1,http://localhost:8081/users,40,0,0
1763944773445,0,GET ID,200,OK,TESTES 1-27,text,true,,422,125,1,1,http://localhost:8081/users/389,0,0,0
1763944773445,1,PUT,200,OK,TESTES 1-27,text,true,,408,319,1,1,http://localhost:8081/users/389,1,0,0
1763944773446,0,GET,200,OK,TESTES 1-27,text,true,,2939,121,1,1,http://localhost:8081/users,0,0,0
1763944773446,0,DELETE,200,OK,TESTES 1-27,text,true,,165,211,1,1,http://localhost:8081/users/389,0,0,0
1763944773446,0,Healthcheck,200,OK,TESTES 1-27,text,true,,176,127,1,1,http://localhost:8081/healthcheck,0,0,0
1763944773446,40,POST,201,Created,TESTES 1-27,text,true,,341,376,1,1,http://localhost:8081/users,40,0,0
1763944773486,0,GET ID,200,OK,TESTES 1-27,text,true,,424,125,1,1,http://localhost:8081/users/390,0,0,0
1763944773486,1,PUT,200,OK,TESTES 1-27,text,true,,409,320,1,1,http://localhost:8081/users/390,1,0,0
1763944773487,0,GET,200,OK,TESTES 1-27,text,true,,2940,121,1,1,http://localhost:8081/users,0,0,0
1763944773487,1,DELETE,200,OK,TESTES 1-27,text,true,,165,211,1,1,http://localhost:8081/users/390,1,0,0
1763944773488,0,Healthcheck,200,OK,TESTES 1-27,text,true,,176,127,1,1,http://localhost:8081/healthcheck,0,0,0
1763944773504,1,Healthcheck,200,OK,TESTES 1-28,text,true,,176,127,2,2,http://localhost:8081/healthcheck,1,0,1
1763944773488,39,POST,201,Created,TESTES 1-27,text,true,,341,376,2,2,http://localhost:8081/users,39,0,0
1763944773528,0,GET ID,200,OK,TESTES 1-27,text,true,,424,125,2,2,http://localhost:8081/users/391,0,0,0
1763944773528,0,PUT,200,OK,TESTES 1-27,text,true,,409,320,2,2,http://localhost:8081/users/391,0,0,0
1763944773529,0,GET,200,OK,TESTES 1-27,text,true,,2940,121,2,2,http://localhost:8081/users,0,0,0
1763944773529,0,DELETE,200,OK,TESTES 1-27,text,true,,165,211,2,2,http://localhost:8081/users/391,0,0,0
1763944773505,39,POST,201,Created,TESTES 1-28,text,true,,341,376,1,1,http://localhost:8081/users,39,0,0
1763944773545,0,GET ID,200,OK,TESTES 1-28,text,true,,424,125,1,1,http://localhost:8081/users/392,0,0,0
1763944773545,0,PUT,200,OK,TESTES 1-28,text,true,,409,320,1,1,http://localhost:8081/users/392,0,0,0
1763944773545,1,GET,200,OK,TESTES 1-28,text,true,,2940,121,1,1,http://localhost:8081/users,1,0,0
1763944773546,0,DELETE,200,OK,TESTES 1-28,text,true,,165,211,1,1,http://localhost:8081/users/392,0,0,0
1763944773546,0,Healthcheck,200,OK,TESTES 1-28,text,true,,176,127,1,1,http://localhost:8081/healthcheck,0,0,0
1763944773546,40,POST,201,Created,TESTES 1-28,text,true,,340,374,1,1,http://localhost:8081/users,40,0,0
1763944773586,1,GET ID,200,OK,TESTES 1-28,text,true,,423,125,1,1,http://localhost:8081/users/393,1,0,0
1763944773587,0,PUT,200,OK,TESTES 1-28,text,true,,409,320,1,1,http://localhost:8081/users/393,0,0,0
1763944773587,0,GET,200,OK,TESTES 1-28,text,true,,2940,121,1,1,http://localhost:8081/users,0,0,0
1763944773587,1,DELETE,200,OK,TESTES 1-28,text,true,,165,211,1,1,http://localhost:8081/users/393,1,0,0
1763944773588,0,Healthcheck,200,OK,TESTES 1-28,text,true,,176,127,1,1,http://localhost:8081/healthcheck,0,0,0
1763944773605,0,Healthcheck,200,OK,TESTES 1-29,text,true,,176,127,2,2,http://localhost:8081/healthcheck,0,0,0
1763944773588,41,POST,201,Created,TESTES 1-28,text,true,,341,376,2,2,http://localhost:8081/users,41,0,0
1763944773629,0,GET ID,200,OK,TESTES 1-28,text,true,,424,125,2,2,http://localhost:8081/users/394,0,0,0
1763944773630,0,PUT,200,OK,TESTES 1-28,text,true,,409,320,2,2,http://localhost:8081/users/394,0,0,0
1763944773630,1,GET,200,OK,TESTES 1-28,text,true,,2940,121,2,2,http://localhost:8081/users,1,0,0
1763944773631,0,DELETE,200,OK,TESTES 1-28,text,true,,165,211,2,2,http://localhost:8081/users/394,0,0,0
1763944773605,40,POST,201,Created,TESTES 1-29,text,true,,341,376,1,1,http://localhost:8081/users,40,0,0
1763944773645,0,GET ID,200,OK,TESTES 1-29,text,true,,424,125,1,1,http://localhost:8081/users/395,0,0,0
1763944773645,1,PUT,200,OK,TESTES 1-29,text,true,,409,320,1,1,http://localhost:8081/users/395,1,0,0
1763944773646,0,GET,200,OK,TESTES 1-29,text,true,,2940,121,1,1,http://localhost:8081/users,0,0,0
1763944773646,1,DELETE,200,OK,TESTES 1-29,text,true,,165,211,1,1,http://localhost:8081/users/395,1,0,0
1763944773647,0,Healthcheck,200,OK,TESTES 1-29,text,true,,176,127,1,1,http://localhost:8081/healthcheck,0,0,0
1763944773647,39,POST,201,Created,TESTES 1-29,text,true,,340,375,1,1,http://localhost:8081/users,39,0,0
1763944773686,0,GET ID,200,OK,TESTES 1-29,text,true,,423,125,1,1,http://localhost:8081/users/396,0,0,0
1763944773686,1,PUT,200,OK,TESTES 1-29,text,true,,409,320,1,1,http://localhost:8081/users/396,1,0,0
1763944773687,0,GET,200,OK,TESTES 1-29,text,true,,2940,121,1,1,http://localhost:8081/users,0,0,0
1763944773687,1,DELETE,200,OK,TESTES 1-29,text,true,,165,211,1,1,http://localhost:8081/users/396,1,0,0
1763944773688,0,Healthcheck,200,OK,TESTES 1-29,text,true,,176,127,1,1,http://localhost:8081/healthcheck,0,0,0
1763944773704,1,Healthcheck,200,OK,TESTES 1-30,text,true,,176,127,2,2,http://localhost:8081/healthcheck,1,0,1
1763944773688,41,POST,201,Created,TESTES 1-29,text,true,,341,376,2,2,http://localhost:8081/users,41,0,0
1763944773729,0,GET ID,200,OK,TESTES 1-29,text,true,,424,125,2,2,http://localhost:8081/users/397,0,0,0
1763944773729,1,PUT,200,OK,TESTES 1-29,text,true,,408,320,2,2,http://localhost:8081/users/397,1,0,0
1763944773730,0,GET,200,OK,TESTES 1-29,text,true,,2939,121,2,2,http://localhost:8081/users,0,0,0
1763944773730,1,DELETE,200,OK,TESTES 1-29,text,true,,165,211,2,2,http://localhost:8081/users/397,1,0,0
1763944773705,41,POST,201,Created,TESTES 1-30,text,true,,341,376,1,1,http://localhost:8081/users,41,0,0
1763944773746,1,GET ID,200,OK,TESTES 1-30,text,true,,424,125,1,1,http://localhost:8081/users/398,1,0,0
1763944773747,1,PUT,200,OK,TESTES 1-30,text,true,,409,320,1,1,http://localhost:8081/users/398,1,0,0
1763944773748,0,GET,200,OK,TESTES 1-30,text,true,,2940,121,1,1,http://localhost:8081/users,0,0,0
1763944773748,1,DELETE,200,OK,TESTES 1-30,text,true,,165,211,1,1,http://localhost:8081/users/398,1,0,0
1763944773749,0,Healthcheck,200,OK,TESTES 1-30,text,true,,176,127,1,1,http://localhost:8081/healthcheck,0,0,0
1763944773749,43,POST,201,Created,TESTES 1-30,text,true,,341,376,1,1,http://localhost:8081/users,43,0,0
1763944773792,1,GET ID,200,OK,TESTES 1-30,text,true,,424,125,1,1,http://localhost:8081/users/399,1,0,0
1763944773793,0,PUT,200,OK,TESTES 1-30,text,true,,409,320,1,1,http://localhost:8081/users/399,0,0,0
1763944773794,0,GET,200,OK,TESTES 1-30,text,true,,2940,121,1,1,http://localhost:8081/users,0,0,0
1763944773794,1,DELETE,200,OK,TESTES 1-30,text,true,,165,211,1,1,http://localhost:8081/users/399,1,0,0
1763944773795,0,Healthcheck,200,OK,TESTES 1-30,text,true,,176,127,1,1,http://localhost:8081/healthcheck,0,0,0
1763944773805,5,Healthcheck,200,OK,TESTES 1-31,text,true,,176,127,2,2,http://localhost:8081/healthcheck,5,0,0
1763944773795,42,POST,201,Created,TESTES 1-30,text,true,,341,376,2,2,http://localhost:8081/users,42,0,0
1763944773837,0,GET ID,200,OK,TESTES 1-30,text,true,,424,125,2,2,http://localhost:8081/users/400,0,0,0
1763944773837,1,PUT,200,OK,TESTES 1-30,text,true,,409,320,2,2,http://localhost:8081/users/400,1,0,0
1763944773838,1,GET,200,OK,TESTES 1-30,text,true,,2940,121,2,2,http://localhost:8081/users,0,0,0
1763944773839,0,DELETE,200,OK,TESTES 1-30,text,true,,165,211,2,2,http://localhost:8081/users/400,0,0,0
1763944773810,40,POST,201,Created,TESTES 1-31,text,true,,341,375,1,1,http://localhost:8081/users,40,0,0
1763944773850,0,GET ID,200,OK,TESTES 1-31,text,true,,424,125,1,1,http://localhost:8081/users/401,0,0,0
1763944773850,1,PUT,200,OK,TESTES 1-31,text,true,,408,319,1,1,http://localhost:8081/users/401,1,0,0
1763944773851,0,GET,200,OK,TESTES 1-31,text,true,,2939,121,1,1,http://localhost:8081/users,0,0,0
1763944773851,0,DELETE,200,OK,TESTES 1-31,text,true,,165,211,1,1,http://localhost:8081/users/401,0,0,0
1763944773851,0,Healthcheck,200,OK,TESTES 1-31,text,true,,176,127,1,1,http://localhost:8081/healthcheck,0,0,0
1763944773851,43,POST,201,Created,TESTES 1-31,text,true,,341,376,1,1,http://localhost:8081/users,43,0,0
1763944773894,0,GET ID,200,OK,TESTES 1-31,text,true,,422,125,1,1,http://localhost:8081/users/402,0,0,0
1763944773894,1,PUT,200,OK,TESTES 1-31,text,true,,408,320,1,1,http://localhost:8081/users/402,1,0,0
1763944773895,0,GET,200,OK,TESTES 1-31,text,true,,2939,121,1,1,http://localhost:8081/users,0,0,0
1763944773896,0,DELETE,200,OK,TESTES 1-31,text,true,,165,211,1,1,http://localhost:8081/users/402,0,0,0
1763944773896,0,Healthcheck,200,OK,TESTES 1-31,text,true,,176,127,1,1,http://localhost:8081/healthcheck,0,0,0
1763944773904,0,Healthcheck,200,OK,TESTES 1-32,text,true,,176,127,2,2,http://localhost:8081/healthcheck,0,0,0
1763944773896,40,POST,201,Created,TESTES 1-31,text,true,,340,375,2,2,http://localhost:8081/users,40,0,0
1763944773936,1,GET ID,200,OK,TESTES 1-31,text,true,,423,125,2,2,http://localhost:8081/users/403,1,0,0
1763944773937,0,PUT,200,OK,TESTES 1-31,text,true,,409,320,2,2,http://localhost:8081/users/403,0,0,0
1763944773937,1,GET,200,OK,TESTES 1-31,text,true,,2940,121,2,2,http://localhost:8081/users,1,0,0
1763944773938,1,DELETE,200,OK,TESTES 1-31,text,true,,165,211,2,2,http://localhost:8081/users/403,1,0,0
1763944773904,40,POST,201,Created,TESTES 1-32,text,true,,341,376,1,1,http://localhost:8081/users,40,0,0
1763944773944,0,GET ID,200,OK,TESTES 1-32,text,true,,422,125,1,1,http://localhost:8081/users/404,0,0,0
1763944773944,0,PUT,200,OK,TESTES 1-32,text,true,,408,320,1,1,http://localhost:8081/users/404,0,0,0
1763944773944,1,GET,200,OK,TESTES 1-32,text,true,,2939,121,1,1,http://localhost:8081/users,1,0,0
1763944773945,0,DELETE,200,OK,TESTES 1-32,text,true,,165,211,1,1,http://localhost:8081/users/404,0,0,0
1763944773945,0,Healthcheck,200,OK,TESTES 1-32,text,true,,176,127,1,1,http://localhost:8081/healthcheck,0,0,0
1763944773945,40,POST,201,Created,TESTES 1-32,text,true,,340,375,1,1,http://localhost:8081/users,40,0,0
1763944773985,0,GET ID,200,OK,TESTES 1-32,text,true,,423,125,1,1,http://localhost:8081/users/405,0,0,0
1763944773985,1,PUT,200,OK,TESTES 1-32,text,true,,409,320,1,1,http://localhost:8081/users/405,1,0,0
1763944773986,1,GET,200,OK,TESTES 1-32,text,true,,2940,121,1,1,http://localhost:8081/users,1,0,0
1763944773987,0,DELETE,200,OK,TESTES 1-32,text,true,,165,211,1,1,http://localhost:8081/users/405,0,0,0
1763944773987,0,Healthcheck,200,OK,TESTES 1-32,text,true,,176,127,1,1,http://localhost:8081/healthcheck,0,0,0
1763944774004,0,Healthcheck,200,OK,TESTES 1-33,text,true,,176,127,2,2,http://localhost:8081/healthcheck,0,0,0
1763944773987,40,POST,201,Created,TESTES 1-32,text,true,,341,375,2,2,http://localhost:8081/users,40,0,0
1763944774027,0,GET ID,200,OK,TESTES 1-32,text,true,,424,125,2,2,http://localhost:8081/users/406,0,0,0
1763944774027,0,PUT,200,OK,TESTES 1-32,text,true,,409,320,2,2,http://localhost:8081/users/406,0,0,0
1763944774027,1,GET,200,OK,TESTES 1-32,text,true,,2940,121,2,2,http://localhost:8081/users,1,0,0
1763944774028,0,DELETE,200,OK,TESTES 1-32,text,true,,165,211,2,2,http://localhost:8081/users/406,0,0,0
1763944774004,40,POST,201,Created,TESTES 1-33,text,true,,341,376,1,1,http://localhost:8081/users,40,0,0
1763944774044,0,GET ID,200,OK,TESTES 1-33,text,true,,424,125,1,1,http://localhost:8081/users/407,0,0,0
1763944774044,1,PUT,200,OK,TESTES 1-33,text,true,,409,320,1,1,http://localhost:8081/users/407,1,0,0
1763944774045,0,GET,200,OK,TESTES 1-33,text,true,,2940,121,1,1,http://localhost:8081/users,0,0,0
1763944774045,1,DELETE,200,OK,TESTES 1-33,text,true,,165,211,1,1,http://localhost:8081/users/407,1,0,0
1763944774046,0,Healthcheck,200,OK,TESTES 1-33,text,true,,176,127,1,1,http://localhost:8081/healthcheck,0,0,0
1763944774046,39,POST,201,Created,TESTES 1-33,text,true,,341,376,1,1,http://localhost:8081/users,39,0,0
1763944774085,1,GET ID,200,OK,TESTES 1-33,text,true,,424,125,1,1,http://localhost:8081/users/408,1,0,0
1763944774086,0,PUT,200,OK,TESTES 1-33,text,true,,409,320,1,1,http://localhost:8081/users/408,0,0,0
1763944774087,0,GET,200,OK,TESTES 1-33,text,true,,2940,121,1,1,http://localhost:8081/users,0,0,0
1763944774087,0,DELETE,200,OK,TESTES 1-33,text,true,,165,211,1,1,http://localhost:8081/users/408,0,0,0
1763944774087,0,Healthcheck,200,OK,TESTES 1-33,text,true,,176,127,1,1,http://localhost:8081/healthcheck,0,0,0
1763944774105,0,Healthcheck,200,OK,TESTES 1-34,text,true,,176,127,2,2,http://localhost:8081/healthcheck,0,0,0
1763944774088,41,POST,201,Created,TESTES 1-33,text,true,,341,376,2,2,http://localhost:8081/users,41,0,0
1763944774129,0,GET ID,200,OK,TESTES 1-33,text,true,,424,125,2,2,http://localhost:8081/users/409,0,0,0
1763944774129,1,PUT,200,OK,TESTES 1-33,text,true,,409,320,2,2,http://localhost:8081/users/409,1,0,0
1763944774130,0,GET,200,OK,TESTES 1-33,text,true,,2940,121,2,2,http://localhost:8081/users,0,0,0
1763944774130,0,DELETE,200,OK,TESTES 1-33,text,true,,165,211,2,2,http://localhost:8081/users/409,0,0,0
1763944774105,40,POST,201,Created,TESTES 1-34,text,true,,339,374,1,1,http://localhost:8081/users,40,0,0
1763944774145,0,GET ID,200,OK,TESTES 1-34,text,true,,422,125,1,1,http://localhost:8081/users/410,0,0,0
1763944774145,1,PUT,200,OK,TESTES 1-34,text,true,,409,320,1,1,http://localhost:8081/users/410,1,0,0
1763944774146,0,GET,200,OK,TESTES 1-34,text,true,,2940,121,1,1,http://localhost:8081/users,0,0,0
1763944774146,0,DELETE,200,OK,TESTES 1-34,text,true,,165,211,1,1,http://localhost:8081/users/410,0,0,0
1763944774146,0,Healthcheck,200,OK,TESTES 1-34,text,true,,176,127,1,1,http://localhost:8081/healthcheck,0,0,0
1763944774146,40,POST,201,Created,TESTES 1-34,text,true,,341,375,1,1,http://localhost:8081/users,40,0,0
1763944774186,0,GET ID,200,OK,TESTES 1-34,text,true,,424,125,1,1,http://localhost:8081/users/411,0,0,0
1763944774186,1,PUT,200,OK,TESTES 1-34,text,true,,409,320,1,1,http://localhost:8081/users/411,1,0,0
1763944774187,0,GET,200,OK,TESTES 1-34,text,true,,2940,121,1,1,http://localhost:8081/users,0,0,0
1763944774187,1,DELETE,200,OK,TESTES 1-34,text,true,,165,211,1,1,http://localhost:8081/users/411,1,0,0
1763944774188,0,Healthcheck,200,OK,TESTES 1-34,text,true,,176,127,1,1,http://localhost:8081/healthcheck,0,0,0
1763944774204,0,Healthcheck,200,OK,TESTES 1-35,text,true,,176,127,2,2,http://localhost:8081/healthcheck,0,0,0
1763944774188,39,POST,201,Created,TESTES 1-34,text,true,,341,376,2,2,http://localhost:8081/users,39,0,0
1763944774227,0,GET ID,200,OK,TESTES 1-34,text,true,,424,125,2,2,http://localhost:8081/users/412,0,0,0
1763944774227,1,PUT,200,OK,TESTES 1-34,text,true,,408,319,2,2,http://localhost:8081/users/412,1,0,0
1763944774228,0,GET,200,OK,TESTES 1-34,text,true,,2939,121,2,2,http://localhost:8081/users,0,0,0
1763944774228,1,DELETE,200,OK,TESTES 1-34,text,true,,165,211,2,2,http://localhost:8081/users/412,1,0,0
1763944774204,40,POST,201,Created,TESTES 1-35,text,true,,341,375,1,1,http://localhost:8081/users,40,0,0
1763944774245,0,GET ID,200,OK,TESTES 1-35,text,true,,424,125,1,1,http://localhost:8081/users/413,0,0,0
1763944774245,1,PUT,200,OK,TESTES 1-35,text,true,,409,320,1,1,http://localhost:8081/users/413,1,0,0
1763944774246,0,GET,200,OK,TESTES 1-35,text,true,,2940,121,1,1,http://localhost:8081/users,0,0,0
1763944774246,0,DELETE,200,OK,TESTES 1-35,text,true,,165,211,1,1,http://localhost:8081/users/413,0,0,0
1763944774246,1,Healthcheck,200,OK,TESTES 1-35,text,true,,176,127,1,1,http://localhost:8081/healthcheck,1,0,0
1763944774247,40,POST,201,Created,TESTES 1-35,text,true,,341,376,1,1,http://localhost:8081/users,40,0,0
1763944774288,0,GET ID,200,OK,TESTES 1-35,text,true,,424,125,1,1,http://localhost:8081/users/414,0,0,0
1763944774288,1,PUT,200,OK,TESTES 1-35,text,true,,409,320,1,1,http://localhost:8081/users/414,1,0,0
1763944774289,0,GET,200,OK,TESTES 1-35,text,true,,2940,121,1,1,http://localhost:8081/users,0,0,0
1763944774289,0,DELETE,200,OK,TESTES 1-35,text,true,,165,211,1,1,http://localhost:8081/users/414,0,0,0
1763944774290,0,Healthcheck,200,OK,TESTES 1-35,text,true,,176,127,1,1,http://localhost:8081/healthcheck,0,0,0
1763944774304,0,Healthcheck,200,OK,TESTES 1-36,text,true,,176,127,2,2,http://localhost:8081/healthcheck,0,0,0
1763944774290,39,POST,201,Created,TESTES 1-35,text,true,,341,376,2,2,http://localhost:8081/users,39,0,0
1763944774329,0,GET ID,200,OK,TESTES 1-35,text,true,,424,125,2,2,http://localhost:8081/users/415,0,0,0
1763944774329,1,PUT,200,OK,TESTES 1-35,text,true,,409,320,2,2,http://localhost:8081/users/415,1,0,0
1763944774330,0,GET,200,OK,TESTES 1-35,text,true,,2940,121,2,2,http://localhost:8081/users,0,0,0
1763944774330,1,DELETE,200,OK,TESTES 1-35,text,true,,165,211,2,2,http://localhost:8081/users/415,1,0,0
1763944774305,39,POST,201,Created,TESTES 1-36,text,true,,341,376,1,1,http://localhost:8081/users,39,0,0
1763944774345,0,GET ID,200,OK,TESTES 1-36,text,true,,424,125,1,1,http://localhost:8081/users/416,0,0,0
1763944774345,0,PUT,200,OK,TESTES 1-36,text,true,,409,320,1,1,http://localhost:8081/users/416,0,0,0
1763944774345,0,GET,200,OK,TESTES 1-36,text,true,,2940,121,1,1,http://localhost:8081/users,0,0,0
1763944774346,0,DELETE,200,OK,TESTES 1-36,text,true,,165,211,1,1,http://localhost:8081/users/416,0,0,0
1763944774346,0,Healthcheck,200,OK,TESTES 1-36,text,true,,176,127,1,1,http://localhost:8081/healthcheck,0,0,0
1763944774346,40,POST,201,Created,TESTES 1-36,text,true,,341,376,1,1,http://localhost:8081/users,40,0,0
1763944774386,0,GET ID,200,OK,TESTES 1-36,text,true,,424,125,1,1,http://localhost:8081/users/417,0,0,0
1763944774386,1,PUT,200,OK,TESTES 1-36,text,true,,407,319,1,1,http://localhost:8081/users/417,1,0,0
1763944774387,0,GET,200,OK,TESTES 1-36,text,true,,2938,121,1,1,http://localhost:8081/users,0,0,0
1763944774387,1,DELETE,200,OK,TESTES 1-36,text,true,,165,211,1,1,http://localhost:8081/users/417,1,0,0
1763944774388,0,Healthcheck,200,OK,TESTES 1-36,text,true,,176,127,1,1,http://localhost:8081/healthcheck,0,0,0
1763944774404,1,Healthcheck,200,OK,TESTES 1-37,text,true,,176,127,2,2,http://localhost:8081/healthcheck,1,0,0
1763944774388,39,POST,201,Created,TESTES 1-36,text,true,,341,376,2,2,http://localhost:8081/users,39,0,0
1763944774428,0,GET ID,200,OK,TESTES 1-36,text,true,,424,125,2,2,http://localhost:8081/users/418,0,0,0
1763944774428,1,PUT,200,OK,TESTES 1-36,text,true,,408,319,2,2,http://localhost:8081/users/418,1,0,0
1763944774429,0,GET,200,OK,TESTES 1-36,text,true,,2939,121,2,2,http://localhost:8081/users,0,0,0
1763944774429,0,DELETE,200,OK,TESTES 1-36,text,true,,165,211,2,2,http://localhost:8081/users/418,0,0,0
1763944774405,39,POST,201,Created,TESTES 1-37,text,true,,341,376,1,1,http://localhost:8081/users,39,0,0
1763944774445,0,GET ID,200,OK,TESTES 1-37,text,true,,424,125,1,1,http://localhost:8081/users/419,0,0,0
1763944774445,1,PUT,200,OK,TESTES 1-37,text,true,,409,320,1,1,http://localhost:8081/users/419,1,0,0
1763944774446,0,GET,200,OK,TESTES 1-37,text,true,,2940,121,1,1,http://localhost:8081/users,0,0,0
1763944774446,0,DELETE,200,OK,TESTES 1-37,text,true,,165,211,1,1,http://localhost:8081/users/419,0,0,0
1763944774446,0,Healthcheck,200,OK,TESTES 1-37,text,true,,176,127,1,1,http://localhost:8081/healthcheck,0,0,0
1763944774446,40,POST,201,Created,TESTES 1-37,text,true,,341,376,1,1,http://localhost:8081/users,40,0,0
1763944774486,1,GET ID,200,OK,TESTES 1-37,text,true,,424,125,1,1,http://localhost:8081/users/420,1,0,0
1763944774487,0,PUT,200,OK,TESTES 1-37,text,true,,409,320,1,1,http://localhost:8081/users/420,0,0,0
1763944774487,0,GET,200,OK,TESTES 1-37,text,true,,2940,121,1,1,http://localhost:8081/users,0,0,0
1763944774487,1,DELETE,200,OK,TESTES 1-37,text,true,,165,211,1,1,http://localhost:8081/users/420,1,0,0
1763944774488,0,Healthcheck,200,OK,TESTES 1-37,text,true,,176,127,1,1,http://localhost:8081/healthcheck,0,0,0
1763944774504,1,Healthcheck,200,OK,TESTES 1-38,text,true,,176,127,2,2,http://localhost:8081/healthcheck,1,0,0
1763944774488,40,POST,201,Created,TESTES 1-37,text,true,,341,376,2,2,http://localhost:8081/users,40,0,0
1763944774528,1,GET ID,200,OK,TESTES 1-37,text,true,,424,125,2,2,http://localhost:8081/users/421,1,0,0
1763944774529,0,PUT,200,OK,TESTES 1-37,text,true,,408,320,2,2,http://localhost:8081/users/421,0,0,0
1763944774529,1,GET,200,OK,TESTES 1-37,text,true,,2939,121,2,2,http://localhost:8081/users,1,0,0
1763944774530,0,DELETE,200,OK,TESTES 1-37,text,true,,165,211,2,2,http://localhost:8081/users/421,0,0,0
1763944774505,39,POST,201,Created,TESTES 1-38,text,true,,341,376,1,1,http://localhost:8081/users,39,0,0
1763944774545,0,GET ID,200,OK,TESTES 1-38,text,true,,424,125,1,1,http://localhost:8081/users/422,0,0,0
1763944774545,0,PUT,200,OK,TESTES 1-38,text,true,,408,320,1,1,http://localhost:8081/users/422,0,0,0
1763944774545,0,GET,200,OK,TESTES 1-38,text,true,,2939,121,1,1,http://localhost:8081/users,0,0,0
1763944774545,1,DELETE,200,OK,TESTES 1-38,text,true,,165,211,1,1,http://localhost:8081/users/422,1,0,0
1763944774546,0,Healthcheck,200,OK,TESTES 1-38,text,true,,176,127,1,1,http://localhost:8081/healthcheck,0,0,0
1763944774546,40,POST,201,Created,TESTES 1-38,text,true,,340,375,1,1,http://localhost:8081/users,40,0,0
1763944774586,0,GET ID,200,OK,TESTES 1-38,text,true,,423,125,1,1,http://localhost:8081/users/423,0,0,0
1763944774586,1,PUT,200,OK,TESTES 1-38,text,true,,409,320,1,1,http://localhost:8081/users/423,1,0,0
1763944774587,0,GET,200,OK,TESTES 1-38,text,true,,2940,121,1,1,http://localhost:8081/users,0,0,0
1763944774587,1,DELETE,200,OK,TESTES 1-38,text,true,,165,211,1,1,http://localhost:8081/users/423,1,0,0
1763944774588,0,Healthcheck,200,OK,TESTES 1-38,text,true,,176,127,1,1,http://localhost:8081/healthcheck,0,0,0
1763944774604,1,Healthcheck,200,OK,TESTES 1-39,text,true,,176,127,2,2,http://localhost:8081/healthcheck,1,0,0
1763944774588,40,POST,201,Created,TESTES 1-38,text,true,,341,376,2,2,http://localhost:8081/users,40,0,0
1763944774628,0,GET ID,200,OK,TESTES 1-38,text,true,,424,125,2,2,http://localhost:8081/users/424,0,0,0
1763944774628,1,PUT,200,OK,TESTES 1-38,text,true,,409,320,2,2,http://localhost:8081/users/424,1,0,0
1763944774629,0,GET,200,OK,TESTES 1-38,text,true,,2940,121,2,2,http://localhost:8081/users,0,0,0
1763944774629,1,DELETE,200,OK,TESTES 1-38,text,true,,165,211,2,2,http://localhost:8081/users/424,1,0,0
1763944774605,40,POST,201,Created,TESTES 1-39,text,true,,341,376,1,1,http://localhost:8081/users,40,0,0
1763944774645,0,GET ID,200,OK,TESTES 1-39,text,true,,424,125,1,1,http://localhost:8081/users/425,0,0,0
1763944774645,1,PUT,200,OK,TESTES 1-39,text,true,,409,320,1,1,http://localhost:8081/users/425,1,0,0
1763944774646,0,GET,200,OK,TESTES 1-39,text,true,,2940,121,1,1,http://localhost:8081/users,0,0,0
1763944774646,1,DELETE,200,OK,TESTES 1-39,text,true,,165,211,1,1,http://localhost:8081/users/425,1,0,0
1763944774647,0,Healthcheck,200,OK,TESTES 1-39,text,true,,176,127,1,1,http://localhost:8081/healthcheck,0,0,0
1763944774647,39,POST,201,Created,TESTES 1-39,text,true,,340,375,1,1,http://localhost:8081/users,39,0,0
1763944774686,1,GET ID,200,OK,TESTES 1-39,text,true,,423,125,1,1,http://localhost:8081/users/426,1,0,0
1763944774687,1,PUT,200,OK,TESTES 1-39,text,true,,407,318,1,1,http://localhost:8081/users/426,1,0,0
1763944774688,0,GET,200,OK,TESTES 1-39,text,true,,2938,121,1,1,http://localhost:8081/users,0,0,0
1763944774688,1,DELETE,200,OK,TESTES 1-39,text,true,,165,211,1,1,http://localhost:8081/users/426,1,0,0
1763944774689,0,Healthcheck,200,OK,TESTES 1-39,text,true,,176,127,1,1,http://localhost:8081/healthcheck,0,0,0
1763944774704,1,Healthcheck,200,OK,TESTES 1-40,text,true,,176,127,2,2,http://localhost:8081/healthcheck,1,0,0
1763944774689,40,POST,201,Created,TESTES 1-39,text,true,,341,376,2,2,http://localhost:8081/users,40,0,0
1763944774729,0,GET ID,200,OK,TESTES 1-39,text,true,,424,125,2,2,http://localhost:8081/users/427,0,0,0
1763944774729,1,PUT,200,OK,TESTES 1-39,text,true,,409,320,2,2,http://localhost:8081/users/427,1,0,0
1763944774730,0,GET,200,OK,TESTES 1-39,text,true,,2940,121,2,2,http://localhost:8081/users,0,0,0
1763944774730,1,DELETE,200,OK,TESTES 1-39,text,true,,165,211,2,2,http://localhost:8081/users/427,1,0,0
1763944774705,40,POST,201,Created,TESTES 1-40,text,true,,340,375,1,1,http://localhost:8081/users,40,0,0
1763944774745,1,GET ID,200,OK,TESTES 1-40,text,true,,423,125,1,1,http://localhost:8081/users/428,1,0,0
1763944774746,0,PUT,200,OK,TESTES 1-40,text,true,,408,319,1,1,http://localhost:8081/users/428,0,0,0
1763944774746,1,GET,200,OK,TESTES 1-40,text,true,,2939,121,1,1,http://localhost:8081/users,1,0,0
1763944774747,0,DELETE,200,OK,TESTES 1-40,text,true,,165,211,1,1,http://localhost:8081/users/428,0,0,0
1763944774747,0,Healthcheck,200,OK,TESTES 1-40,text,true,,176,127,1,1,http://localhost:8081/healthcheck,0,0,0
1763944774747,41,POST,201,Created,TESTES 1-40,text,true,,341,376,1,1,http://localhost:8081/users,41,0,0
1763944774788,0,GET ID,200,OK,TESTES 1-40,text,true,,420,125,1,1,http://localhost:8081/users/429,0,0,0
1763944774788,1,PUT,200,OK,TESTES 1-40,text,true,,407,320,1,1,http://localhost:8081/users/429,1,0,0
1763944774789,1,GET,200,OK,TESTES 1-40,text,true,,2938,121,1,1,http://localhost:8081/users,1,0,0
1763944774790,0,DELETE,200,OK,TESTES 1-40,text,true,,165,211,1,1,http://localhost:8081/users/429,0,0,0
1763944774790,0,Healthcheck,200,OK,TESTES 1-40,text,true,,176,127,1,1,http://localhost:8081/healthcheck,0,0,0
1763944774804,1,Healthcheck,200,OK,TESTES 1-41,text,true,,176,127,2,2,http://localhost:8081/healthcheck,1,0,0
1763944774790,40,POST,201,Created,TESTES 1-40,text,true,,341,376,2,2,http://localhost:8081/users,40,0,0
1763944774830,0,GET ID,200,OK,TESTES 1-40,text,true,,424,125,2,2,http://localhost:8081/users/430,0,0,0
1763944774830,1,PUT,200,OK,TESTES 1-40,text,true,,408,319,2,2,http://localhost:8081/users/430,1,0,0
1763944774831,0,GET,200,OK,TESTES 1-40,text,true,,2939,121,2,2,http://localhost:8081/users,0,0,0
1763944774831,1,DELETE,200,OK,TESTES 1-40,text,true,,165,211,2,2,http://localhost:8081/users/430,1,0,0
1763944774805,40,POST,201,Created,TESTES 1-41,text,true,,341,375,1,1,http://localhost:8081/users,40,0,0
1763944774845,1,GET ID,200,OK,TESTES 1-41,text,true,,424,125,1,1,http://localhost:8081/users/431,1,0,0
1763944774846,0,PUT,200,OK,TESTES 1-41,text,true,,409,320,1,1,http://localhost:8081/users/431,0,0,0
1763944774846,0,GET,200,OK,TESTES 1-41,text,true,,2940,121,1,1,http://localhost:8081/users,0,0,0
1763944774846,1,DELETE,200,OK,TESTES 1-41,text,true,,165,211,1,1,http://localhost:8081/users/431,1,0,0
1763944774847,0,Healthcheck,200,OK,TESTES 1-41,text,true,,176,127,1,1,http://localhost:8081/healthcheck,0,0,0
1763944774847,47,POST,201,Created,TESTES 1-41,text,true,,341,376,1,1,http://localhost:8081/users,47,0,0
1763944774894,0,GET ID,200,OK,TESTES 1-41,text,true,,424,125,1,1,http://localhost:8081/users/432,0,0,0
1763944774894,1,PUT,200,OK,TESTES 1-41,text,true,,409,320,1,1,http://localhost:8081/users/432,1,0,0
1763944774895,0,GET,200,OK,TESTES 1-41,text,true,,2940,121,1,1,http://localhost:8081/users,0,0,0
1763944774895,0,DELETE,200,OK,TESTES 1-41,text,true,,165,211,1,1,http://localhost:8081/users/432,0,0,0
1763944774895,0,Healthcheck,200,OK,TESTES 1-41,text,true,,176,127,1,1,http://localhost:8081/healthcheck,0,0,0
1763944774904,8,Healthcheck,200,OK,TESTES 1-42,text,true,,176,127,2,2,http://localhost:8081/healthcheck,8,0,0
1763944774895,40,POST,201,Created,TESTES 1-41,text,true,,340,375,2,2,http://localhost:8081/users,40,0,0
1763944774935,0,GET ID,200,OK,TESTES 1-41,text,true,,421,125,2,2,http://localhost:8081/users/433,0,0,0
1763944774935,1,PUT,200,OK,TESTES 1-41,text,true,,408,320,2,2,http://localhost:8081/users/433,1,0,0
1763944774936,0,GET,200,OK,TESTES 1-41,text,true,,2939,121,2,2,http://localhost:8081/users,0,0,0
1763944774936,1,DELETE,200,OK,TESTES 1-41,text,true,,165,211,2,2,http://localhost:8081/users/433,1,0,0
1763944774912,40,POST,201,Created,TESTES 1-42,text,true,,341,376,1,1,http://localhost:8081/users,40,0,0
1763944774952,0,GET ID,200,OK,TESTES 1-42,text,true,,424,125,1,1,http://localhost:8081/users/434,0,0,0
1763944774952,1,PUT,200,OK,TESTES 1-42,text,true,,408,320,1,1,http://localhost:8081/users/434,1,0,0
1763944774953,0,GET,200,OK,TESTES 1-42,text,true,,2939,121,1,1,http://localhost:8081/users,0,0,0
1763944774953,0,DELETE,200,OK,TESTES 1-42,text,true,,165,211,1,1,http://localhost:8081/users/434,0,0,0
1763944774953,0,Healthcheck,200,OK,TESTES 1-42,text,true,,176,127,1,1,http://localhost:8081/healthcheck,0,0,0
1763944774953,40,POST,201,Created,TESTES 1-42,text,true,,341,376,1,1,http://localhost:8081/users,40,0,0
1763944774993,0,GET ID,200,OK,TESTES 1-42,text,true,,424,125,1,1,http://localhost:8081/users/435,0,0,0
1763944774993,1,PUT,200,OK,TESTES 1-42,text,true,,409,320,1,1,http://localhost:8081/users/435,1,0,0
1763944774994,1,GET,200,OK,TESTES 1-42,text,true,,2940,121,1,1,http://localhost:8081/users,1,0,0
1763944774995,1,DELETE,200,OK,TESTES 1-42,text,true,,165,211,1,1,http://localhost:8081/users/435,1,0,0
1763944774996,0,Healthcheck,200,OK,TESTES 1-42,text,true,,176,127,1,1,http://localhost:8081/healthcheck,0,0,0
1763944775004,6,Healthcheck,200,OK,TESTES 1-43,text,true,,176,127,2,2,http://localhost:8081/healthcheck,6,0,1
1763944774996,40,POST,201,Created,TESTES 1-42,text,true,,341,376,2,2,http://localhost:8081/users,40,0,0
1763944775036,1,GET ID,200,OK,TESTES 1-42,text,true,,424,125,2,2,http://localhost:8081/users/436,1,0,0
1763944775037,0,PUT,200,OK,TESTES 1-42,text,true,,409,320,2,2,http://localhost:8081/users/436,0,0,0
1763944775037,1,GET,200,OK,TESTES 1-42,text,true,,2940,121,2,2,http://localhost:8081/users,1,0,0
1763944775038,0,DELETE,200,OK,TESTES 1-42,text,true,,165,211,2,2,http://localhost:8081/users/436,0,0,0
1763944775010,40,POST,201,Created,TESTES 1-43,text,true,,341,376,1,1,http://localhost:8081/users,40,0,0
1763944775050,0,GET ID,200,OK,TESTES 1-43,text,true,,424,125,1,1,http://localhost:8081/users/437,0,0,0
1763944775050,1,PUT,200,OK,TESTES 1-43,text,true,,409,320,1,1,http://localhost:8081/users/437,1,0,0
1763944775051,0,GET,200,OK,TESTES 1-43,text,true,,2940,121,1,1,http://localhost:8081/users,0,0,0
1763944775051,0,DELETE,200,OK,TESTES 1-43,text,true,,165,211,1,1,http://localhost:8081/users/437,0,0,0
1763944775051,0,Healthcheck,200,OK,TESTES 1-43,text,true,,176,127,1,1,http://localhost:8081/healthcheck,0,0,0
1763944775051,41,POST,201,Created,TESTES 1-43,text,true,,341,376,1,1,http://localhost:8081/users,41,0,0
1763944775093,0,GET ID,200,OK,TESTES 1-43,text,true,,424,125,1,1,http://localhost:8081/users/438,0,0,0
1763944775093,0,PUT,200,OK,TESTES 1-43,text,true,,409,320,1,1,http://localhost:8081/users/438,0,0,0
1763944775094,0,GET,200,OK,TESTES 1-43,text,true,,2940,121,1,1,http://localhost:8081/users,0,0,0
1763944775094,0,DELETE,200,OK,TESTES 1-43,text,true,,165,211,1,1,http://localhost:8081/users/438,0,0,0
1763944775094,0,Healthcheck,200,OK,TESTES 1-43,text,true,,176,127,1,1,http://localhost:8081/healthcheck,0,0,0
1763944775105,1,Healthcheck,200,OK,TESTES 1-44,text,true,,176,127,2,2,http://localhost:8081/healthcheck,1,0,0
1763944775094,42,POST,201,Created,TESTES 1-43,text,true,,340,374,2,2,http://localhost:8081/users,42,0,0
1763944775136,0,GET ID,200,OK,TESTES 1-43,text,true,,421,125,2,2,http://localhost:8081/users/439,0,0,0
1763944775136,1,PUT,200,OK,TESTES 1-43,text,true,,408,320,2,2,http://localhost:8081/users/439,1,0,0
1763944775137,1,GET,200,OK,TESTES 1-43,text,true,,2939,121,2,2,http://localhost:8081/users,1,0,0
1763944775138,0,DELETE,200,OK,TESTES 1-43,text,true,,165,211,2,2,http://localhost:8081/users/439,0,0,0
1763944775106,40,POST,201,Created,TESTES 1-44,text,true,,341,376,1,1,http://localhost:8081/users,40,0,0
1763944775146,0,GET ID,200,OK,TESTES 1-44,text,true,,424,125,1,1,http://localhost:8081/users/440,0,0,0
1763944775146,0,PUT,200,OK,TESTES 1-44,text,true,,408,319,1,1,http://localhost:8081/users/440,0,0,0
1763944775146,1,GET,200,OK,TESTES 1-44,text,true,,2939,121,1,1,http://localhost:8081/users,1,0,0
1763944775147,0,DELETE,200,OK,TESTES 1-44,text,true,,165,211,1,1,http://localhost:8081/users/440,0,0,0
1763944775147,0,Healthcheck,200,OK,TESTES 1-44,text,true,,176,127,1,1,http://localhost:8081/healthcheck,0,0,0
1763944775147,41,POST,201,Created,TESTES 1-44,text,true,,340,375,1,1,http://localhost:8081/users,41,0,0
1763944775188,0,GET ID,200,OK,TESTES 1-44,text,true,,423,125,1,1,http://localhost:8081/users/441,0,0,0
1763944775188,1,PUT,200,OK,TESTES 1-44,text,true,,409,320,1,1,http://localhost:8081/users/441,1,0,0
1763944775189,0,GET,200,OK,TESTES 1-44,text,true,,2940,121,1,1,http://localhost:8081/users,0,0,0
1763944775189,1,DELETE,200,OK,TESTES 1-44,text,true,,165,211,1,1,http://localhost:8081/users/441,1,0,0
1763944775190,0,Healthcheck,200,OK,TESTES 1-44,text,true,,176,127,1,1,http://localhost:8081/healthcheck,0,0,0
1763944775204,2,Healthcheck,200,OK,TESTES 1-45,text,true,,176,127,2,2,http://localhost:8081/healthcheck,2,0,0
1763944775190,39,POST,201,Created,TESTES 1-44,text,true,,341,376,2,2,http://localhost:8081/users,39,0,0
1763944775229,0,GET ID,200,OK,TESTES 1-44,text,true,,424,125,2,2,http://localhost:8081/users/442,0,0,0
1763944775229,1,PUT,200,OK,TESTES 1-44,text,true,,409,320,2,2,http://localhost:8081/users/442,1,0,0
1763944775230,0,GET,200,OK,TESTES 1-44,text,true,,2940,121,2,2,http://localhost:8081/users,0,0,0
1763944775230,1,DELETE,200,OK,TESTES 1-44,text,true,,165,211,2,2,http://localhost:8081/users/442,1,0,0
1763944775206,42,POST,201,Created,TESTES 1-45,text,true,,341,376,1,1,http://localhost:8081/users,42,0,0
1763944775248,0,GET ID,200,OK,TESTES 1-45,text,true,,424,125,1,1,http://localhost:8081/users/443,0,0,0
1763944775248,1,PUT,200,OK,TESTES 1-45,text,true,,409,320,1,1,http://localhost:8081/users/443,1,0,0
1763944775249,0,GET,200,OK,TESTES 1-45,text,true,,2940,121,1,1,http://localhost:8081/users,0,0,0
1763944775249,1,DELETE,200,OK,TESTES 1-45,text,true,,165,211,1,1,http://localhost:8081/users/443,1,0,0
1763944775250,0,Healthcheck,200,OK,TESTES 1-45,text,true,,176,127,1,1,http://localhost:8081/healthcheck,0,0,0
1763944775250,40,POST,201,Created,TESTES 1-45,text,true,,341,376,1,1,http://localhost:8081/users,40,0,0
1763944775290,0,GET ID,200,OK,TESTES 1-45,text,true,,420,125,1,1,http://localhost:8081/users/444,0,0,0
1763944775290,1,PUT,200,OK,TESTES 1-45,text,true,,407,320,1,1,http://localhost:8081/users/444,1,0,0
1763944775291,0,GET,200,OK,TESTES 1-45,text,true,,2938,121,1,1,http://localhost:8081/users,0,0,0
1763944775291,1,DELETE,200,OK,TESTES 1-45,text,true,,165,211,1,1,http://localhost:8081/users/444,1,0,0
1763944775292,0,Healthcheck,200,OK,TESTES 1-45,text,true,,176,127,1,1,http://localhost:8081/healthcheck,0,0,0
1763944775304,3,Healthcheck,200,OK,TESTES 1-46,text,true,,176,127,2,2,http://localhost:8081/healthcheck,3,0,0
1763944775292,42,POST,201,Created,TESTES 1-45,text,true,,341,376,2,2,http://localhost:8081/users,42,0,0
1763944775334,1,GET ID,200,OK,TESTES 1-45,text,true,,424,125,2,2,http://localhost:8081/users/445,1,0,0
1763944775335,0,PUT,200,OK,TESTES 1-45,text,true,,409,320,2,2,http://localhost:8081/users/445,0,0,0
1763944775335,0,GET,200,OK,TESTES 1-45,text,true,,2940,121,2,2,http://localhost:8081/users,0,0,0
1763944775335,1,DELETE,200,OK,TESTES 1-45,text,true,,165,211,2,2,http://localhost:8081/users/445,1,0,0
1763944775307,40,POST,201,Created,TESTES 1-46,text,true,,341,376,1,1,http://localhost:8081/users,40,0,0
1763944775347,0,GET ID,200,OK,TESTES 1-46,text,true,,422,125,1,1,http://localhost:8081/users/446,0,0,0
1763944775347,1,PUT,200,OK,TESTES 1-46,text,true,,408,320,1,1,http://localhost:8081/users/446,1,0,0
1763944775348,0,GET,200,OK,TESTES 1-46,text,true,,2939,121,1,1,http://localhost:8081/users,0,0,0
1763944775348,1,DELETE,200,OK,TESTES 1-46,text,true,,165,211,1,1,http://localhost:8081/users/446,1,0,0
1763944775349,0,Healthcheck,200,OK,TESTES 1-46,text,true,,176,127,1,1,http://localhost:8081/healthcheck,0,0,0
1763944775349,40,POST,201,Created,TESTES 1-46,text,true,,341,376,1,1,http://localhost:8081/users,40,0,0
1763944775389,0,GET ID,200,OK,TESTES 1-46,text,true,,424,125,1,1,http://localhost:8081/users/447,0,0,0
1763944775389,1,PUT,200,OK,TESTES 1-46,text,true,,409,320,1,1,http://localhost:8081/users/447,1,0,0
1763944775390,0,GET,200,OK,TESTES 1-46,text,true,,2940,121,1,1,http://localhost:8081/users,0,0,0
1763944775390,1,DELETE,200,OK,TESTES 1-46,text,true,,165,211,1,1,http://localhost:8081/users/447,1,0,0
1763944775391,0,Healthcheck,200,OK,TESTES 1-46,text,true,,176,127,1,1,http://localhost:8081/healthcheck,0,0,0
1763944775404,0,Healthcheck,200,OK,TESTES 1-47,text,true,,176,127,2,2,http://localhost:8081/healthcheck,0,0,0
1763944775391,39,POST,201,Created,TESTES 1-46,text,true,,341,375,2,2,http://localhost:8081/users,39,0,0
1763944775431,0,GET ID,200,OK,TESTES 1-46,text,true,,422,125,2,2,http://localhost:8081/users/448,0,0,0
1763944775431,1,PUT,200,OK,TESTES 1-46,text,true,,408,320,2,2,http://localhost:8081/users/448,1,0,0
1763944775432,0,GET,200,OK,TESTES 1-46,text,true,,2939,121,2,2,http://localhost:8081/users,0,0,0
1763944775432,0,DELETE,200,OK,TESTES 1-46,text,true,,165,211,2,2,http://localhost:8081/users/448,0,0,0
1763944775404,39,POST,201,Created,TESTES 1-47,text,true,,341,376,1,1,http://localhost:8081/users,39,0,0
1763944775443,1,GET ID,200,OK,TESTES 1-47,text,true,,424,125,1,1,http://localhost:8081/users/449,1,0,0
1763944775444,0,PUT,200,OK,TESTES 1-47,text,true,,409,320,1,1,http://localhost:8081/users/449,0,0,0
1763944775444,1,GET,200,OK,TESTES 1-47,text,true,,2940,121,1,1,http://localhost:8081/users,1,0,0
1763944775445,0,DELETE,200,OK,TESTES 1-47,text,true,,165,211,1,1,http://localhost:8081/users/449,0,0,0
1763944775445,0,Healthcheck,200,OK,TESTES 1-47,text,true,,176,127,1,1,http://localhost:8081/healthcheck,0,0,0
1763944775445,40,POST,201,Created,TESTES 1-47,text,true,,341,376,1,1,http://localhost:8081/users,40,0,0
1763944775485,0,GET ID,200,OK,TESTES 1-47,text,true,,424,125,1,1,http://localhost:8081/users/450,0,0,0
1763944775485,1,PUT,200,OK,TESTES 1-47,text,true,,409,320,1,1,http://localhost:8081/users/450,1,0,0
1763944775486,0,GET,200,OK,TESTES 1-47,text,true,,2940,121,1,1,http://localhost:8081/users,0,0,0
1763944775486,1,DELETE,200,OK,TESTES 1-47,text,true,,165,211,1,1,http://localhost:8081/users/450,1,0,0
1763944775487,0,Healthcheck,200,OK,TESTES 1-47,text,true,,176,127,1,1,http://localhost:8081/healthcheck,0,0,0
1763944775504,0,Healthcheck,200,OK,TESTES 1-48,text,true,,176,127,2,2,http://localhost:8081/healthcheck,0,0,0
1763944775487,41,POST,201,Created,TESTES 1-47,text,true,,341,376,2,2,http://localhost:8081/users,41,0,0
1763944775528,0,GET ID,200,OK,TESTES 1-47,text,true,,424,125,2,2,http://localhost:8081/users/451,0,0,0
1763944775528,1,PUT,200,OK,TESTES 1-47,text,true,,408,320,2,2,http://localhost:8081/users/451,1,0,0
1763944775529,0,GET,200,OK,TESTES 1-47,text,true,,2939,121,2,2,http://localhost:8081/users,0,0,0
1763944775529,1,DELETE,200,OK,TESTES 1-47,text,true,,165,211,2,2,http://localhost:8081/users/451,1,0,0
1763944775504,40,POST,201,Created,TESTES 1-48,text,true,,341,376,1,1,http://localhost:8081/users,40,0,0
1763944775545,0,GET ID,200,OK,TESTES 1-48,text,true,,424,125,1,1,http://localhost:8081/users/452,0,0,0
1763944775545,0,PUT,200,OK,TESTES 1-48,text,true,,408,319,1,1,http://localhost:8081/users/452,0,0,0
1763944775545,1,GET,200,OK,TESTES 1-48,text,true,,2939,121,1,1,http://localhost:8081/users,1,0,0
1763944775546,0,DELETE,200,OK,TESTES 1-48,text,true,,165,211,1,1,http://localhost:8081/users/452,0,0,0
1763944775546,0,Healthcheck,200,OK,TESTES 1-48,text,true,,176,127,1,1,http://localhost:8081/healthcheck,0,0,0
1763944775546,41,POST,201,Created,TESTES 1-48,text,true,,341,376,1,1,http://localhost:8081/users,41,0,0
1763944775587,0,GET ID,200,OK,TESTES 1-48,text,true,,424,125,1,1,http://localhost:8081/users/453,0,0,0
1763944775587,1,PUT,200,OK,TESTES 1-48,text,true,,408,319,1,1,http://localhost:8081/users/453,1,0,0
1763944775588,0,GET,200,OK,TESTES 1-48,text,true,,2939,121,1,1,http://localhost:8081/users,0,0,0
1763944775588,1,DELETE,200,OK,TESTES 1-48,text,true,,165,211,1,1,http://localhost:8081/users/453,1,0,0
1763944775589,0,Healthcheck,200,OK,TESTES 1-48,text,true,,176,127,1,1,http://localhost:8081/healthcheck,0,0,0
1763944775605,0,Healthcheck,200,OK,TESTES 1-49,text,true,,176,127,2,2,http://localhost:8081/healthcheck,0,0,0
1763944775589,39,POST,201,Created,TESTES 1-48,text,true,,341,376,2,2,http://localhost:8081/users,39,0,0
1763944775628,0,GET ID,200,OK,TESTES 1-48,text,true,,424,125,2,2,http://localhost:8081/users/454,0,0,0
1763944775629,0,PUT,200,OK,TESTES 1-48,text,true,,409,320,2,2,http://localhost:8081/users/454,0,0,0
1763944775629,0,GET,200,OK,TESTES 1-48,text,true,,2940,121,2,2,http://localhost:8081/users,0,0,0
1763944775629,1,DELETE,200,OK,TESTES 1-48,text,true,,165,211,2,2,http://localhost:8081/users/454,1,0,0
1763944775605,40,POST,201,Created,TESTES 1-49,text,true,,341,376,1,1,http://localhost:8081/users,40,0,0
1763944775645,1,GET ID,200,OK,TESTES 1-49,text,true,,424,125,1,1,http://localhost:8081/users/455,1,0,0
1763944775646,0,PUT,200,OK,TESTES 1-49,text,true,,409,320,1,1,http://localhost:8081/users/455,0,0,0
1763944775647,0,GET,200,OK,TESTES 1-49,text,true,,2940,121,1,1,http://localhost:8081/users,0,0,0
1763944775647,0,DELETE,200,OK,TESTES 1-49,text,true,,165,211,1,1,http://localhost:8081/users/455,0,0,0
1763944775647,0,Healthcheck,200,OK,TESTES 1-49,text,true,,176,127,1,1,http://localhost:8081/healthcheck,0,0,0
1763944775647,40,POST,201,Created,TESTES 1-49,text,true,,340,375,1,1,http://localhost:8081/users,40,0,0
1763944775687,1,GET ID,200,OK,TESTES 1-49,text,true,,421,125,1,1,http://localhost:8081/users/456,1,0,0
1763944775688,0,PUT,200,OK,TESTES 1-49,text,true,,408,320,1,1,http://localhost:8081/users/456,0,0,0
1763944775688,1,GET,200,OK,TESTES 1-49,text,true,,2939,121,1,1,http://localhost:8081/users,1,0,0
1763944775689,0,DELETE,200,OK,TESTES 1-49,text,true,,165,211,1,1,http://localhost:8081/users/456,0,0,0
1763944775689,0,Healthcheck,200,OK,TESTES 1-49,text,true,,176,127,1,1,http://localhost:8081/healthcheck,0,0,0
1763944775704,0,Healthcheck,200,OK,TESTES 1-50,text,true,,176,127,2,2,http://localhost:8081/healthcheck,0,0,0
1763944775689,40,POST,201,Created,TESTES 1-49,text,true,,341,376,2,2,http://localhost:8081/users,40,0,0
1763944775729,1,GET ID,200,OK,TESTES 1-49,text,true,,424,125,2,2,http://localhost:8081/users/457,1,0,0
1763944775730,0,PUT,200,OK,TESTES 1-49,text,true,,407,318,2,2,http://localhost:8081/users/457,0,0,0
1763944775730,1,GET,200,OK,TESTES 1-49,text,true,,2938,121,2,2,http://localhost:8081/users,1,0,0
1763944775731,0,DELETE,200,OK,TESTES 1-49,text,true,,165,211,2,2,http://localhost:8081/users/457,0,0,0
1763944775704,40,POST,201,Created,TESTES 1-50,text,true,,340,375,1,1,http://localhost:8081/users,40,0,0
1763944775745,0,GET ID,200,OK,TESTES 1-50,text,true,,423,125,1,1,http://localhost:8081/users/458,0,0,0
1763944775745,1,PUT,200,OK,TESTES 1-50,text,true,,408,320,1,1,http://localhost:8081/users/458,1,0,0
1763944775746,0,GET,200,OK,TESTES 1-50,text,true,,2939,121,1,1,http://localhost:8081/users,0,0,0
1763944775746,0,DELETE,200,OK,TESTES 1-50,text,true,,165,211,1,1,http://localhost:8081/users/458,0,0,0
1763944775746,0,Healthcheck,200,OK,TESTES 1-50,text,true,,176,127,1,1,http://localhost:8081/healthcheck,0,0,0
1763944775747,41,POST,201,Created,TESTES 1-50,text,true,,341,376,1,1,http://localhost:8081/users,41,0,0
1763944775789,0,GET ID,200,OK,TESTES 1-50,text,true,,424,125,1,1,http://localhost:8081/users/459,0,0,0
1763944775789,1,PUT,200,OK,TESTES 1-50,text,true,,409,320,1,1,http://localhost:8081/users/459,1,0,0
1763944775790,0,GET,200,OK,TESTES 1-50,text,true,,2940,121,1,1,http://localhost:8081/users,0,0,0
1763944775790,1,DELETE,200,OK,TESTES 1-50,text,true,,165,211,1,1,http://localhost:8081/users/459,1,0,0
1763944775791,0,Healthcheck,200,OK,TESTES 1-50,text,true,,176,127,1,1,http://localhost:8081/healthcheck,0,0,0
1763944775804,0,Healthcheck,200,OK,TESTES 1-51,text,true,,176,127,2,2,http://localhost:8081/healthcheck,0,0,0
1763944775791,39,POST,201,Created,TESTES 1-50,text,true,,340,374,2,2,http://localhost:8081/users,39,0,0
1763944775830,0,GET ID,200,OK,TESTES 1-50,text,true,,423,125,2,2,http://localhost:8081/users/460,0,0,0
1763944775831,0,PUT,200,OK,TESTES 1-50,text,true,,409,320,2,2,http://localhost:8081/users/460,0,0,0
1763944775831,0,GET,200,OK,TESTES 1-50,text,true,,2940,121,2,2,http://localhost:8081/users,0,0,0
1763944775831,1,DELETE,200,OK,TESTES 1-50,text,true,,165,211,2,2,http://localhost:8081/users/460,1,0,0
1763944775804,40,POST,201,Created,TESTES 1-51,text,true,,341,376,1,1,http://localhost:8081/users,40,0,0
1763944775844,0,GET ID,200,OK,TESTES 1-51,text,true,,424,125,1,1,http://localhost:8081/users/461,0,0,0
1763944775844,1,PUT,200,OK,TESTES 1-51,text,true,,409,320,1,1,http://localhost:8081/users/461,1,0,0
1763944775845,0,GET,200,OK,TESTES 1-51,text,true,,2940,121,1,1,http://localhost:8081/users,0,0,0
1763944775845,0,DELETE,200,OK,TESTES 1-51,text,true,,165,211,1,1,http://localhost:8081/users/461,0,0,0
1763944775845,1,Healthcheck,200,OK,TESTES 1-51,text,true,,176,127,1,1,http://localhost:8081/healthcheck,1,0,0
1763944775846,40,POST,201,Created,TESTES 1-51,text,true,,341,376,1,1,http://localhost:8081/users,40,0,0
1763944775886,0,GET ID,200,OK,TESTES 1-51,text,true,,424,125,1,1,http://localhost:8081/users/462,0,0,0
1763944775886,1,PUT,200,OK,TESTES 1-51,text,true,,407,318,1,1,http://localhost:8081/users/462,1,0,0
1763944775887,0,GET,200,OK,TESTES 1-51,text,true,,2938,121,1,1,http://localhost:8081/users,0,0,0
1763944775887,1,DELETE,200,OK,TESTES 1-51,text,true,,165,211,1,1,http://localhost:8081/users/462,1,0,0
1763944775888,0,Healthcheck,200,OK,TESTES 1-51,text,true,,176,127,1,1,http://localhost:8081/healthcheck,0,0,0
1763944775904,0,Healthcheck,200,OK,TESTES 1-52,text,true,,176,127,2,2,http://localhost:8081/healthcheck,0,0,0
1763944775888,41,POST,201,Created,TESTES 1-51,text,true,,340,374,2,2,http://localhost:8081/users,41,0,0
1763944775929,0,GET ID,200,OK,TESTES 1-51,text,true,,423,125,2,2,http://localhost:8081/users/463,0,0,0
1763944775929,1,PUT,200,OK,TESTES 1-51,text,true,,409,320,2,2,http://localhost:8081/users/463,1,0,0
1763944775930,0,GET,200,OK,TESTES 1-51,text,true,,2940,121,2,2,http://localhost:8081/users,0,0,0
1763944775930,1,DELETE,200,OK,TESTES 1-51,text,true,,165,211,2,2,http://localhost:8081/users/463,1,0,0
1763944775905,39,POST,201,Created,TESTES 1-52,text,true,,341,376,1,1,http://localhost:8081/users,39,0,0
1763944775944,0,GET ID,200,OK,TESTES 1-52,text,true,,422,125,1,1,http://localhost:8081/users/464,0,0,0
1763944775944,1,PUT,200,OK,TESTES 1-52,text,true,,408,320,1,1,http://localhost:8081/users/464,1,0,0
1763944775945,0,GET,200,OK,TESTES 1-52,text,true,,2939,121,1,1,http://localhost:8081/users,0,0,0
1763944775945,1,DELETE,200,OK,TESTES 1-52,text,true,,165,211,1,1,http://localhost:8081/users/464,1,0,0
1763944775946,0,Healthcheck,200,OK,TESTES 1-52,text,true,,176,127,1,1,http://localhost:8081/healthcheck,0,0,0
1763944775946,41,POST,201,Created,TESTES 1-52,text,true,,341,376,1,1,http://localhost:8081/users,41,0,0
1763944775987,1,GET ID,200,OK,TESTES 1-52,text,true,,424,125,1,1,http://localhost:8081/users/465,1,0,0
1763944775988,1,PUT,200,OK,TESTES 1-52,text,true,,409,320,1,1,http://localhost:8081/users/465,1,0,0
1763944775989,0,GET,200,OK,TESTES 1-52,text,true,,2940,121,1,1,http://localhost:8081/users,0,0,0
1763944775989,1,DELETE,200,OK,TESTES 1-52,text,true,,165,211,1,1,http://localhost:8081/users/465,1,0,0
1763944775990,0,Healthcheck,200,OK,TESTES 1-52,text,true,,176,127,1,1,http://localhost:8081/healthcheck,0,0,0
1763944776004,1,Healthcheck,200,OK,TESTES 1-53,text,true,,176,127,2,2,http://localhost:8081/healthcheck,1,0,0
1763944775990,39,POST,201,Created,TESTES 1-52,text,true,,341,376,2,2,http://localhost:8081/users,39,0,0
1763944776029,1,GET ID,200,OK,TESTES 1-52,text,true,,424,125,2,2,http://localhost:8081/users/466,1,0,0
1763944776030,0,PUT,200,OK,TESTES 1-52,text,true,,409,320,2,2,http://localhost:8081/users/466,0,0,0
1763944776030,1,GET,200,OK,TESTES 1-52,text,true,,2940,121,2,2,http://localhost:8081/users,1,0,0
1763944776031,0,DELETE,200,OK,TESTES 1-52,text,true,,165,211,2,2,http://localhost:8081/users/466,0,0,0
1763944776005,40,POST,201,Created,TESTES 1-53,text,true,,341,376,1,1,http://localhost:8081/users,40,0,0
1763944776046,0,GET ID,200,OK,TESTES 1-53,text,true,,424,125,1,1,http://localhost:8081/users/467,0,0,0
1763944776046,1,PUT,200,OK,TESTES 1-53,text,true,,409,320,1,1,http://localhost:8081/users/467,1,0,0
1763944776047,0,GET,200,OK,TESTES 1-53,text,true,,2940,121,1,1,http://localhost:8081/users,0,0,0
1763944776047,0,DELETE,200,OK,TESTES 1-53,text,true,,165,211,1,1,http://localhost:8081/users/467,0,0,0
1763944776047,1,Healthcheck,200,OK,TESTES 1-53,text,true,,176,127,1,1,http://localhost:8081/healthcheck,1,0,0
1763944776048,40,POST,201,Created,TESTES 1-53,text,true,,341,376,1,1,http://localhost:8081/users,40,0,0
1763944776088,0,GET ID,200,OK,TESTES 1-53,text,true,,424,125,1,1,http://localhost:8081/users/468,0,0,0
1763944776088,1,PUT,200,OK,TESTES 1-53,text,true,,409,320,1,1,http://localhost:8081/users/468,1,0,0
1763944776089,0,GET,200,OK,TESTES 1-53,text,true,,2940,121,1,1,http://localhost:8081/users,0,0,0
1763944776089,1,DELETE,200,OK,TESTES 1-53,text,true,,165,211,1,1,http://localhost:8081/users/468,1,0,0
1763944776090,0,Healthcheck,200,OK,TESTES 1-53,text,true,,176,127,1,1,http://localhost:8081/healthcheck,0,0,0
1763944776104,1,Healthcheck,200,OK,TESTES 1-54,text,true,,176,127,2,2,http://localhost:8081/healthcheck,1,0,0
1763944776090,39,POST,201,Created,TESTES 1-53,text,true,,340,375,2,2,http://localhost:8081/users,39,0,0
1763944776129,1,GET ID,200,OK,TESTES 1-53,text,true,,423,125,2,2,http://localhost:8081/users/469,1,0,0
1763944776130,0,PUT,200,OK,TESTES 1-53,text,true,,408,319,2,2,http://localhost:8081/users/469,0,0,0
1763944776130,0,GET,200,OK,TESTES 1-53,text,true,,2939,121,2,2,http://localhost:8081/users,0,0,0
1763944776130,1,DELETE,200,OK,TESTES 1-53,text,true,,165,211,2,2,http://localhost:8081/users/469,1,0,0
1763944776105,39,POST,201,Created,TESTES 1-54,text,true,,340,374,1,1,http://localhost:8081/users,39,0,0
1763944776144,1,GET ID,200,OK,TESTES 1-54,text,true,,423,125,1,1,http://localhost:8081/users/470,1,0,0
1763944776145,0,PUT,200,OK,TESTES 1-54,text,true,,409,320,1,1,http://localhost:8081/users/470,0,0,0
1763944776145,1,GET,200,OK,TESTES 1-54,text,true,,2940,121,1,1,http://localhost:8081/users,1,0,0
1763944776146,0,DELETE,200,OK,TESTES 1-54,text,true,,165,211,1,1,http://localhost:8081/users/470,0,0,0
1763944776146,0,Healthcheck,200,OK,TESTES 1-54,text,true,,176,127,1,1,http://localhost:8081/healthcheck,0,0,0
1763944776146,40,POST,201,Created,TESTES 1-54,text,true,,341,376,1,1,http://localhost:8081/users,40,0,0
1763944776186,0,GET ID,200,OK,TESTES 1-54,text,true,,424,125,1,1,http://localhost:8081/users/471,0,0,0
1763944776186,1,PUT,200,OK,TESTES 1-54,text,true,,409,320,1,1,http://localhost:8081/users/471,1,0,0
1763944776187,0,GET,200,OK,TESTES 1-54,text,true,,2940,121,1,1,http://localhost:8081/users,0,0,0
1763944776187,1,DELETE,200,OK,TESTES 1-54,text,true,,165,211,1,1,http://localhost:8081/users/471,1,0,0
1763944776188,0,Healthcheck,200,OK,TESTES 1-54,text,true,,176,127,1,1,http://localhost:8081/healthcheck,0,0,0
1763944776204,1,Healthcheck,200,OK,TESTES 1-55,text,true,,176,127,2,2,http://localhost:8081/healthcheck,1,0,0
1763944776188,40,POST,201,Created,TESTES 1-54,text,true,,340,375,2,2,http://localhost:8081/users,40,0,0
1763944776228,1,GET ID,200,OK,TESTES 1-54,text,true,,423,125,2,2,http://localhost:8081/users/472,1,0,0
1763944776229,1,PUT,200,OK,TESTES 1-54,text,true,,409,320,2,2,http://localhost:8081/users/472,1,0,0
1763944776230,0,GET,200,OK,TESTES 1-54,text,true,,2940,121,2,2,http://localhost:8081/users,0,0,0
1763944776230,1,DELETE,200,OK,TESTES 1-54,text,true,,165,211,2,2,http://localhost:8081/users/472,1,0,0
1763944776205,41,POST,201,Created,TESTES 1-55,text,true,,341,376,1,1,http://localhost:8081/users,41,0,0
1763944776246,0,GET ID,200,OK,TESTES 1-55,text,true,,424,125,1,1,http://localhost:8081/users/473,0,0,0
1763944776246,1,PUT,200,OK,TESTES 1-55,text,true,,409,320,1,1,http://localhost:8081/users/473,1,0,0
1763944776247,0,GET,200,OK,TESTES 1-55,text,true,,2940,121,1,1,http://localhost:8081/users,0,0,0
1763944776247,0,DELETE,200,OK,TESTES 1-55,text,true,,165,211,1,1,http://localhost:8081/users/473,0,0,0
1763944776247,0,Healthcheck,200,OK,TESTES 1-55,text,true,,176,127,1,1,http://localhost:8081/healthcheck,0,0,0
1763944776248,39,POST,201,Created,TESTES 1-55,text,true,,341,376,1,1,http://localhost:8081/users,39,0,0
1763944776287,1,GET ID,200,OK,TESTES 1-55,text,true,,424,125,1,1,http://localhost:8081/users/474,1,0,0
1763944776288,0,PUT,200,OK,TESTES 1-55,text,true,,409,320,1,1,http://localhost:8081/users/474,0,0,0
1763944776288,0,GET,200,OK,TESTES 1-55,text,true,,2940,121,1,1,http://localhost:8081/users,0,0,0
1763944776289,0,DELETE,200,OK,TESTES 1-55,text,true,,165,211,1,1,http://localhost:8081/users/474,0,0,0
1763944776289,0,Healthcheck,200,OK,TESTES 1-55,text,true,,176,127,1,1,http://localhost:8081/healthcheck,0,0,0
1763944776305,0,Healthcheck,200,OK,TESTES 1-56,text,true,,176,127,2,2,http://localhost:8081/healthcheck,0,0,0
1763944776289,40,POST,201,Created,TESTES 1-55,text,true,,341,376,2,2,http://localhost:8081/users,40,0,0
1763944776329,0,GET ID,200,OK,TESTES 1-55,text,true,,424,125,2,2,http://localhost:8081/users/475,0,0,0
1763944776329,1,PUT,200,OK,TESTES 1-55,text,true,,409,320,2,2,http://localhost:8081/users/475,1,0,0
1763944776330,0,GET,200,OK,TESTES 1-55,text,true,,2940,121,2,2,http://localhost:8081/users,0,0,0
1763944776330,0,DELETE,200,OK,TESTES 1-55,text,true,,165,211,2,2,http://localhost:8081/users/475,0,0,0
1763944776305,41,POST,201,Created,TESTES 1-56,text,true,,341,376,1,1,http://localhost:8081/users,41,0,0
1763944776346,0,GET ID,200,OK,TESTES 1-56,text,true,,424,125,1,1,http://localhost:8081/users/476,0,0,0
1763944776346,1,PUT,200,OK,TESTES 1-56,text,true,,408,319,1,1,http://localhost:8081/users/476,1,0,0
1763944776347,0,GET,200,OK,TESTES 1-56,text,true,,2939,121,1,1,http://localhost:8081/users,0,0,0
1763944776347,0,DELETE,200,OK,TESTES 1-56,text,true,,165,211,1,1,http://localhost:8081/users/476,0,0,0
1763944776347,0,Healthcheck,200,OK,TESTES 1-56,text,true,,176,127,1,1,http://localhost:8081/healthcheck,0,0,0
1763944776347,40,POST,201,Created,TESTES 1-56,text,true,,341,375,1,1,http://localhost:8081/users,40,0,0
1763944776387,0,GET ID,200,OK,TESTES 1-56,text,true,,424,125,1,1,http://localhost:8081/users/477,0,0,0
1763944776387,1,PUT,200,OK,TESTES 1-56,text,true,,408,319,1,1,http://localhost:8081/users/477,1,0,0
1763944776388,0,GET,200,OK,TESTES 1-56,text,true,,2939,121,1,1,http://localhost:8081/users,0,0,0
1763944776388,1,DELETE,200,OK,TESTES 1-56,text,true,,165,211,1,1,http://localhost:8081/users/477,1,0,0
1763944776389,0,Healthcheck,200,OK,TESTES 1-56,text,true,,176,127,1,1,http://localhost:8081/healthcheck,0,0,0
1763944776405,0,Healthcheck,200,OK,TESTES 1-57,text,true,,176,127,2,2,http://localhost:8081/healthcheck,0,0,0
1763944776389,39,POST,201,Created,TESTES 1-56,text,true,,341,376,2,2,http://localhost:8081/users,39,0,0
1763944776428,0,GET ID,200,OK,TESTES 1-56,text,true,,424,125,2,2,http://localhost:8081/users/478,0,0,0
1763944776428,1,PUT,200,OK,TESTES 1-56,text,true,,407,318,2,2,http://localhost:8081/users/478,1,0,0
1763944776429,0,GET,200,OK,TESTES 1-56,text,true,,2938,121,2,2,http://localhost:8081/users,0,0,0
1763944776429,1,DELETE,200,OK,TESTES 1-56,text,true,,165,211,2,2,http://localhost:8081/users/478,1,0,0
1763944776405,40,POST,201,Created,TESTES 1-57,text,true,,341,376,1,1,http://localhost:8081/users,40,0,0
1763944776445,1,GET ID,200,OK,TESTES 1-57,text,true,,424,125,1,1,http://localhost:8081/users/479,1,0,0
1763944776446,1,PUT,200,OK,TESTES 1-57,text,true,,409,320,1,1,http://localhost:8081/users/479,1,0,0
1763944776447,0,GET,200,OK,TESTES 1-57,text,true,,2940,121,1,1,http://localhost:8081/users,0,0,0
1763944776447,0,DELETE,200,OK,TESTES 1-57,text,true,,165,211,1,1,http://localhost:8081/users/479,0,0,0
1763944776447,0,Healthcheck,200,OK,TESTES 1-57,text,true,,176,127,1,1,http://localhost:8081/healthcheck,0,0,0
1763944776447,42,POST,201,Created,TESTES 1-57,text,true,,341,376,1,1,http://localhost:8081/users,42,0,0
1763944776489,1,GET ID,200,OK,TESTES 1-57,text,true,,424,125,1,1,http://localhost:8081/users/480,1,0,0
1763944776490,1,PUT,200,OK,TESTES 1-57,text,true,,409,320,1,1,http://localhost:8081/users/480,1,0,0
1763944776491,0,GET,200,OK,TESTES 1-57,text,true,,2940,121,1,1,http://localhost:8081/users,0,0,0
1763944776491,0,DELETE,200,OK,TESTES 1-57,text,true,,165,211,1,1,http://localhost:8081/users/480,0,0,0
1763944776491,0,Healthcheck,200,OK,TESTES 1-57,text,true,,176,127,1,1,http://localhost:8081/healthcheck,0,0,0
1763944776505,0,Healthcheck,200,OK,TESTES 1-58,text,true,,176,127,2,2,http://localhost:8081/healthcheck,0,0,0
1763944776491,40,POST,201,Created,TESTES 1-57,text,true,,341,376,2,2,http://localhost:8081/users,40,0,0
1763944776531,1,GET ID,200,OK,TESTES 1-57,text,true,,424,125,2,2,http://localhost:8081/users/481,1,0,0
1763944776532,0,PUT,200,OK,TESTES 1-57,text,true,,409,320,2,2,http://localhost:8081/users/481,0,0,0
1763944776532,0,GET,200,OK,TESTES 1-57,text,true,,2940,121,2,2,http://localhost:8081/users,0,0,0
1763944776533,0,DELETE,200,OK,TESTES 1-57,text,true,,165,211,2,2,http://localhost:8081/users/481,0,0,0
1763944776505,39,POST,201,Created,TESTES 1-58,text,true,,341,376,1,1,http://localhost:8081/users,39,0,0
1763944776545,0,GET ID,200,OK,TESTES 1-58,text,true,,424,125,1,1,http://localhost:8081/users/482,0,0,0
1763944776545,1,PUT,200,OK,TESTES 1-58,text,true,,409,320,1,1,http://localhost:8081/users/482,1,0,0
1763944776546,0,GET,200,OK,TESTES 1-58,text,true,,2940,121,1,1,http://localhost:8081/users,0,0,0
1763944776546,0,DELETE,200,OK,TESTES 1-58,text,true,,165,211,1,1,http://localhost:8081/users/482,0,0,0
1763944776546,0,Healthcheck,200,OK,TESTES 1-58,text,true,,176,127,1,1,http://localhost:8081/healthcheck,0,0,0
1763944776546,40,POST,201,Created,TESTES 1-58,text,true,,341,376,1,1,http://localhost:8081/users,40,0,0
1763944776586,1,GET ID,200,OK,TESTES 1-58,text,true,,422,125,1,1,http://localhost:8081/users/483,1,0,0
1763944776587,0,PUT,200,OK,TESTES 1-58,text,true,,408,320,1,1,http://localhost:8081/users/483,0,0,0
1763944776587,1,GET,200,OK,TESTES 1-58,text,true,,2939,121,1,1,http://localhost:8081/users,1,0,0
1763944776588,0,DELETE,200,OK,TESTES 1-58,text,true,,165,211,1,1,http://localhost:8081/users/483,0,0,0
1763944776588,0,Healthcheck,200,OK,TESTES 1-58,text,true,,176,127,1,1,http://localhost:8081/healthcheck,0,0,0
1763944776605,0,Healthcheck,200,OK,TESTES 1-59,text,true,,176,127,2,2,http://localhost:8081/healthcheck,0,0,0
1763944776588,40,POST,201,Created,TESTES 1-58,text,true,,341,376,2,2,http://localhost:8081/users,40,0,0
1763944776628,0,GET ID,200,OK,TESTES 1-58,text,true,,424,125,2,2,http://localhost:8081/users/484,0,0,0
1763944776628,1,PUT,200,OK,TESTES 1-58,text,true,,408,319,2,2,http://localhost:8081/users/484,1,0,0
1763944776629,0,GET,200,OK,TESTES 1-58,text,true,,2939,121,2,2,http://localhost:8081/users,0,0,0
1763944776629,1,DELETE,200,OK,TESTES 1-58,text,true,,165,211,2,2,http://localhost:8081/users/484,1,0,0
1763944776605,40,POST,201,Created,TESTES 1-59,text,true,,341,376,1,1,http://localhost:8081/users,40,0,0
1763944776645,0,GET ID,200,OK,TESTES 1-59,text,true,,424,125,1,1,http://localhost:8081/users/485,0,0,0
1763944776645,1,PUT,200,OK,TESTES 1-59,text,true,,408,319,1,1,http://localhost:8081/users/485,1,0,0
1763944776646,0,GET,200,OK,TESTES 1-59,text,true,,2939,121,1,1,http://localhost:8081/users,0,0,0
1763944776647,0,DELETE,200,OK,TESTES 1-59,text,true,,165,211,1,1,http://localhost:8081/users/485,0,0,0
1763944776647,0,Healthcheck,200,OK,TESTES 1-59,text,true,,176,127,1,1,http://localhost:8081/healthcheck,0,0,0
1763944776647,40,POST,201,Created,TESTES 1-59,text,true,,340,375,1,1,http://localhost:8081/users,40,0,0
1763944776687,0,GET ID,200,OK,TESTES 1-59,text,true,,423,125,1,1,http://localhost:8081/users/486,0,0,0
1763944776687,1,PUT,200,OK,TESTES 1-59,text,true,,409,320,1,1,http://localhost:8081/users/486,1,0,0
1763944776689,0,GET,200,OK,TESTES 1-59,text,true,,2940,121,1,1,http://localhost:8081/users,0,0,0
1763944776689,0,DELETE,200,OK,TESTES 1-59,text,true,,165,211,1,1,http://localhost:8081/users/486,0,0,0
1763944776689,1,Healthcheck,200,OK,TESTES 1-59,text,true,,176,127,1,1,http://localhost:8081/healthcheck,1,0,0
1763944776704,0,Healthcheck,200,OK,TESTES 1-60,text,true,,176,127,2,2,http://localhost:8081/healthcheck,0,0,0
1763944776690,40,POST,201,Created,TESTES 1-59,text,true,,341,376,2,2,http://localhost:8081/users,40,0,0
1763944776730,1,GET ID,200,OK,TESTES 1-59,text,true,,424,125,2,2,http://localhost:8081/users/487,1,0,0
1763944776731,0,PUT,200,OK,TESTES 1-59,text,true,,406,317,2,2,http://localhost:8081/users/487,0,0,0
1763944776731,1,GET,200,OK,TESTES 1-59,text,true,,2937,121,2,2,http://localhost:8081/users,1,0,0
1763944776732,0,DELETE,200,OK,TESTES 1-59,text,true,,165,211,2,2,http://localhost:8081/users/487,0,0,0
1763944776704,41,POST,201,Created,TESTES 1-60,text,true,,341,376,1,1,http://localhost:8081/users,41,0,0
1763944776746,0,GET ID,200,OK,TESTES 1-60,text,true,,424,125,1,1,http://localhost:8081/users/488,0,0,0
1763944776746,1,PUT,200,OK,TESTES 1-60,text,true,,408,319,1,1,http://localhost:8081/users/488,1,0,0
1763944776747,0,GET,200,OK,TESTES 1-60,text,true,,2939,121,1,1,http://localhost:8081/users,0,0,0
1763944776747,0,DELETE,200,OK,TESTES 1-60,text,true,,165,211,1,1,http://localhost:8081/users/488,0,0,0
1763944776747,0,Healthcheck,200,OK,TESTES 1-60,text,true,,176,127,1,1,http://localhost:8081/healthcheck,0,0,0
1763944776747,40,POST,201,Created,TESTES 1-60,text,true,,341,376,1,1,http://localhost:8081/users,40,0,0
1763944776787,0,GET ID,200,OK,TESTES 1-60,text,true,,424,125,1,1,http://localhost:8081/users/489,0,0,0
1763944776787,1,PUT,200,OK,TESTES 1-60,text,true,,409,320,1,1,http://localhost:8081/users/489,1,0,0
1763944776788,0,GET,200,OK,TESTES 1-60,text,true,,2940,121,1,1,http://localhost:8081/users,0,0,0
1763944776788,0,DELETE,200,OK,TESTES 1-60,text,true,,165,211,1,1,http://localhost:8081/users/489,0,0,0
1763944776789,0,Healthcheck,200,OK,TESTES 1-60,text,true,,176,127,1,1,http://localhost:8081/healthcheck,0,0,0
1763944776804,1,Healthcheck,200,OK,TESTES 1-61,text,true,,176,127,2,2,http://localhost:8081/healthcheck,1,0,0
1763944776789,39,POST,201,Created,TESTES 1-60,text,true,,341,376,2,2,http://localhost:8081/users,39,0,0
1763944776828,0,GET ID,200,OK,TESTES 1-60,text,true,,424,125,2,2,http://localhost:8081/users/490,0,0,0
1763944776828,1,PUT,200,OK,TESTES 1-60,text,true,,409,320,2,2,http://localhost:8081/users/490,1,0,0
1763944776829,0,GET,200,OK,TESTES 1-60,text,true,,2940,121,2,2,http://localhost:8081/users,0,0,0
1763944776829,1,DELETE,200,OK,TESTES 1-60,text,true,,165,211,2,2,http://localhost:8081/users/490,1,0,0
1763944776805,39,POST,201,Created,TESTES 1-61,text,true,,340,375,1,1,http://localhost:8081/users,39,0,0
1763944776844,0,GET ID,200,OK,TESTES 1-61,text,true,,423,125,1,1,http://localhost:8081/users/491,0,0,0
1763944776844,1,PUT,200,OK,TESTES 1-61,text,true,,409,320,1,1,http://localhost:8081/users/491,1,0,0
1763944776845,0,GET,200,OK,TESTES 1-61,text,true,,2940,121,1,1,http://localhost:8081/users,0,0,0
1763944776845,1,DELETE,200,OK,TESTES 1-61,text,true,,165,211,1,1,http://localhost:8081/users/491,1,0,0
1763944776846,0,Healthcheck,200,OK,TESTES 1-61,text,true,,176,127,1,1,http://localhost:8081/healthcheck,0,0,0
1763944776846,39,POST,201,Created,TESTES 1-61,text,true,,341,375,1,1,http://localhost:8081/users,39,0,0
1763944776886,0,GET ID,200,OK,TESTES 1-61,text,true,,424,125,1,1,http://localhost:8081/users/492,0,0,0
1763944776886,0,PUT,200,OK,TESTES 1-61,text,true,,408,319,1,1,http://localhost:8081/users/492,0,0,0
1763944776886,0,GET,200,OK,TESTES 1-61,text,true,,2939,121,1,1,http://localhost:8081/users,0,0,0
1763944776886,1,DELETE,200,OK,TESTES 1-61,text,true,,165,211,1,1,http://localhost:8081/users/492,1,0,0
1763944776887,0,Healthcheck,200,OK,TESTES 1-61,text,true,,176,127,1,1,http://localhost:8081/healthcheck,0,0,0
1763944776904,0,Healthcheck,200,OK,TESTES 1-62,text,true,,176,127,2,2,http://localhost:8081/healthcheck,0,0,0
1763944776887,41,POST,201,Created,TESTES 1-61,text,true,,341,376,2,2,http://localhost:8081/users,41,0,0
1763944776928,0,GET ID,200,OK,TESTES 1-61,text,true,,424,125,2,2,http://localhost:8081/users/493,0,0,0
1763944776928,1,PUT,200,OK,TESTES 1-61,text,true,,407,318,2,2,http://localhost:8081/users/493,1,0,0
1763944776929,0,GET,200,OK,TESTES 1-61,text,true,,2938,121,2,2,http://localhost:8081/users,0,0,0
1763944776929,1,DELETE,200,OK,TESTES 1-61,text,true,,165,211,2,2,http://localhost:8081/users/493,1,0,0
1763944776904,40,POST,201,Created,TESTES 1-62,text,true,,340,375,1,1,http://localhost:8081/users,40,0,0
1763944776945,0,GET ID,200,OK,TESTES 1-62,text,true,,423,125,1,1,http://localhost:8081/users/494,0,0,0
1763944776945,0,PUT,200,OK,TESTES 1-62,text,true,,409,320,1,1,http://localhost:8081/users/494,0,0,0
1763944776945,1,GET,200,OK,TESTES 1-62,text,true,,2940,121,1,1,http://localhost:8081/users,1,0,0
1763944776946,1,DELETE,200,OK,TESTES 1-62,text,true,,165,211,1,1,http://localhost:8081/users/494,1,0,0
1763944776947,0,Healthcheck,200,OK,TESTES 1-62,text,true,,176,127,1,1,http://localhost:8081/healthcheck,0,0,0
1763944776947,42,POST,201,Created,TESTES 1-62,text,true,,341,376,1,1,http://localhost:8081/users,42,0,0
1763944776989,0,GET ID,200,OK,TESTES 1-62,text,true,,424,125,1,1,http://localhost:8081/users/495,0,0,0
1763944776989,1,PUT,200,OK,TESTES 1-62,text,true,,407,318,1,1,http://localhost:8081/users/495,1,0,0
1763944776990,0,GET,200,OK,TESTES 1-62,text,true,,2938,121,1,1,http://localhost:8081/users,0,0,0
1763944776990,0,DELETE,200,OK,TESTES 1-62,text,true,,165,211,1,1,http://localhost:8081/users/495,0,0,0
1763944776990,1,Healthcheck,200,OK,TESTES 1-62,text,true,,176,127,1,1,http://localhost:8081/healthcheck,1,0,0
1763944777004,7,Healthcheck,200,OK,TESTES 1-63,text,true,,176,127,2,2,http://localhost:8081/healthcheck,7,0,0
1763944776991,40,POST,201,Created,TESTES 1-62,text,true,,340,375,2,2,http://localhost:8081/users,40,0,0
1763944777031,0,GET ID,200,OK,TESTES 1-62,text,true,,423,125,2,2,http://localhost:8081/users/496,0,0,0
1763944777031,1,PUT,200,OK,TESTES 1-62,text,true,,409,320,2,2,http://localhost:8081/users/496,1,0,0
1763944777032,0,GET,200,OK,TESTES 1-62,text,true,,2940,121,2,2,http://localhost:8081/users,0,0,0
1763944777032,1,DELETE,200,OK,TESTES 1-62,text,true,,165,211,2,2,http://localhost:8081/users/496,1,0,0
1763944777011,40,POST,201,Created,TESTES 1-63,text,true,,341,376,1,1,http://localhost:8081/users,40,0,0
1763944777051,0,GET ID,200,OK,TESTES 1-63,text,true,,424,125,1,1,http://localhost:8081/users/497,0,0,0
1763944777051,1,PUT,200,OK,TESTES 1-63,text,true,,409,320,1,1,http://localhost:8081/users/497,1,0,0
1763944777052,0,GET,200,OK,TESTES 1-63,text,true,,2940,121,1,1,http://localhost:8081/users,0,0,0
1763944777052,0,DELETE,200,OK,TESTES 1-63,text,true,,165,211,1,1,http://localhost:8081/users/497,0,0,0
1763944777052,0,Healthcheck,200,OK,TESTES 1-63,text,true,,176,127,1,1,http://localhost:8081/healthcheck,0,0,0
1763944777052,42,POST,201,Created,TESTES 1-63,text,true,,340,375,1,1,http://localhost:8081/users,42,0,0
1763944777095,0,GET ID,200,OK,TESTES 1-63,text,true,,423,125,1,1,http://localhost:8081/users/498,0,0,0
1763944777095,1,PUT,200,OK,TESTES 1-63,text,true,,409,320,1,1,http://localhost:8081/users/498,1,0,0
1763944777096,0,GET,200,OK,TESTES 1-63,text,true,,2940,121,1,1,http://localhost:8081/users,0,0,0
1763944777096,0,DELETE,200,OK,TESTES 1-63,text,true,,165,211,1,1,http://localhost:8081/users/498,0,0,0
1763944777096,0,Healthcheck,200,OK,TESTES 1-63,text,true,,176,127,1,1,http://localhost:8081/healthcheck,0,0,0
1763944777105,2,Healthcheck,200,OK,TESTES 1-64,text,true,,176,127,2,2,http://localhost:8081/healthcheck,2,0,0
1763944777096,40,POST,201,Created,TESTES 1-63,text,true,,341,376,2,2,http://localhost:8081/users,40,0,0
1763944777136,0,GET ID,200,OK,TESTES 1-63,text,true,,424,125,2,2,http://localhost:8081/users/499,0,0,0
1763944777136,1,PUT,200,OK,TESTES 1-63,text,true,,409,320,2,2,http://localhost:8081/users/499,1,0,0
1763944777137,0,GET,200,OK,TESTES 1-63,text,true,,2940,121,2,2,http://localhost:8081/users,0,0,0
1763944777137,1,DELETE,200,OK,TESTES 1-63,text,true,,165,211,2,2,http://localhost:8081/users/499,1,0,0
1763944777107,41,POST,201,Created,TESTES 1-64,text,true,,341,376,1,1,http://localhost:8081/users,41,0,0
1763944777148,0,GET ID,200,OK,TESTES 1-64,text,true,,424,125,1,1,http://localhost:8081/users/500,0,0,0
1763944777148,1,PUT,200,OK,TESTES 1-64,text,true,,408,320,1,1,http://localhost:8081/users/500,1,0,0
1763944777149,0,GET,200,OK,TESTES 1-64,text,true,,2939,121,1,1,http://localhost:8081/users,0,0,0
1763944777149,1,DELETE,200,OK,TESTES 1-64,text,true,,165,211,1,1,http://localhost:8081/users/500,1,0,0
1763944777150,0,Healthcheck,200,OK,TESTES 1-64,text,true,,176,127,1,1,http://localhost:8081/healthcheck,0,0,0
1763944777150,39,POST,201,Created,TESTES 1-64,text,true,,341,376,1,1,http://localhost:8081/users,39,0,0
1763944777189,1,GET ID,200,OK,TESTES 1-64,text,true,,424,125,1,1,http://localhost:8081/users/501,1,0,0
1763944777190,1,PUT,200,OK,TESTES 1-64,text,true,,409,320,1,1,http://localhost:8081/users/501,1,0,0
1763944777191,0,GET,200,OK,TESTES 1-64,text,true,,2940,121,1,1,http://localhost:8081/users,0,0,0
1763944777191,1,DELETE,200,OK,TESTES 1-64,text,true,,165,211,1,1,http://localhost:8081/users/501,1,0,0
1763944777192,0,Healthcheck,200,OK,TESTES 1-64,text,true,,176,127,1,1,http://localhost:8081/healthcheck,0,0,0
1763944777204,0,Healthcheck,200,OK,TESTES 1-65,text,true,,176,127,2,2,http://localhost:8081/healthcheck,0,0,0
1763944777192,39,POST,201,Created,TESTES 1-64,text,true,,340,375,2,2,http://localhost:8081/users,39,0,0
1763944777231,0,GET ID,200,OK,TESTES 1-64,text,true,,423,125,2,2,http://localhost:8081/users/502,0,0,0
1763944777232,0,PUT,200,OK,TESTES 1-64,text,true,,409,320,2,2,http://localhost:8081/users/502,0,0,0
1763944777232,0,GET,200,OK,TESTES 1-64,text,true,,2940,121,2,2,http://localhost:8081/users,0,0,0
1763944777232,1,DELETE,200,OK,TESTES 1-64,text,true,,165,211,2,2,http://localhost:8081/users/502,1,0,0
1763944777204,41,POST,201,Created,TESTES 1-65,text,true,,341,376,1,1,http://localhost:8081/users,41,0,0
1763944777246,0,GET ID,200,OK,TESTES 1-65,text,true,,424,125,1,1,http://localhost:8081/users/503,0,0,0
1763944777246,1,PUT,200,OK,TESTES 1-65,text,true,,409,320,1,1,http://localhost:8081/users/503,1,0,0
1763944777247,0,GET,200,OK,TESTES 1-65,text,true,,2940,121,1,1,http://localhost:8081/users,0,0,0
1763944777247,0,DELETE,200,OK,TESTES 1-65,text,true,,165,211,1,1,http://localhost:8081/users/503,0,0,0
1763944777247,0,Healthcheck,200,OK,TESTES 1-65,text,true,,176,127,1,1,http://localhost:8081/healthcheck,0,0,0
1763944777247,41,POST,201,Created,TESTES 1-65,text,true,,341,376,1,1,http://localhost:8081/users,41,0,0
1763944777288,0,GET ID,200,OK,TESTES 1-65,text,true,,424,125,1,1,http://localhost:8081/users/504,0,0,0
1763944777288,1,PUT,200,OK,TESTES 1-65,text,true,,409,320,1,1,http://localhost:8081/users/504,1,0,0
1763944777289,0,GET,200,OK,TESTES 1-65,text,true,,2940,121,1,1,http://localhost:8081/users,0,0,0
1763944777289,1,DELETE,200,OK,TESTES 1-65,text,true,,165,211,1,1,http://localhost:8081/users/504,1,0,0
1763944777290,0,Healthcheck,200,OK,TESTES 1-65,text,true,,176,127,1,1,http://localhost:8081/healthcheck,0,0,0
1763944777304,1,Healthcheck,200,OK,TESTES 1-66,text,true,,176,127,2,2,http://localhost:8081/healthcheck,1,0,0
1763944777290,40,POST,201,Created,TESTES 1-65,text,true,,341,376,2,2,http://localhost:8081/users,40,0,0
1763944777330,0,GET ID,200,OK,TESTES 1-65,text,true,,424,125,2,2,http://localhost:8081/users/505,0,0,0
1763944777330,2,PUT,200,OK,TESTES 1-65,text,true,,409,320,2,2,http://localhost:8081/users/505,2,0,0
1763944777332,0,GET,200,OK,TESTES 1-65,text,true,,2940,121,2,2,http://localhost:8081/users,0,0,0
1763944777332,1,DELETE,200,OK,TESTES 1-65,text,true,,165,211,2,2,http://localhost:8081/users/505,1,0,0
1763944777305,40,POST,201,Created,TESTES 1-66,text,true,,341,376,1,1,http://localhost:8081/users,40,0,0
1763944777345,0,GET ID,200,OK,TESTES 1-66,text,true,,424,125,1,1,http://localhost:8081/users/506,0,0,0
1763944777345,1,PUT,200,OK,TESTES 1-66,text,true,,409,320,1,1,http://localhost:8081/users/506,1,0,0
1763944777346,0,GET,200,OK,TESTES 1-66,text,true,,2940,121,1,1,http://localhost:8081/users,0,0,0
1763944777346,1,DELETE,200,OK,TESTES 1-66,text,true,,165,211,1,1,http://localhost:8081/users/506,1,0,0
1763944777347,0,Healthcheck,200,OK,TESTES 1-66,text,true,,176,127,1,1,http://localhost:8081/healthcheck,0,0,0
1763944777347,40,POST,201,Created,TESTES 1-66,text,true,,341,375,1,1,http://localhost:8081/users,40,0,0
1763944777387,0,GET ID,200,OK,TESTES 1-66,text,true,,424,125,1,1,http://localhost:8081/users/507,0,0,0
1763944777387,1,PUT,200,OK,TESTES 1-66,text,true,,409,320,1,1,http://localhost:8081/users/507,1,0,0
1763944777388,1,GET,200,OK,TESTES 1-66,text,true,,2940,121,1,1,http://localhost:8081/users,1,0,0
1763944777389,1,DELETE,200,OK,TESTES 1-66,text,true,,165,211,1,1,http://localhost:8081/users/507,1,0,0
1763944777390,0,Healthcheck,200,OK,TESTES 1-66,text,true,,176,127,1,1,http://localhost:8081/healthcheck,0,0,0
1763944777404,1,Healthcheck,200,OK,TESTES 1-67,text,true,,176,127,2,2,http://localhost:8081/healthcheck,1,0,0
1763944777390,39,POST,201,Created,TESTES 1-66,text,true,,341,376,2,2,http://localhost:8081/users,39,0,0
1763944777429,1,GET ID,200,OK,TESTES 1-66,text,true,,424,125,2,2,http://localhost:8081/users/508,1,0,0
1763944777430,0,PUT,200,OK,TESTES 1-66,text,true,,409,320,2,2,http://localhost:8081/users/508,0,0,0
1763944777431,0,GET,200,OK,TESTES 1-66,text,true,,2940,121,2,2,http://localhost:8081/users,0,0,0
1763944777431,0,DELETE,200,OK,TESTES 1-66,text,true,,165,211,2,2,http://localhost:8081/users/508,0,0,0
1763944777405,40,POST,201,Created,TESTES 1-67,text,true,,341,376,1,1,http://localhost:8081/users,40,0,0
1763944777445,0,GET ID,200,OK,TESTES 1-67,text,true,,422,125,1,1,http://localhost:8081/users/509,0,0,0
1763944777445,1,PUT,200,OK,TESTES 1-67,text,true,,407,320,1,1,http://localhost:8081/users/509,1,0,0
1763944777446,0,GET,200,OK,TESTES 1-67,text,true,,2938,121,1,1,http://localhost:8081/users,0,0,0
1763944777446,1,DELETE,200,OK,TESTES 1-67,text,true,,165,211,1,1,http://localhost:8081/users/509,1,0,0
1763944777447,0,Healthcheck,200,OK,TESTES 1-67,text,true,,176,127,1,1,http://localhost:8081/healthcheck,0,0,0
1763944777447,40,POST,201,Created,TESTES 1-67,text,true,,341,376,1,1,http://localhost:8081/users,40,0,0
1763944777487,0,GET ID,200,OK,TESTES 1-67,text,true,,424,125,1,1,http://localhost:8081/users/510,0,0,0
1763944777487,2,PUT,200,OK,TESTES 1-67,text,true,,409,320,1,1,http://localhost:8081/users/510,2,0,0
1763944777489,0,GET,200,OK,TESTES 1-67,text,true,,2940,121,1,1,http://localhost:8081/users,0,0,0
1763944777489,1,DELETE,200,OK,TESTES 1-67,text,true,,165,211,1,1,http://localhost:8081/users/510,1,0,0
1763944777490,0,Healthcheck,200,OK,TESTES 1-67,text,true,,176,127,1,1,http://localhost:8081/healthcheck,0,0,0
1763944777504,1,Healthcheck,200,OK,TESTES 1-68,text,true,,176,127,2,2,http://localhost:8081/healthcheck,1,0,0
1763944777490,42,POST,201,Created,TESTES 1-67,text,true,,341,376,2,2,http://localhost:8081/users,42,0,0
1763944777532,1,GET ID,200,OK,TESTES 1-67,text,true,,424,125,2,2,http://localhost:8081/users/511,1,0,0
1763944777533,0,PUT,200,OK,TESTES 1-67,text,true,,408,320,2,2,http://localhost:8081/users/511,0,0,0
1763944777533,1,GET,200,OK,TESTES 1-67,text,true,,2939,121,2,2,http://localhost:8081/users,1,0,0
1763944777534,0,DELETE,200,OK,TESTES 1-67,text,true,,165,211,2,2,http://localhost:8081/users/511,0,0,0
1763944777505,40,POST,201,Created,TESTES 1-68,text,true,,341,376,1,1,http://localhost:8081/users,40,0,0
1763944777545,1,GET ID,200,OK,TESTES 1-68,text,true,,424,125,1,1,http://localhost:8081/users/512,1,0,0
1763944777546,0,PUT,200,OK,TESTES 1-68,text,true,,409,320,1,1,http://localhost:8081/users/512,0,0,0
1763944777546,0,GET,200,OK,TESTES 1-68,text,true,,2940,121,1,1,http://localhost:8081/users,0,0,0
1763944777547,0,DELETE,200,OK,TESTES 1-68,text,true,,165,211,1,1,http://localhost:8081/users/512,0,0,0
1763944777547,0,Healthcheck,200,OK,TESTES 1-68,text,true,,176,127,1,1,http://localhost:8081/healthcheck,0,0,0
1763944777547,41,POST,201,Created,TESTES 1-68,text,true,,341,376,1,1,http://localhost:8081/users,41,0,0
1763944777588,0,GET ID,200,OK,TESTES 1-68,text,true,,424,125,1,1,http://localhost:8081/users/513,0,0,0
1763944777588,1,PUT,200,OK,TESTES 1-68,text,true,,408,319,1,1,http://localhost:8081/users/513,1,0,0
1763944777589,0,GET,200,OK,TESTES 1-68,text,true,,2939,121,1,1,http://localhost:8081/users,0,0,0
1763944777589,1,DELETE,200,OK,TESTES 1-68,text,true,,165,211,1,1,http://localhost:8081/users/513,1,0,0
1763944777590,0,Healthcheck,200,OK,TESTES 1-68,text,true,,176,127,1,1,http://localhost:8081/healthcheck,0,0,0
1763944777604,1,Healthcheck,200,OK,TESTES 1-69,text,true,,176,127,2,2,http://localhost:8081/healthcheck,1,0,1
1763944777590,41,POST,201,Created,TESTES 1-68,text,true,,340,375,2,2,http://localhost:8081/users,41,0,0
1763944777631,0,GET ID,200,OK,TESTES 1-68,text,true,,423,125,2,2,http://localhost:8081/users/514,0,0,0
1763944777631,1,PUT,200,OK,TESTES 1-68,text,true,,409,320,2,2,http://localhost:8081/users/514,1,0,0
1763944777632,0,GET,200,OK,TESTES 1-68,text,true,,2940,121,2,2,http://localhost:8081/users,0,0,0
1763944777632,1,DELETE,200,OK,TESTES 1-68,text,true,,165,211,2,2,http://localhost:8081/users/514,1,0,0
1763944777605,39,POST,201,Created,TESTES 1-69,text,true,,341,375,1,1,http://localhost:8081/users,39,0,0
1763944777644,1,GET ID,200,OK,TESTES 1-69,text,true,,424,125,1,1,http://localhost:8081/users/515,1,0,0
1763944777645,0,PUT,200,OK,TESTES 1-69,text,true,,409,320,1,1,http://localhost:8081/users/515,0,0,0
1763944777645,1,GET,200,OK,TESTES 1-69,text,true,,2940,121,1,1,http://localhost:8081/users,0,0,0
1763944777646,0,DELETE,200,OK,TESTES 1-69,text,true,,165,211,1,1,http://localhost:8081/users/515,0,0,0
1763944777646,0,Healthcheck,200,OK,TESTES 1-69,text,true,,176,127,1,1,http://localhost:8081/healthcheck,0,0,0
1763944777646,41,POST,201,Created,TESTES 1-69,text,true,,341,376,1,1,http://localhost:8081/users,41,0,0
1763944777687,0,GET ID,200,OK,TESTES 1-69,text,true,,424,125,1,1,http://localhost:8081/users/516,0,0,0
1763944777687,1,PUT,200,OK,TESTES 1-69,text,true,,409,320,1,1,http://localhost:8081/users/516,1,0,0
1763944777689,0,GET,200,OK,TESTES 1-69,text,true,,2940,121,1,1,http://localhost:8081/users,0,0,0
1763944777689,0,DELETE,200,OK,TESTES 1-69,text,true,,165,211,1,1,http://localhost:8081/users/516,0,0,0
1763944777689,1,Healthcheck,200,OK,TESTES 1-69,text,true,,176,127,1,1,http://localhost:8081/healthcheck,1,0,0
1763944777705,0,Healthcheck,200,OK,TESTES 1-70,text,true,,176,127,2,2,http://localhost:8081/healthcheck,0,0,0
1763944777690,41,POST,201,Created,TESTES 1-69,text,true,,341,376,2,2,http://localhost:8081/users,41,0,0
1763944777731,1,GET ID,200,OK,TESTES 1-69,text,true,,424,125,2,2,http://localhost:8081/users/517,1,0,0
1763944777732,0,PUT,200,OK,TESTES 1-69,text,true,,408,319,2,2,http://localhost:8081/users/517,0,0,0
1763944777732,0,GET,200,OK,TESTES 1-69,text,true,,2939,121,2,2,http://localhost:8081/users,0,0,0
1763944777732,1,DELETE,200,OK,TESTES 1-69,text,true,,165,211,2,2,http://localhost:8081/users/517,1,0,0
1763944777705,40,POST,201,Created,TESTES 1-70,text,true,,341,376,1,1,http://localhost:8081/users,40,0,0
1763944777746,0,GET ID,200,OK,TESTES 1-70,text,true,,424,125,1,1,http://localhost:8081/users/518,0,0,0
1763944777746,1,PUT,200,OK,TESTES 1-70,text,true,,409,320,1,1,http://localhost:8081/users/518,1,0,0
1763944777747,0,GET,200,OK,TESTES 1-70,text,true,,2940,121,1,1,http://localhost:8081/users,0,0,0
1763944777747,1,DELETE,200,OK,TESTES 1-70,text,true,,165,211,1,1,http://localhost:8081/users/518,1,0,0
1763944777748,0,Healthcheck,200,OK,TESTES 1-70,text,true,,176,127,1,1,http://localhost:8081/healthcheck,0,0,0
1763944777748,39,POST,201,Created,TESTES 1-70,text,true,,340,375,1,1,http://localhost:8081/users,39,0,0
1763944777787,1,GET ID,200,OK,TESTES 1-70,text,true,,423,125,1,1,http://localhost:8081/users/519,1,0,0
1763944777788,1,PUT,200,OK,TESTES 1-70,text,true,,408,320,1,1,http://localhost:8081/users/519,1,0,0
1763944777789,0,GET,200,OK,TESTES 1-70,text,true,,2939,121,1,1,http://localhost:8081/users,0,0,0
1763944777789,1,DELETE,200,OK,TESTES 1-70,text,true,,165,211,1,1,http://localhost:8081/users/519,1,0,0
1763944777790,0,Healthcheck,200,OK,TESTES 1-70,text,true,,176,127,1,1,http://localhost:8081/healthcheck,0,0,0
1763944777805,0,Healthcheck,200,OK,TESTES 1-71,text,true,,176,127,2,2,http://localhost:8081/healthcheck,0,0,0
1763944777790,39,POST,201,Created,TESTES 1-70,text,true,,341,376,2,2,http://localhost:8081/users,39,0,0
1763944777829,1,GET ID,200,OK,TESTES 1-70,text,true,,424,125,2,2,http://localhost:8081/users/520,1,0,0
1763944777830,1,PUT,200,OK,TESTES 1-70,text,true,,409,320,2,2,http://localhost:8081/users/520,1,0,0
1763944777831,0,GET,200,OK,TESTES 1-70,text,true,,2940,121,2,2,http://localhost:8081/users,0,0,0
1763944777831,0,DELETE,200,OK,TESTES 1-70,text,true,,165,211,2,2,http://localhost:8081/users/520,0,0,0
1763944777805,40,POST,201,Created,TESTES 1-71,text,true,,341,376,1,1,http://localhost:8081/users,40,0,0
1763944777845,0,GET ID,200,OK,TESTES 1-71,text,true,,424,125,1,1,http://localhost:8081/users/521,0,0,0
1763944777845,1,PUT,200,OK,TESTES 1-71,text,true,,409,320,1,1,http://localhost:8081/users/521,1,0,0
1763944777846,0,GET,200,OK,TESTES 1-71,text,true,,2940,121,1,1,http://localhost:8081/users,0,0,0
1763944777846,1,DELETE,200,OK,TESTES 1-71,text,true,,165,211,1,1,http://localhost:8081/users/521,1,0,0
1763944777847,0,Healthcheck,200,OK,TESTES 1-71,text,true,,176,127,1,1,http://localhost:8081/healthcheck,0,0,0
1763944777847,39,POST,201,Created,TESTES 1-71,text,true,,341,376,1,1,http://localhost:8081/users,39,0,0
1763944777886,0,GET ID,200,OK,TESTES 1-71,text,true,,424,125,1,1,http://localhost:8081/users/522,0,0,0
1763944777886,1,PUT,200,OK,TESTES 1-71,text,true,,408,319,1,1,http://localhost:8081/users/522,1,0,0
1763944777887,0,GET,200,OK,TESTES 1-71,text,true,,2939,121,1,1,http://localhost:8081/users,0,0,0
1763944777887,1,DELETE,200,OK,TESTES 1-71,text,true,,165,211,1,1,http://localhost:8081/users/522,1,0,0
1763944777888,0,Healthcheck,200,OK,TESTES 1-71,text,true,,176,127,1,1,http://localhost:8081/healthcheck,0,0,0
1763944777904,0,Healthcheck,200,OK,TESTES 1-72,text,true,,176,127,2,2,http://localhost:8081/healthcheck,0,0,0
1763944777888,39,POST,201,Created,TESTES 1-71,text,true,,341,376,2,2,http://localhost:8081/users,39,0,0
1763944777927,0,GET ID,200,OK,TESTES 1-71,text,true,,424,125,2,2,http://localhost:8081/users/523,0,0,0
1763944777928,0,PUT,200,OK,TESTES 1-71,text,true,,409,320,2,2,http://localhost:8081/users/523,0,0,0
1763944777928,1,GET,200,OK,TESTES 1-71,text,true,,2940,121,2,2,http://localhost:8081/users,1,0,0
1763944777929,0,DELETE,200,OK,TESTES 1-71,text,true,,165,211,2,2,http://localhost:8081/users/523,0,0,0
1763944777904,40,POST,201,Created,TESTES 1-72,text,true,,341,376,1,1,http://localhost:8081/users,40,0,0
1763944777944,0,GET ID,200,OK,TESTES 1-72,text,true,,424,125,1,1,http://localhost:8081/users/524,0,0,0
1763944777944,1,PUT,200,OK,TESTES 1-72,text,true,,409,320,1,1,http://localhost:8081/users/524,1,0,0
1763944777945,0,GET,200,OK,TESTES 1-72,text,true,,2940,121,1,1,http://localhost:8081/users,0,0,0
1763944777945,1,DELETE,200,OK,TESTES 1-72,text,true,,165,211,1,1,http://localhost:8081/users/524,1,0,0
1763944777946,0,Healthcheck,200,OK,TESTES 1-72,text,true,,176,127,1,1,http://localhost:8081/healthcheck,0,0,0
1763944777946,39,POST,201,Created,TESTES 1-72,text,true,,341,376,1,1,http://localhost:8081/users,39,0,0
1763944777985,1,GET ID,200,OK,TESTES 1-72,text,true,,424,125,1,1,http://localhost:8081/users/525,1,0,0
1763944777986,1,PUT,200,OK,TESTES 1-72,text,true,,408,320,1,1,http://localhost:8081/users/525,1,0,0
1763944777987,0,GET,200,OK,TESTES 1-72,text,true,,2939,121,1,1,http://localhost:8081/users,0,0,0
1763944777987,1,DELETE,200,OK,TESTES 1-72,text,true,,165,211,1,1,http://localhost:8081/users/525,1,0,0
1763944777988,0,Healthcheck,200,OK,TESTES 1-72,text,true,,176,127,1,1,http://localhost:8081/healthcheck,0,0,0
1763944778004,0,Healthcheck,200,OK,TESTES 1-73,text,true,,176,127,2,2,http://localhost:8081/healthcheck,0,0,0
1763944777988,40,POST,201,Created,TESTES 1-72,text,true,,341,376,2,2,http://localhost:8081/users,40,0,0
1763944778028,0,GET ID,200,OK,TESTES 1-72,text,true,,424,125,2,2,http://localhost:8081/users/526,0,0,0
1763944778028,1,PUT,200,OK,TESTES 1-72,text,true,,409,320,2,2,http://localhost:8081/users/526,1,0,0
1763944778029,0,GET,200,OK,TESTES 1-72,text,true,,2940,121,2,2,http://localhost:8081/users,0,0,0
1763944778029,1,DELETE,200,OK,TESTES 1-72,text,true,,165,211,2,2,http://localhost:8081/users/526,1,0,0
1763944778004,41,POST,201,Created,TESTES 1-73,text,true,,341,376,1,1,http://localhost:8081/users,41,0,0
1763944778045,0,GET ID,200,OK,TESTES 1-73,text,true,,424,125,1,1,http://localhost:8081/users/527,0,0,0
1763944778045,1,PUT,200,OK,TESTES 1-73,text,true,,409,320,1,1,http://localhost:8081/users/527,1,0,0
1763944778046,0,GET,200,OK,TESTES 1-73,text,true,,2940,121,1,1,http://localhost:8081/users,0,0,0
1763944778046,1,DELETE,200,OK,TESTES 1-73,text,true,,165,211,1,1,http://localhost:8081/users/527,1,0,0
1763944778047,0,Healthcheck,200,OK,TESTES 1-73,text,true,,176,127,1,1,http://localhost:8081/healthcheck,0,0,0
1763944778047,39,POST,201,Created,TESTES 1-73,text,true,,341,376,1,1,http://localhost:8081/users,39,0,0
1763944778086,1,GET ID,200,OK,TESTES 1-73,text,true,,424,125,1,1,http://localhost:8081/users/528,1,0,0
1763944778087,0,PUT,200,OK,TESTES 1-73,text,true,,409,320,1,1,http://localhost:8081/users/528,0,0,0
1763944778087,0,GET,200,OK,TESTES 1-73,text,true,,2940,121,1,1,http://localhost:8081/users,0,0,0
1763944778087,1,DELETE,200,OK,TESTES 1-73,text,true,,165,211,1,1,http://localhost:8081/users/528,1,0,0
1763944778088,0,Healthcheck,200,OK,TESTES 1-73,text,true,,176,127,1,1,http://localhost:8081/healthcheck,0,0,0
1763944778104,0,Healthcheck,200,OK,TESTES 1-74,text,true,,176,127,2,2,http://localhost:8081/healthcheck,0,0,0
1763944778088,40,POST,201,Created,TESTES 1-73,text,true,,341,376,2,2,http://localhost:8081/users,40,0,0
1763944778128,0,GET ID,200,OK,TESTES 1-73,text,true,,424,125,2,2,http://localhost:8081/users/529,0,0,0
1763944778128,1,PUT,200,OK,TESTES 1-73,text,true,,409,320,2,2,http://localhost:8081/users/529,1,0,0
1763944778129,0,GET,200,OK,TESTES 1-73,text,true,,2940,121,2,2,http://localhost:8081/users,0,0,0
1763944778129,0,DELETE,200,OK,TESTES 1-73,text,true,,165,211,2,2,http://localhost:8081/users/529,0,0,0
1763944778104,40,POST,201,Created,TESTES 1-74,text,true,,341,376,1,1,http://localhost:8081/users,40,0,0
1763944778145,0,GET ID,200,OK,TESTES 1-74,text,true,,424,125,1,1,http://localhost:8081/users/530,0,0,0
1763944778145,0,PUT,200,OK,TESTES 1-74,text,true,,408,319,1,1,http://localhost:8081/users/530,0,0,0
1763944778146,0,GET,200,OK,TESTES 1-74,text,true,,2939,121,1,1,http://localhost:8081/users,0,0,0
1763944778146,0,DELETE,200,OK,TESTES 1-74,text,true,,165,211,1,1,http://localhost:8081/users/530,0,0,0
1763944778146,0,Healthcheck,200,OK,TESTES 1-74,text,true,,176,127,1,1,http://localhost:8081/healthcheck,0,0,0
1763944778146,40,POST,201,Created,TESTES 1-74,text,true,,341,376,1,1,http://localhost:8081/users,40,0,0
1763944778186,0,GET ID,200,OK,TESTES 1-74,text,true,,424,125,1,1,http://localhost:8081/users/531,0,0,0
1763944778186,1,PUT,200,OK,TESTES 1-74,text,true,,407,320,1,1,http://localhost:8081/users/531,1,0,0
1763944778187,1,GET,200,OK,TESTES 1-74,text,true,,2938,121,1,1,http://localhost:8081/users,1,0,0
1763944778188,1,DELETE,200,OK,TESTES 1-74,text,true,,165,211,1,1,http://localhost:8081/users/531,1,0,0
1763944778189,0,Healthcheck,200,OK,TESTES 1-74,text,true,,176,127,1,1,http://localhost:8081/healthcheck,0,0,0
1763944778204,0,Healthcheck,200,OK,TESTES 1-75,text,true,,176,127,2,2,http://localhost:8081/healthcheck,0,0,0
1763944778189,41,POST,201,Created,TESTES 1-74,text,true,,341,375,2,2,http://localhost:8081/users,41,0,0
1763944778230,0,GET ID,200,OK,TESTES 1-74,text,true,,424,125,2,2,http://localhost:8081/users/532,0,0,0
1763944778230,1,PUT,200,OK,TESTES 1-74,text,true,,409,320,2,2,http://localhost:8081/users/532,1,0,0
1763944778231,0,GET,200,OK,TESTES 1-74,text,true,,2940,121,2,2,http://localhost:8081/users,0,0,0
1763944778231,1,DELETE,200,OK,TESTES 1-74,text,true,,165,211,2,2,http://localhost:8081/users/532,1,0,0
1763944778204,40,POST,201,Created,TESTES 1-75,text,true,,341,376,1,1,http://localhost:8081/users,40,0,0
1763944778245,0,GET ID,200,OK,TESTES 1-75,text,true,,424,125,1,1,http://localhost:8081/users/533,0,0,0
1763944778245,0,PUT,200,OK,TESTES 1-75,text,true,,409,320,1,1,http://localhost:8081/users/533,0,0,0
1763944778245,0,GET,200,OK,TESTES 1-75,text,true,,2940,121,1,1,http://localhost:8081/users,0,0,0
1763944778246,0,DELETE,200,OK,TESTES 1-75,text,true,,165,211,1,1,http://localhost:8081/users/533,0,0,0
1763944778246,0,Healthcheck,200,OK,TESTES 1-75,text,true,,176,127,1,1,http://localhost:8081/healthcheck,0,0,0
1763944778246,43,POST,201,Created,TESTES 1-75,text,true,,341,376,1,1,http://localhost:8081/users,43,0,0
1763944778289,0,GET ID,200,OK,TESTES 1-75,text,true,,424,125,1,1,http://localhost:8081/users/534,0,0,0
1763944778289,1,PUT,200,OK,TESTES 1-75,text,true,,408,319,1,1,http://localhost:8081/users/534,1,0,0
1763944778290,0,GET,200,OK,TESTES 1-75,text,true,,2939,121,1,1,http://localhost:8081/users,0,0,0
1763944778290,0,DELETE,200,OK,TESTES 1-75,text,true,,165,211,1,1,http://localhost:8081/users/534,0,0,0
1763944778290,1,Healthcheck,200,OK,TESTES 1-75,text,true,,176,127,1,1,http://localhost:8081/healthcheck,1,0,0
1763944778304,0,Healthcheck,200,OK,TESTES 1-76,text,true,,176,127,2,2,http://localhost:8081/healthcheck,0,0,0
1763944778291,40,POST,201,Created,TESTES 1-75,text,true,,341,375,2,2,http://localhost:8081/users,40,0,0
1763944778331,0,GET ID,200,OK,TESTES 1-75,text,true,,424,125,2,2,http://localhost:8081/users/535,0,0,0
1763944778331,1,PUT,200,OK,TESTES 1-75,text,true,,409,320,2,2,http://localhost:8081/users/535,1,0,0
1763944778332,0,GET,200,OK,TESTES 1-75,text,true,,2940,121,2,2,http://localhost:8081/users,0,0,0
1763944778332,0,DELETE,200,OK,TESTES 1-75,text,true,,165,211,2,2,http://localhost:8081/users/535,0,0,0
1763944778304,42,POST,201,Created,TESTES 1-76,text,true,,341,376,1,1,http://localhost:8081/users,42,0,0
1763944778346,0,GET ID,200,OK,TESTES 1-76,text,true,,424,125,1,1,http://localhost:8081/users/536,0,0,0
1763944778346,1,PUT,200,OK,TESTES 1-76,text,true,,409,320,1,1,http://localhost:8081/users/536,1,0,0
1763944778347,0,GET,200,OK,TESTES 1-76,text,true,,2940,121,1,1,http://localhost:8081/users,0,0,0
1763944778347,0,DELETE,200,OK,TESTES 1-76,text,true,,165,211,1,1,http://localhost:8081/users/536,0,0,0
1763944778347,0,Healthcheck,200,OK,TESTES 1-76,text,true,,176,127,1,1,http://localhost:8081/healthcheck,0,0,0
1763944778347,40,POST,201,Created,TESTES 1-76,text,true,,341,375,1,1,http://localhost:8081/users,40,0,0
1763944778387,0,GET ID,200,OK,TESTES 1-76,text,true,,422,125,1,1,http://localhost:8081/users/537,0,0,0
1763944778387,1,PUT,200,OK,TESTES 1-76,text,true,,408,320,1,1,http://localhost:8081/users/537,1,0,0
1763944778388,0,GET,200,OK,TESTES 1-76,text,true,,2939,121,1,1,http://localhost:8081/users,0,0,0
1763944778388,1,DELETE,200,OK,TESTES 1-76,text,true,,165,211,1,1,http://localhost:8081/users/537,1,0,0
1763944778389,0,Healthcheck,200,OK,TESTES 1-76,text,true,,176,127,1,1,http://localhost:8081/healthcheck,0,0,0
1763944778404,0,Healthcheck,200,OK,TESTES 1-77,text,true,,176,127,2,2,http://localhost:8081/healthcheck,0,0,0
1763944778389,40,POST,201,Created,TESTES 1-76,text,true,,341,376,2,2,http://localhost:8081/users,40,0,0
1763944778429,1,GET ID,200,OK,TESTES 1-76,text,true,,424,125,2,2,http://localhost:8081/users/538,1,0,0
1763944778430,1,PUT,200,OK,TESTES 1-76,text,true,,408,319,2,2,http://localhost:8081/users/538,1,0,0
1763944778431,0,GET,200,OK,TESTES 1-76,text,true,,2939,121,2,2,http://localhost:8081/users,0,0,0
1763944778431,1,DELETE,200,OK,TESTES 1-76,text,true,,165,211,2,2,http://localhost:8081/users/538,1,0,0
1763944778404,41,POST,201,Created,TESTES 1-77,text,true,,341,376,1,1,http://localhost:8081/users,41,0,0
1763944778445,0,GET ID,200,OK,TESTES 1-77,text,true,,424,125,1,1,http://localhost:8081/users/539,0,0,0
1763944778445,1,PUT,200,OK,TESTES 1-77,text,true,,409,320,1,1,http://localhost:8081/users/539,1,0,0
1763944778446,0,GET,200,OK,TESTES 1-77,text,true,,2940,121,1,1,http://localhost:8081/users,0,0,0
1763944778446,1,DELETE,200,OK,TESTES 1-77,text,true,,165,211,1,1,http://localhost:8081/users/539,1,0,0
1763944778447,0,Healthcheck,200,OK,TESTES 1-77,text,true,,176,127,1,1,http://localhost:8081/healthcheck,0,0,0
1763944778447,39,POST,201,Created,TESTES 1-77,text,true,,341,376,1,1,http://localhost:8081/users,39,0,0
1763944778486,1,GET ID,200,OK,TESTES 1-77,text,true,,424,125,1,1,http://localhost:8081/users/540,1,0,0
1763944778487,1,PUT,200,OK,TESTES 1-77,text,true,,407,319,1,1,http://localhost:8081/users/540,1,0,0
1763944778488,0,GET,200,OK,TESTES 1-77,text,true,,2938,121,1,1,http://localhost:8081/users,0,0,0
1763944778488,1,DELETE,200,OK,TESTES 1-77,text,true,,165,211,1,1,http://localhost:8081/users/540,1,0,0
1763944778489,0,Healthcheck,200,OK,TESTES 1-77,text,true,,176,127,1,1,http://localhost:8081/healthcheck,0,0,0
1763944778504,1,Healthcheck,200,OK,TESTES 1-78,text,true,,176,127,2,2,http://localhost:8081/healthcheck,1,0,0
1763944778489,39,POST,201,Created,TESTES 1-77,text,true,,341,376,2,2,http://localhost:8081/users,39,0,0
1763944778529,0,GET ID,200,OK,TESTES 1-77,text,true,,424,125,2,2,http://localhost:8081/users/541,0,0,0
1763944778529,1,PUT,200,OK,TESTES 1-77,text,true,,409,320,2,2,http://localhost:8081/users/541,1,0,0
1763944778530,0,GET,200,OK,TESTES 1-77,text,true,,2940,121,2,2,http://localhost:8081/users,0,0,0
1763944778530,1,DELETE,200,OK,TESTES 1-77,text,true,,165,211,2,2,http://localhost:8081/users/541,1,0,0
1763944778505,40,POST,201,Created,TESTES 1-78,text,true,,341,376,1,1,http://localhost:8081/users,40,0,0
1763944778545,0,GET ID,200,OK,TESTES 1-78,text,true,,424,125,1,1,http://localhost:8081/users/542,0,0,0
1763944778545,1,PUT,200,OK,TESTES 1-78,text,true,,409,320,1,1,http://localhost:8081/users/542,1,0,0
1763944778546,0,GET,200,OK,TESTES 1-78,text,true,,2940,121,1,1,http://localhost:8081/users,0,0,0
1763944778546,1,DELETE,200,OK,TESTES 1-78,text,true,,165,211,1,1,http://localhost:8081/users/542,1,0,0
1763944778547,0,Healthcheck,200,OK,TESTES 1-78,text,true,,176,127,1,1,http://localhost:8081/healthcheck,0,0,0
1763944778547,40,POST,201,Created,TESTES 1-78,text,true,,340,375,1,1,http://localhost:8081/users,40,0,0
1763944778587,0,GET ID,200,OK,TESTES 1-78,text,true,,423,125,1,1,http://localhost:8081/users/543,0,0,0
1763944778587,1,PUT,200,OK,TESTES 1-78,text,true,,408,319,1,1,http://localhost:8081/users/543,1,0,0
1763944778588,0,GET,200,OK,TESTES 1-78,text,true,,2939,121,1,1,http://localhost:8081/users,0,0,0
1763944778588,1,DELETE,200,OK,TESTES 1-78,text,true,,165,211,1,1,http://localhost:8081/users/543,1,0,0
1763944778589,0,Healthcheck,200,OK,TESTES 1-78,text,true,,176,127,1,1,http://localhost:8081/healthcheck,0,0,0
1763944778605,1,Healthcheck,200,OK,TESTES 1-79,text,true,,176,127,2,2,http://localhost:8081/healthcheck,1,0,0
1763944778589,44,POST,201,Created,TESTES 1-78,text,true,,340,374,2,2,http://localhost:8081/users,44,0,0
1763944778633,0,GET ID,200,OK,TESTES 1-78,text,true,,423,125,2,2,http://localhost:8081/users/544,0,0,0
1763944778633,1,PUT,200,OK,TESTES 1-78,text,true,,409,320,2,2,http://localhost:8081/users/544,1,0,0
1763944778634,0,GET,200,OK,TESTES 1-78,text,true,,2940,121,2,2,http://localhost:8081/users,0,0,0
1763944778634,1,DELETE,200,OK,TESTES 1-78,text,true,,165,211,2,2,http://localhost:8081/users/544,1,0,0
1763944778606,42,POST,201,Created,TESTES 1-79,text,true,,341,376,1,1,http://localhost:8081/users,42,0,0
1763944778648,1,GET ID,200,OK,TESTES 1-79,text,true,,424,125,1,1,http://localhost:8081/users/545,1,0,0
1763944778649,1,PUT,200,OK,TESTES 1-79,text,true,,409,320,1,1,http://localhost:8081/users/545,1,0,0
1763944778650,0,GET,200,OK,TESTES 1-79,text,true,,2940,121,1,1,http://localhost:8081/users,0,0,0
1763944778650,0,DELETE,200,OK,TESTES 1-79,text,true,,165,211,1,1,http://localhost:8081/users/545,0,0,0
1763944778650,0,Healthcheck,200,OK,TESTES 1-79,text,true,,176,127,1,1,http://localhost:8081/healthcheck,0,0,0
1763944778650,40,POST,201,Created,TESTES 1-79,text,true,,340,375,1,1,http://localhost:8081/users,40,0,0
1763944778690,1,GET ID,200,OK,TESTES 1-79,text,true,,423,125,1,1,http://localhost:8081/users/546,1,0,0
1763944778691,0,PUT,200,OK,TESTES 1-79,text,true,,409,320,1,1,http://localhost:8081/users/546,0,0,0
1763944778691,1,GET,200,OK,TESTES 1-79,text,true,,2940,121,1,1,http://localhost:8081/users,1,0,0
1763944778692,0,DELETE,200,OK,TESTES 1-79,text,true,,165,211,1,1,http://localhost:8081/users/546,0,0,0
1763944778692,0,Healthcheck,200,OK,TESTES 1-79,text,true,,176,127,1,1,http://localhost:8081/healthcheck,0,0,0
1763944778704,1,Healthcheck,200,OK,TESTES 1-80,text,true,,176,127,2,2,http://localhost:8081/healthcheck,1,0,0
1763944778692,40,POST,201,Created,TESTES 1-79,text,true,,340,375,2,2,http://localhost:8081/users,40,0,0
1763944778732,0,GET ID,200,OK,TESTES 1-79,text,true,,423,125,2,2,http://localhost:8081/users/547,0,0,0
1763944778732,1,PUT,200,OK,TESTES 1-79,text,true,,409,320,2,2,http://localhost:8081/users/547,1,0,0
1763944778733,0,GET,200,OK,TESTES 1-79,text,true,,2940,121,2,2,http://localhost:8081/users,0,0,0
1763944778733,1,DELETE,200,OK,TESTES 1-79,text,true,,165,211,2,2,http://localhost:8081/users/547,1,0,0
1763944778705,39,POST,201,Created,TESTES 1-80,text,true,,341,376,1,1,http://localhost:8081/users,39,0,0
1763944778744,0,GET ID,200,OK,TESTES 1-80,text,true,,424,125,1,1,http://localhost:8081/users/548,0,0,0
1763944778744,1,PUT,200,OK,TESTES 1-80,text,true,,409,320,1,1,http://localhost:8081/users/548,1,0,0
1763944778745,0,GET,200,OK,TESTES 1-80,text,true,,2940,121,1,1,http://localhost:8081/users,0,0,0
1763944778745,0,DELETE,200,OK,TESTES 1-80,text,true,,165,211,1,1,http://localhost:8081/users/548,0,0,0
1763944778745,0,Healthcheck,200,OK,TESTES 1-80,text,true,,176,127,1,1,http://localhost:8081/healthcheck,0,0,0
1763944778745,40,POST,201,Created,TESTES 1-80,text,true,,339,374,1,1,http://localhost:8081/users,40,0,0
1763944778785,0,GET ID,200,OK,TESTES 1-80,text,true,,422,125,1,1,http://localhost:8081/users/549,0,0,0
1763944778785,1,PUT,200,OK,TESTES 1-80,text,true,,409,320,1,1,http://localhost:8081/users/549,1,0,0
1763944778786,0,GET,200,OK,TESTES 1-80,text,true,,2940,121,1,1,http://localhost:8081/users,0,0,0
1763944778786,1,DELETE,200,OK,TESTES 1-80,text,true,,165,211,1,1,http://localhost:8081/users/549,1,0,0
1763944778787,0,Healthcheck,200,OK,TESTES 1-80,text,true,,176,127,1,1,http://localhost:8081/healthcheck,0,0,0
1763944778804,1,Healthcheck,200,OK,TESTES 1-81,text,true,,176,127,2,2,http://localhost:8081/healthcheck,1,0,1
1763944778787,40,POST,201,Created,TESTES 1-80,text,true,,341,376,2,2,http://localhost:8081/users,40,0,0
1763944778827,0,GET ID,200,OK,TESTES 1-80,text,true,,422,125,2,2,http://localhost:8081/users/550,0,0,0
1763944778827,1,PUT,200,OK,TESTES 1-80,text,true,,408,320,2,2,http://localhost:8081/users/550,1,0,0
1763944778828,0,GET,200,OK,TESTES 1-80,text,true,,2939,121,2,2,http://localhost:8081/users,0,0,0
1763944778828,1,DELETE,200,OK,TESTES 1-80,text,true,,165,211,2,2,http://localhost:8081/users/550,1,0,0
1763944778805,39,POST,201,Created,TESTES 1-81,text,true,,341,376,1,1,http://localhost:8081/users,39,0,0
1763944778844,0,GET ID,200,OK,TESTES 1-81,text,true,,424,125,1,1,http://localhost:8081/users/551,0,0,0
1763944778844,1,PUT,200,OK,TESTES 1-81,text,true,,409,320,1,1,http://localhost:8081/users/551,1,0,0
1763944778845,0,GET,200,OK,TESTES 1-81,text,true,,2940,121,1,1,http://localhost:8081/users,0,0,0
1763944778845,1,DELETE,200,OK,TESTES 1-81,text,true,,165,211,1,1,http://localhost:8081/users/551,1,0,0
1763944778846,0,Healthcheck,200,OK,TESTES 1-81,text,true,,176,127,1,1,http://localhost:8081/healthcheck,0,0,0
1763944778846,40,POST,201,Created,TESTES 1-81,text,true,,340,375,1,1,http://localhost:8081/users,40,0,0
1763944778886,1,GET ID,200,OK,TESTES 1-81,text,true,,423,125,1,1,http://localhost:8081/users/552,1,0,0
1763944778887,1,PUT,200,OK,TESTES 1-81,text,true,,407,318,1,1,http://localhost:8081/users/552,1,0,0
1763944778888,0,GET,200,OK,TESTES 1-81,text,true,,2938,121,1,1,http://localhost:8081/users,0,0,0
1763944778888,0,DELETE,200,OK,TESTES 1-81,text,true,,165,211,1,1,http://localhost:8081/users/552,0,0,0
1763944778888,0,Healthcheck,200,OK,TESTES 1-81,text,true,,176,127,1,1,http://localhost:8081/healthcheck,0,0,0
1763944778904,1,Healthcheck,200,OK,TESTES 1-82,text,true,,176,127,2,2,http://localhost:8081/healthcheck,1,0,0
1763944778888,42,POST,201,Created,TESTES 1-81,text,true,,340,375,2,2,http://localhost:8081/users,42,0,0
1763944778930,0,GET ID,200,OK,TESTES 1-81,text,true,,423,125,2,2,http://localhost:8081/users/553,0,0,0
1763944778931,0,PUT,200,OK,TESTES 1-81,text,true,,409,320,2,2,http://localhost:8081/users/553,0,0,0
1763944778931,0,GET,200,OK,TESTES 1-81,text,true,,2940,121,2,2,http://localhost:8081/users,0,0,0
1763944778931,1,DELETE,200,OK,TESTES 1-81,text,true,,165,211,2,2,http://localhost:8081/users/553,1,0,0
1763944778905,42,POST,201,Created,TESTES 1-82,text,true,,341,376,1,1,http://localhost:8081/users,42,0,0
1763944778947,0,GET ID,200,OK,TESTES 1-82,text,true,,424,125,1,1,http://localhost:8081/users/554,0,0,0
1763944778947,0,PUT,200,OK,TESTES 1-82,text,true,,409,320,1,1,http://localhost:8081/users/554,0,0,0
1763944778947,1,GET,200,OK,TESTES 1-82,text,true,,2940,121,1,1,http://localhost:8081/users,1,0,0
1763944778948,0,DELETE,200,OK,TESTES 1-82,text,true,,165,211,1,1,http://localhost:8081/users/554,0,0,0
1763944778948,0,Healthcheck,200,OK,TESTES 1-82,text,true,,176,127,1,1,http://localhost:8081/healthcheck,0,0,0
1763944778948,43,POST,201,Created,TESTES 1-82,text,true,,341,376,1,1,http://localhost:8081/users,43,0,0
1763944778991,0,GET ID,200,OK,TESTES 1-82,text,true,,424,125,1,1,http://localhost:8081/users/555,0,0,0
1763944778991,1,PUT,200,OK,TESTES 1-82,text,true,,408,319,1,1,http://localhost:8081/users/555,1,0,0
1763944778992,0,GET,200,OK,TESTES 1-82,text,true,,2939,121,1,1,http://localhost:8081/users,0,0,0
1763944778992,1,DELETE,200,OK,TESTES 1-82,text,true,,165,211,1,1,http://localhost:8081/users/555,1,0,0
1763944778993,0,Healthcheck,200,OK,TESTES 1-82,text,true,,176,127,1,1,http://localhost:8081/healthcheck,0,0,0
1763944779004,1,Healthcheck,200,OK,TESTES 1-83,text,true,,176,127,2,2,http://localhost:8081/healthcheck,1,0,0
1763944778993,39,POST,201,Created,TESTES 1-82,text,true,,341,376,2,2,http://localhost:8081/users,39,0,0
1763944779032,0,GET ID,200,OK,TESTES 1-82,text,true,,424,125,2,2,http://localhost:8081/users/556,0,0,0
1763944779032,1,PUT,200,OK,TESTES 1-82,text,true,,408,319,2,2,http://localhost:8081/users/556,1,0,0
1763944779033,0,GET,200,OK,TESTES 1-82,text,true,,2939,121,2,2,http://localhost:8081/users,0,0,0
1763944779033,1,DELETE,200,OK,TESTES 1-82,text,true,,165,211,2,2,http://localhost:8081/users/556,1,0,0
1763944779005,40,POST,201,Created,TESTES 1-83,text,true,,341,376,1,1,http://localhost:8081/users,40,0,0
1763944779045,0,GET ID,200,OK,TESTES 1-83,text,true,,424,125,1,1,http://localhost:8081/users/557,0,0,0
1763944779045,1,PUT,200,OK,TESTES 1-83,text,true,,409,320,1,1,http://localhost:8081/users/557,1,0,0
1763944779046,0,GET,200,OK,TESTES 1-83,text,true,,2940,121,1,1,http://localhost:8081/users,0,0,0
1763944779046,1,DELETE,200,OK,TESTES 1-83,text,true,,165,211,1,1,http://localhost:8081/users/557,1,0,0
1763944779047,0,Healthcheck,200,OK,TESTES 1-83,text,true,,176,127,1,1,http://localhost:8081/healthcheck,0,0,0
1763944779047,40,POST,201,Created,TESTES 1-83,text,true,,339,374,1,1,http://localhost:8081/users,40,0,0
1763944779087,0,GET ID,200,OK,TESTES 1-83,text,true,,422,125,1,1,http://localhost:8081/users/558,0,0,0
1763944779088,1,PUT,200,OK,TESTES 1-83,text,true,,409,320,1,1,http://localhost:8081/users/558,1,0,0
1763944779089,0,GET,200,OK,TESTES 1-83,text,true,,2940,121,1,1,http://localhost:8081/users,0,0,0
1763944779089,1,DELETE,200,OK,TESTES 1-83,text,true,,165,211,1,1,http://localhost:8081/users/558,1,0,0
1763944779090,0,Healthcheck,200,OK,TESTES 1-83,text,true,,176,127,1,1,http://localhost:8081/healthcheck,0,0,0
1763944779104,1,Healthcheck,200,OK,TESTES 1-84,text,true,,176,127,2,2,http://localhost:8081/healthcheck,1,0,1
1763944779090,44,POST,201,Created,TESTES 1-83,text,true,,341,376,2,2,http://localhost:8081/users,44,0,0
1763944779134,1,GET ID,200,OK,TESTES 1-83,text,true,,424,125,2,2,http://localhost:8081/users/559,1,0,0
1763944779135,0,PUT,200,OK,TESTES 1-83,text,true,,409,320,2,2,http://localhost:8081/users/559,0,0,0
1763944779135,1,GET,200,OK,TESTES 1-83,text,true,,2940,121,2,2,http://localhost:8081/users,1,0,0
1763944779136,0,DELETE,200,OK,TESTES 1-83,text,true,,165,211,2,2,http://localhost:8081/users/559,0,0,0
1763944779105,42,POST,201,Created,TESTES 1-84,text,true,,341,376,1,1,http://localhost:8081/users,42,0,0
1763944779147,0,GET ID,200,OK,TESTES 1-84,text,true,,424,125,1,1,http://localhost:8081/users/560,0,0,0
1763944779148,0,PUT,200,OK,TESTES 1-84,text,true,,409,320,1,1,http://localhost:8081/users/560,0,0,0
1763944779148,0,GET,200,OK,TESTES 1-84,text,true,,2940,121,1,1,http://localhost:8081/users,0,0,0
1763944779148,1,DELETE,200,OK,TESTES 1-84,text,true,,165,211,1,1,http://localhost:8081/users/560,1,0,0
1763944779149,0,Healthcheck,200,OK,TESTES 1-84,text,true,,176,127,1,1,http://localhost:8081/healthcheck,0,0,0
1763944779149,40,POST,201,Created,TESTES 1-84,text,true,,341,376,1,1,http://localhost:8081/users,40,0,0
1763944779189,0,GET ID,200,OK,TESTES 1-84,text,true,,422,125,1,1,http://localhost:8081/users/561,0,0,0
1763944779189,1,PUT,200,OK,TESTES 1-84,text,true,,408,320,1,1,http://localhost:8081/users/561,1,0,0
1763944779190,1,GET,200,OK,TESTES 1-84,text,true,,2939,121,1,1,http://localhost:8081/users,1,0,0
1763944779191,0,DELETE,200,OK,TESTES 1-84,text,true,,165,211,1,1,http://localhost:8081/users/561,0,0,0
1763944779191,0,Healthcheck,200,OK,TESTES 1-84,text,true,,176,127,1,1,http://localhost:8081/healthcheck,0,0,0
1763944779204,1,Healthcheck,200,OK,TESTES 1-85,text,true,,176,127,2,2,http://localhost:8081/healthcheck,1,0,1
1763944779191,40,POST,201,Created,TESTES 1-84,text,true,,341,376,2,2,http://localhost:8081/users,40,0,0
1763944779231,0,GET ID,200,OK,TESTES 1-84,text,true,,424,125,2,2,http://localhost:8081/users/562,0,0,0
1763944779231,1,PUT,200,OK,TESTES 1-84,text,true,,409,320,2,2,http://localhost:8081/users/562,1,0,0
1763944779232,1,GET,200,OK,TESTES 1-84,text,true,,2940,121,2,2,http://localhost:8081/users,1,0,0
1763944779233,0,DELETE,200,OK,TESTES 1-84,text,true,,165,211,2,2,http://localhost:8081/users/562,0,0,0
1763944779205,40,POST,201,Created,TESTES 1-85,text,true,,340,375,1,1,http://localhost:8081/users,40,0,0
1763944779246,0,GET ID,200,OK,TESTES 1-85,text,true,,421,125,1,1,http://localhost:8081/users/563,0,0,0
1763944779246,0,PUT,200,OK,TESTES 1-85,text,true,,408,320,1,1,http://localhost:8081/users/563,0,0,0
1763944779246,1,GET,200,OK,TESTES 1-85,text,true,,2939,121,1,1,http://localhost:8081/users,1,0,0
1763944779247,0,DELETE,200,OK,TESTES 1-85,text,true,,165,211,1,1,http://localhost:8081/users/563,0,0,0
1763944779247,0,Healthcheck,200,OK,TESTES 1-85,text,true,,176,127,1,1,http://localhost:8081/healthcheck,0,0,0
1763944779247,40,POST,201,Created,TESTES 1-85,text,true,,341,376,1,1,http://localhost:8081/users,40,0,0
1763944779287,1,GET ID,200,OK,TESTES 1-85,text,true,,424,125,1,1,http://localhost:8081/users/564,1,0,0
1763944779288,0,PUT,200,OK,TESTES 1-85,text,true,,409,320,1,1,http://localhost:8081/users/564,0,0,0
1763944779289,0,GET,200,OK,TESTES 1-85,text,true,,2940,121,1,1,http://localhost:8081/users,0,0,0
1763944779289,0,DELETE,200,OK,TESTES 1-85,text,true,,165,211,1,1,http://localhost:8081/users/564,0,0,0
1763944779289,0,Healthcheck,200,OK,TESTES 1-85,text,true,,176,127,1,1,http://localhost:8081/healthcheck,0,0,0
1763944779305,0,Healthcheck,200,OK,TESTES 1-86,text,true,,176,127,2,2,http://localhost:8081/healthcheck,0,0,0
1763944779289,40,POST,201,Created,TESTES 1-85,text,true,,341,376,2,2,http://localhost:8081/users,40,0,0
1763944779329,0,GET ID,200,OK,TESTES 1-85,text,true,,424,125,2,2,http://localhost:8081/users/565,0,0,0
1763944779329,1,PUT,200,OK,TESTES 1-85,text,true,,409,320,2,2,http://localhost:8081/users/565,1,0,0
1763944779330,1,GET,200,OK,TESTES 1-85,text,true,,2940,121,2,2,http://localhost:8081/users,1,0,0
1763944779331,0,DELETE,200,OK,TESTES 1-85,text,true,,165,211,2,2,http://localhost:8081/users/565,0,0,0
1763944779305,39,POST,201,Created,TESTES 1-86,text,true,,340,375,1,1,http://localhost:8081/users,39,0,0
1763944779344,1,GET ID,200,OK,TESTES 1-86,text,true,,423,125,1,1,http://localhost:8081/users/566,1,0,0
1763944779345,1,PUT,200,OK,TESTES 1-86,text,true,,409,320,1,1,http://localhost:8081/users/566,1,0,0
1763944779346,0,GET,200,OK,TESTES 1-86,text,true,,2940,121,1,1,http://localhost:8081/users,0,0,0
1763944779346,1,DELETE,200,OK,TESTES 1-86,text,true,,165,211,1,1,http://localhost:8081/users/566,1,0,0
1763944779347,0,Healthcheck,200,OK,TESTES 1-86,text,true,,176,127,1,1,http://localhost:8081/healthcheck,0,0,0
1763944779347,40,POST,201,Created,TESTES 1-86,text,true,,340,375,1,1,http://localhost:8081/users,40,0,0
1763944779387,1,GET ID,200,OK,TESTES 1-86,text,true,,423,125,1,1,http://localhost:8081/users/567,1,0,0
1763944779388,0,PUT,200,OK,TESTES 1-86,text,true,,409,320,1,1,http://localhost:8081/users/567,0,0,0
1763944779388,0,GET,200,OK,TESTES 1-86,text,true,,2940,121,1,1,http://localhost:8081/users,0,0,0
1763944779388,1,DELETE,200,OK,TESTES 1-86,text,true,,165,211,1,1,http://localhost:8081/users/567,1,0,0
1763944779389,0,Healthcheck,200,OK,TESTES 1-86,text,true,,176,127,1,1,http://localhost:8081/healthcheck,0,0,0
1763944779404,0,Healthcheck,200,OK,TESTES 1-87,text,true,,176,127,2,2,http://localhost:8081/healthcheck,0,0,0
1763944779389,40,POST,201,Created,TESTES 1-86,text,true,,341,376,2,2,http://localhost:8081/users,40,0,0
1763944779429,0,GET ID,200,OK,TESTES 1-86,text,true,,424,125,2,2,http://localhost:8081/users/568,0,0,0
1763944779429,0,PUT,200,OK,TESTES 1-86,text,true,,409,320,2,2,http://localhost:8081/users/568,0,0,0
1763944779430,0,GET,200,OK,TESTES 1-86,text,true,,2940,121,2,2,http://localhost:8081/users,0,0,0
1763944779430,0,DELETE,200,OK,TESTES 1-86,text,true,,165,211,2,2,http://localhost:8081/users/568,0,0,0
1763944779404,40,POST,201,Created,TESTES 1-87,text,true,,340,375,1,1,http://localhost:8081/users,40,0,0
1763944779444,0,GET ID,200,OK,TESTES 1-87,text,true,,423,125,1,1,http://localhost:8081/users/569,0,0,0
1763944779444,1,PUT,200,OK,TESTES 1-87,text,true,,408,319,1,1,http://localhost:8081/users/569,1,0,0
1763944779445,0,GET,200,OK,TESTES 1-87,text,true,,2939,121,1,1,http://localhost:8081/users,0,0,0
1763944779445,0,DELETE,200,OK,TESTES 1-87,text,true,,165,211,1,1,http://localhost:8081/users/569,0,0,0
1763944779445,1,Healthcheck,200,OK,TESTES 1-87,text,true,,176,127,1,1,http://localhost:8081/healthcheck,1,0,0
1763944779446,39,POST,201,Created,TESTES 1-87,text,true,,341,376,1,1,http://localhost:8081/users,39,0,0
1763944779485,1,GET ID,200,OK,TESTES 1-87,text,true,,424,125,1,1,http://localhost:8081/users/570,1,0,0
1763944779486,1,PUT,200,OK,TESTES 1-87,text,true,,407,318,1,1,http://localhost:8081/users/570,1,0,0
1763944779487,0,GET,200,OK,TESTES 1-87,text,true,,2938,121,1,1,http://localhost:8081/users,0,0,0
1763944779487,1,DELETE,200,OK,TESTES 1-87,text,true,,165,211,1,1,http://localhost:8081/users/570,1,0,0
1763944779488,0,Healthcheck,200,OK,TESTES 1-87,text,true,,176,127,1,1,http://localhost:8081/healthcheck,0,0,0
1763944779504,0,Healthcheck,200,OK,TESTES 1-88,text,true,,176,127,2,2,http://localhost:8081/healthcheck,0,0,0
1763944779488,42,POST,201,Created,TESTES 1-87,text,true,,341,375,2,2,http://localhost:8081/users,42,0,0
1763944779530,0,GET ID,200,OK,TESTES 1-87,text,true,,424,125,2,2,http://localhost:8081/users/571,0,0,0
1763944779530,1,PUT,200,OK,TESTES 1-87,text,true,,409,320,2,2,http://localhost:8081/users/571,1,0,0
1763944779531,0,GET,200,OK,TESTES 1-87,text,true,,2940,121,2,2,http://localhost:8081/users,0,0,0
1763944779531,1,DELETE,200,OK,TESTES 1-87,text,true,,165,211,2,2,http://localhost:8081/users/571,1,0,0
1763944779504,42,POST,201,Created,TESTES 1-88,text,true,,341,376,1,1,http://localhost:8081/users,42,0,0
1763944779546,0,GET ID,200,OK,TESTES 1-88,text,true,,424,125,1,1,http://localhost:8081/users/572,0,0,0
1763944779547,0,PUT,200,OK,TESTES 1-88,text,true,,409,320,1,1,http://localhost:8081/users/572,0,0,0
1763944779547,1,GET,200,OK,TESTES 1-88,text,true,,2940,121,1,1,http://localhost:8081/users,1,0,0
1763944779548,0,DELETE,200,OK,TESTES 1-88,text,true,,165,211,1,1,http://localhost:8081/users/572,0,0,0
1763944779548,1,Healthcheck,200,OK,TESTES 1-88,text,true,,176,127,1,1,http://localhost:8081/healthcheck,1,0,0
1763944779549,40,POST,201,Created,TESTES 1-88,text,true,,338,373,1,1,http://localhost:8081/users,40,0,0
1763944779589,0,GET ID,200,OK,TESTES 1-88,text,true,,421,125,1,1,http://localhost:8081/users/573,0,0,0
1763944779589,1,PUT,200,OK,TESTES 1-88,text,true,,409,320,1,1,http://localhost:8081/users/573,1,0,0
1763944779590,0,GET,200,OK,TESTES 1-88,text,true,,2940,121,1,1,http://localhost:8081/users,0,0,0
1763944779590,1,DELETE,200,OK,TESTES 1-88,text,true,,165,211,1,1,http://localhost:8081/users/573,1,0,0
1763944779591,0,Healthcheck,200,OK,TESTES 1-88,text,true,,176,127,1,1,http://localhost:8081/healthcheck,0,0,0
1763944779604,1,Healthcheck,200,OK,TESTES 1-89,text,true,,176,127,2,2,http://localhost:8081/healthcheck,1,0,0
1763944779591,42,POST,201,Created,TESTES 1-88,text,true,,341,376,2,2,http://localhost:8081/users,42,0,0
1763944779633,0,GET ID,200,OK,TESTES 1-88,text,true,,424,125,2,2,http://localhost:8081/users/574,0,0,0
1763944779634,0,PUT,200,OK,TESTES 1-88,text,true,,409,320,2,2,http://localhost:8081/users/574,0,0,0
1763944779634,0,GET,200,OK,TESTES 1-88,text,true,,2940,121,2,2,http://localhost:8081/users,0,0,0
1763944779634,1,DELETE,200,OK,TESTES 1-88,text,true,,165,211,2,2,http://localhost:8081/users/574,1,0,0
1763944779605,41,POST,201,Created,TESTES 1-89,text,true,,339,374,1,1,http://localhost:8081/users,41,0,0
1763944779646,1,GET ID,200,OK,TESTES 1-89,text,true,,422,125,1,1,http://localhost:8081/users/575,1,0,0
1763944779647,0,PUT,200,OK,TESTES 1-89,text,true,,409,320,1,1,http://localhost:8081/users/575,0,0,0
1763944779647,0,GET,200,OK,TESTES 1-89,text,true,,2940,121,1,1,http://localhost:8081/users,0,0,0
1763944779647,1,DELETE,200,OK,TESTES 1-89,text,true,,165,211,1,1,http://localhost:8081/users/575,1,0,0
1763944779648,0,Healthcheck,200,OK,TESTES 1-89,text,true,,176,127,1,1,http://localhost:8081/healthcheck,0,0,0
1763944779648,39,POST,201,Created,TESTES 1-89,text,true,,340,375,1,1,http://localhost:8081/users,39,0,0
1763944779687,0,GET ID,200,OK,TESTES 1-89,text,true,,423,125,1,1,http://localhost:8081/users/576,0,0,0
1763944779687,1,PUT,200,OK,TESTES 1-89,text,true,,409,320,1,1,http://localhost:8081/users/576,1,0,0
1763944779688,0,GET,200,OK,TESTES 1-89,text,true,,2940,121,1,1,http://localhost:8081/users,0,0,0
1763944779688,1,DELETE,200,OK,TESTES 1-89,text,true,,165,211,1,1,http://localhost:8081/users/576,1,0,0
1763944779689,0,Healthcheck,200,OK,TESTES 1-89,text,true,,176,127,1,1,http://localhost:8081/healthcheck,0,0,0
1763944779704,2,Healthcheck,200,OK,TESTES 1-90,text,true,,176,127,2,2,http://localhost:8081/healthcheck,2,0,0
1763944779689,39,POST,201,Created,TESTES 1-89,text,true,,341,376,2,2,http://localhost:8081/users,39,0,0
1763944779729,0,GET ID,200,OK,TESTES 1-89,text,true,,424,125,2,2,http://localhost:8081/users/577,0,0,0
1763944779729,0,PUT,200,OK,TESTES 1-89,text,true,,409,320,2,2,http://localhost:8081/users/577,0,0,0
1763944779729,1,GET,200,OK,TESTES 1-89,text,true,,2940,121,2,2,http://localhost:8081/users,0,0,0
1763944779730,0,DELETE,200,OK,TESTES 1-89,text,true,,165,211,2,2,http://localhost:8081/users/577,0,0,0
1763944779706,40,POST,201,Created,TESTES 1-90,text,true,,341,376,1,1,http://localhost:8081/users,40,0,0
1763944779746,0,GET ID,200,OK,TESTES 1-90,text,true,,422,125,1,1,http://localhost:8081/users/578,0,0,0
1763944779746,1,PUT,200,OK,TESTES 1-90,text,true,,407,320,1,1,http://localhost:8081/users/578,1,0,0
1763944779747,0,GET,200,OK,TESTES 1-90,text,true,,2938,121,1,1,http://localhost:8081/users,0,0,0
1763944779747,0,DELETE,200,OK,TESTES 1-90,text,true,,165,211,1,1,http://localhost:8081/users/578,0,0,0
1763944779747,0,Healthcheck,200,OK,TESTES 1-90,text,true,,176,127,1,1,http://localhost:8081/healthcheck,0,0,0
1763944779747,40,POST,201,Created,TESTES 1-90,text,true,,341,376,1,1,http://localhost:8081/users,40,0,0
1763944779787,0,GET ID,200,OK,TESTES 1-90,text,true,,422,125,1,1,http://localhost:8081/users/579,0,0,0
1763944779787,1,PUT,200,OK,TESTES 1-90,text,true,,407,319,1,1,http://localhost:8081/users/579,1,0,0
1763944779788,0,GET,200,OK,TESTES 1-90,text,true,,2938,121,1,1,http://localhost:8081/users,0,0,0
1763944779788,1,DELETE,200,OK,TESTES 1-90,text,true,,165,211,1,1,http://localhost:8081/users/579,1,0,0
1763944779789,0,Healthcheck,200,OK,TESTES 1-90,text,true,,176,127,1,1,http://localhost:8081/healthcheck,0,0,0
1763944779804,1,Healthcheck,200,OK,TESTES 1-91,text,true,,176,127,2,2,http://localhost:8081/healthcheck,1,0,0
1763944779789,47,POST,201,Created,TESTES 1-90,text,true,,341,376,2,2,http://localhost:8081/users,47,0,0
1763944779836,0,GET ID,200,OK,TESTES 1-90,text,true,,424,125,2,2,http://localhost:8081/users/580,0,0,0
1763944779836,1,PUT,200,OK,TESTES 1-90,text,true,,409,320,2,2,http://localhost:8081/users/580,1,0,0
1763944779837,1,GET,200,OK,TESTES 1-90,text,true,,2940,121,2,2,http://localhost:8081/users,1,0,0
1763944779838,0,DELETE,200,OK,TESTES 1-90,text,true,,165,211,2,2,http://localhost:8081/users/580,0,0,0
1763944779805,43,POST,201,Created,TESTES 1-91,text,true,,341,376,1,1,http://localhost:8081/users,43,0,0
1763944779848,0,GET ID,200,OK,TESTES 1-91,text,true,,424,125,1,1,http://localhost:8081/users/581,0,0,0
1763944779848,0,PUT,200,OK,TESTES 1-91,text,true,,409,320,1,1,http://localhost:8081/users/581,0,0,0
1763944779849,0,GET,200,OK,TESTES 1-91,text,true,,2940,121,1,1,http://localhost:8081/users,0,0,0
1763944779849,0,DELETE,200,OK,TESTES 1-91,text,true,,165,211,1,1,http://localhost:8081/users/581,0,0,0
1763944779849,0,Healthcheck,200,OK,TESTES 1-91,text,true,,176,127,1,1,http://localhost:8081/healthcheck,0,0,0
1763944779849,44,POST,201,Created,TESTES 1-91,text,true,,340,375,1,1,http://localhost:8081/users,44,0,0
1763944779893,1,GET ID,200,OK,TESTES 1-91,text,true,,423,125,1,1,http://localhost:8081/users/582,1,0,0
1763944779894,1,PUT,200,OK,TESTES 1-91,text,true,,409,320,1,1,http://localhost:8081/users/582,1,0,0
1763944779895,0,GET,200,OK,TESTES 1-91,text,true,,2940,121,1,1,http://localhost:8081/users,0,0,0
1763944779895,1,DELETE,200,OK,TESTES 1-91,text,true,,165,211,1,1,http://localhost:8081/users/582,1,0,0
1763944779896,0,Healthcheck,200,OK,TESTES 1-91,text,true,,176,127,1,1,http://localhost:8081/healthcheck,0,0,0
1763944779904,10,Healthcheck,200,OK,TESTES 1-92,text,true,,176,127,2,2,http://localhost:8081/healthcheck,10,0,0
1763944779896,42,POST,201,Created,TESTES 1-91,text,true,,341,376,2,2,http://localhost:8081/users,42,0,0
1763944779938,0,GET ID,200,OK,TESTES 1-91,text,true,,424,125,2,2,http://localhost:8081/users/583,0,0,0
1763944779938,1,PUT,200,OK,TESTES 1-91,text,true,,408,320,2,2,http://localhost:8081/users/583,1,0,0
1763944779939,0,GET,200,OK,TESTES 1-91,text,true,,2939,121,2,2,http://localhost:8081/users,0,0,0
1763944779940,0,DELETE,200,OK,TESTES 1-91,text,true,,165,211,2,2,http://localhost:8081/users/583,0,0,0
1763944779914,41,POST,201,Created,TESTES 1-92,text,true,,341,376,1,1,http://localhost:8081/users,41,0,0
1763944779955,0,GET ID,200,OK,TESTES 1-92,text,true,,424,125,1,1,http://localhost:8081/users/584,0,0,0
1763944779955,1,PUT,200,OK,TESTES 1-92,text,true,,409,320,1,1,http://localhost:8081/users/584,1,0,0
1763944779956,0,GET,200,OK,TESTES 1-92,text,true,,2940,121,1,1,http://localhost:8081/users,0,0,0
1763944779956,1,DELETE,200,OK,TESTES 1-92,text,true,,165,211,1,1,http://localhost:8081/users/584,1,0,0
1763944779957,0,Healthcheck,200,OK,TESTES 1-92,text,true,,176,127,1,1,http://localhost:8081/healthcheck,0,0,0
1763944779957,42,POST,201,Created,TESTES 1-92,text,true,,341,376,1,1,http://localhost:8081/users,42,0,0
1763944779999,0,GET ID,200,OK,TESTES 1-92,text,true,,424,125,1,1,http://localhost:8081/users/585,0,0,0
1763944779999,1,PUT,200,OK,TESTES 1-92,text,true,,408,319,1,1,http://localhost:8081/users/585,1,0,0
1763944780000,0,GET,200,OK,TESTES 1-92,text,true,,2939,121,1,1,http://localhost:8081/users,0,0,0
1763944780000,1,DELETE,200,OK,TESTES 1-92,text,true,,165,211,1,1,http://localhost:8081/users/585,1,0,0
1763944780001,0,Healthcheck,200,OK,TESTES 1-92,text,true,,176,127,1,1,http://localhost:8081/healthcheck,0,0,0
1763944780005,6,Healthcheck,200,OK,TESTES 1-93,text,true,,176,127,2,2,http://localhost:8081/healthcheck,6,0,0
1763944780001,41,POST,201,Created,TESTES 1-92,text,true,,341,376,2,2,http://localhost:8081/users,41,0,0
1763944780042,1,GET ID,200,OK,TESTES 1-92,text,true,,424,125,2,2,http://localhost:8081/users/586,1,0,0
1763944780043,0,PUT,200,OK,TESTES 1-92,text,true,,408,320,2,2,http://localhost:8081/users/586,0,0,0
1763944780043,1,GET,200,OK,TESTES 1-92,text,true,,2939,121,2,2,http://localhost:8081/users,1,0,0
1763944780044,0,DELETE,200,OK,TESTES 1-92,text,true,,165,211,2,2,http://localhost:8081/users/586,0,0,0
1763944780011,41,POST,201,Created,TESTES 1-93,text,true,,341,375,1,1,http://localhost:8081/users,41,0,0
1763944780053,0,GET ID,200,OK,TESTES 1-93,text,true,,424,125,1,1,http://localhost:8081/users/587,0,0,0
1763944780053,0,PUT,200,OK,TESTES 1-93,text,true,,409,320,1,1,http://localhost:8081/users/587,0,0,0
1763944780053,1,GET,200,OK,TESTES 1-93,text,true,,2940,121,1,1,http://localhost:8081/users,1,0,0
1763944780054,0,DELETE,200,OK,TESTES 1-93,text,true,,165,211,1,1,http://localhost:8081/users/587,0,0,0
1763944780054,0,Healthcheck,200,OK,TESTES 1-93,text,true,,176,127,1,1,http://localhost:8081/healthcheck,0,0,0
1763944780054,40,POST,201,Created,TESTES 1-93,text,true,,341,376,1,1,http://localhost:8081/users,40,0,0
1763944780094,0,GET ID,200,OK,TESTES 1-93,text,true,,424,125,1,1,http://localhost:8081/users/588,0,0,0
1763944780095,0,PUT,200,OK,TESTES 1-93,text,true,,408,319,1,1,http://localhost:8081/users/588,0,0,0
1763944780095,0,GET,200,OK,TESTES 1-93,text,true,,2939,121,1,1,http://localhost:8081/users,0,0,0
1763944780095,1,DELETE,200,OK,TESTES 1-93,text,true,,165,211,1,1,http://localhost:8081/users/588,1,0,0
1763944780096,0,Healthcheck,200,OK,TESTES 1-93,text,true,,176,127,1,1,http://localhost:8081/healthcheck,0,0,0
1763944780105,7,Healthcheck,200,OK,TESTES 1-94,text,true,,176,127,2,2,http://localhost:8081/healthcheck,7,0,0
1763944780096,40,POST,201,Created,TESTES 1-93,text,true,,341,376,2,2,http://localhost:8081/users,40,0,0
1763944780136,0,GET ID,200,OK,TESTES 1-93,text,true,,424,125,2,2,http://localhost:8081/users/589,0,0,0
1763944780136,1,PUT,200,OK,TESTES 1-93,text,true,,409,320,2,2,http://localhost:8081/users/589,1,0,0
1763944780137,0,GET,200,OK,TESTES 1-93,text,true,,2940,121,2,2,http://localhost:8081/users,0,0,0
1763944780137,1,DELETE,200,OK,TESTES 1-93,text,true,,165,211,2,2,http://localhost:8081/users/589,1,0,0
1763944780112,40,POST,201,Created,TESTES 1-94,text,true,,341,376,1,1,http://localhost:8081/users,40,0,0
1763944780152,0,GET ID,200,OK,TESTES 1-94,text,true,,424,125,1,1,http://localhost:8081/users/590,0,0,0
1763944780152,1,PUT,200,OK,TESTES 1-94,text,true,,409,320,1,1,http://localhost:8081/users/590,1,0,0
1763944780153,0,GET,200,OK,TESTES 1-94,text,true,,2940,121,1,1,http://localhost:8081/users,0,0,0
1763944780153,1,DELETE,200,OK,TESTES 1-94,text,true,,165,211,1,1,http://localhost:8081/users/590,1,0,0
1763944780154,0,Healthcheck,200,OK,TESTES 1-94,text,true,,176,127,1,1,http://localhost:8081/healthcheck,0,0,0
1763944780154,40,POST,201,Created,TESTES 1-94,text,true,,341,376,1,1,http://localhost:8081/users,40,0,0
1763944780194,0,GET ID,200,OK,TESTES 1-94,text,true,,422,125,1,1,http://localhost:8081/users/591,0,0,0
1763944780194,1,PUT,200,OK,TESTES 1-94,text,true,,407,319,1,1,http://localhost:8081/users/591,1,0,0
1763944780195,0,GET,200,OK,TESTES 1-94,text,true,,2938,121,1,1,http://localhost:8081/users,0,0,0
1763944780195,1,DELETE,200,OK,TESTES 1-94,text,true,,165,211,1,1,http://localhost:8081/users/591,1,0,0
1763944780196,0,Healthcheck,200,OK,TESTES 1-94,text,true,,176,127,1,1,http://localhost:8081/healthcheck,0,0,0
1763944780204,4,Healthcheck,200,OK,TESTES 1-95,text,true,,176,127,2,2,http://localhost:8081/healthcheck,4,0,0
1763944780196,42,POST,201,Created,TESTES 1-94,text,true,,341,376,2,2,http://localhost:8081/users,42,0,0
1763944780238,0,GET ID,200,OK,TESTES 1-94,text,true,,424,125,2,2,http://localhost:8081/users/592,0,0,0
1763944780238,1,PUT,200,OK,TESTES 1-94,text,true,,409,320,2,2,http://localhost:8081/users/592,1,0,0
1763944780239,0,GET,200,OK,TESTES 1-94,text,true,,2940,121,2,2,http://localhost:8081/users,0,0,0
1763944780239,0,DELETE,200,OK,TESTES 1-94,text,true,,165,211,2,2,http://localhost:8081/users/592,0,0,0
1763944780209,39,POST,201,Created,TESTES 1-95,text,true,,340,375,1,1,http://localhost:8081/users,39,0,0
1763944780248,0,GET ID,200,OK,TESTES 1-95,text,true,,423,125,1,1,http://localhost:8081/users/593,0,0,0
1763944780248,1,PUT,200,OK,TESTES 1-95,text,true,,407,319,1,1,http://localhost:8081/users/593,1,0,0
1763944780249,0,GET,200,OK,TESTES 1-95,text,true,,2938,121,1,1,http://localhost:8081/users,0,0,0
1763944780249,0,DELETE,200,OK,TESTES 1-95,text,true,,165,211,1,1,http://localhost:8081/users/593,0,0,0
1763944780249,0,Healthcheck,200,OK,TESTES 1-95,text,true,,176,127,1,1,http://localhost:8081/healthcheck,0,0,0
1763944780249,40,POST,201,Created,TESTES 1-95,text,true,,341,376,1,1,http://localhost:8081/users,40,0,0
1763944780289,0,GET ID,200,OK,TESTES 1-95,text,true,,424,125,1,1,http://localhost:8081/users/594,0,0,0
1763944780289,1,PUT,200,OK,TESTES 1-95,text,true,,409,320,1,1,http://localhost:8081/users/594,1,0,0
1763944780290,0,GET,200,OK,TESTES 1-95,text,true,,2940,121,1,1,http://localhost:8081/users,0,0,0
1763944780290,0,DELETE,200,OK,TESTES 1-95,text,true,,165,211,1,1,http://localhost:8081/users/594,0,0,0
1763944780290,0,Healthcheck,200,OK,TESTES 1-95,text,true,,176,127,1,1,http://localhost:8081/healthcheck,0,0,0
1763944780304,1,Healthcheck,200,OK,TESTES 1-96,text,true,,176,127,2,2,http://localhost:8081/healthcheck,1,0,1
1763944780291,43,POST,201,Created,TESTES 1-95,text,true,,340,375,2,2,http://localhost:8081/users,43,0,0
1763944780334,0,GET ID,200,OK,TESTES 1-95,text,true,,423,125,2,2,http://localhost:8081/users/595,0,0,0
1763944780334,1,PUT,200,OK,TESTES 1-95,text,true,,409,320,2,2,http://localhost:8081/users/595,1,0,0
1763944780335,0,GET,200,OK,TESTES 1-95,text,true,,2940,121,2,2,http://localhost:8081/users,0,0,0
1763944780335,1,DELETE,200,OK,TESTES 1-95,text,true,,165,211,2,2,http://localhost:8081/users/595,1,0,0
1763944780305,40,POST,201,Created,TESTES 1-96,text,true,,341,376,1,1,http://localhost:8081/users,40,0,0
1763944780345,1,GET ID,200,OK,TESTES 1-96,text,true,,422,125,1,1,http://localhost:8081/users/596,1,0,0
1763944780346,1,PUT,200,OK,TESTES 1-96,text,true,,408,320,1,1,http://localhost:8081/users/596,1,0,0
1763944780347,0,GET,200,OK,TESTES 1-96,text,true,,2939,121,1,1,http://localhost:8081/users,0,0,0
1763944780347,0,DELETE,200,OK,TESTES 1-96,text,true,,165,211,1,1,http://localhost:8081/users/596,0,0,0
1763944780347,0,Healthcheck,200,OK,TESTES 1-96,text,true,,176,127,1,1,http://localhost:8081/healthcheck,0,0,0
1763944780347,40,POST,201,Created,TESTES 1-96,text,true,,341,376,1,1,http://localhost:8081/users,40,0,0
1763944780387,0,GET ID,200,OK,TESTES 1-96,text,true,,424,125,1,1,http://localhost:8081/users/597,0,0,0
1763944780387,1,PUT,200,OK,TESTES 1-96,text,true,,409,320,1,1,http://localhost:8081/users/597,1,0,0
1763944780388,0,GET,200,OK,TESTES 1-96,text,true,,2940,121,1,1,http://localhost:8081/users,0,0,0
1763944780388,1,DELETE,200,OK,TESTES 1-96,text,true,,165,211,1,1,http://localhost:8081/users/597,1,0,0
1763944780389,0,Healthcheck,200,OK,TESTES 1-96,text,true,,176,127,1,1,http://localhost:8081/healthcheck,0,0,0
1763944780404,1,Healthcheck,200,OK,TESTES 1-97,text,true,,176,127,2,2,http://localhost:8081/healthcheck,1,0,1
1763944780389,41,POST,201,Created,TESTES 1-96,text,true,,341,376,2,2,http://localhost:8081/users,41,0,0
1763944780430,1,GET ID,200,OK,TESTES 1-96,text,true,,424,125,2,2,http://localhost:8081/users/598,1,0,0
1763944780431,1,PUT,200,OK,TESTES 1-96,text,true,,409,320,2,2,http://localhost:8081/users/598,1,0,0
1763944780432,0,GET,200,OK,TESTES 1-96,text,true,,2940,121,2,2,http://localhost:8081/users,0,0,0
1763944780432,0,DELETE,200,OK,TESTES 1-96,text,true,,165,211,2,2,http://localhost:8081/users/598,0,0,0
1763944780405,40,POST,201,Created,TESTES 1-97,text,true,,340,375,1,1,http://localhost:8081/users,40,0,0
1763944780445,0,GET ID,200,OK,TESTES 1-97,text,true,,423,125,1,1,http://localhost:8081/users/599,0,0,0
1763944780445,1,PUT,200,OK,TESTES 1-97,text,true,,409,320,1,1,http://localhost:8081/users/599,1,0,0
1763944780446,0,GET,200,OK,TESTES 1-97,text,true,,2940,121,1,1,http://localhost:8081/users,0,0,0
1763944780446,0,DELETE,200,OK,TESTES 1-97,text,true,,165,211,1,1,http://localhost:8081/users/599,0,0,0
1763944780446,0,Healthcheck,200,OK,TESTES 1-97,text,true,,176,127,1,1,http://localhost:8081/healthcheck,0,0,0
1763944780446,40,POST,201,Created,TESTES 1-97,text,true,,341,376,1,1,http://localhost:8081/users,40,0,0
1763944780486,0,GET ID,200,OK,TESTES 1-97,text,true,,424,125,1,1,http://localhost:8081/users/600,0,0,0
1763944780486,1,PUT,200,OK,TESTES 1-97,text,true,,408,320,1,1,http://localhost:8081/users/600,1,0,0
1763944780487,0,GET,200,OK,TESTES 1-97,text,true,,2939,121,1,1,http://localhost:8081/users,0,0,0
1763944780487,1,DELETE,200,OK,TESTES 1-97,text,true,,165,211,1,1,http://localhost:8081/users/600,1,0,0
1763944780488,0,Healthcheck,200,OK,TESTES 1-97,text,true,,176,127,1,1,http://localhost:8081/healthcheck,0,0,0
1763944780505,0,Healthcheck,200,OK,TESTES 1-98,text,true,,176,127,2,2,http://localhost:8081/healthcheck,0,0,0
1763944780488,39,POST,201,Created,TESTES 1-97,text,true,,341,376,2,2,http://localhost:8081/users,39,0,0
1763944780527,1,GET ID,200,OK,TESTES 1-97,text,true,,424,125,2,2,http://localhost:8081/users/601,1,0,0
1763944780528,0,PUT,200,OK,TESTES 1-97,text,true,,409,320,2,2,http://localhost:8081/users/601,0,0,0
1763944780528,0,GET,200,OK,TESTES 1-97,text,true,,2940,121,2,2,http://localhost:8081/users,0,0,0
1763944780528,1,DELETE,200,OK,TESTES 1-97,text,true,,165,211,2,2,http://localhost:8081/users/601,1,0,0
1763944780505,39,POST,201,Created,TESTES 1-98,text,true,,339,374,1,1,http://localhost:8081/users,39,0,0
1763944780544,1,GET ID,200,OK,TESTES 1-98,text,true,,422,125,1,1,http://localhost:8081/users/602,1,0,0
1763944780545,1,PUT,200,OK,TESTES 1-98,text,true,,409,320,1,1,http://localhost:8081/users/602,1,0,0
1763944780546,0,GET,200,OK,TESTES 1-98,text,true,,2940,121,1,1,http://localhost:8081/users,0,0,0
1763944780546,0,DELETE,200,OK,TESTES 1-98,text,true,,165,211,1,1,http://localhost:8081/users/602,0,0,0
1763944780546,0,Healthcheck,200,OK,TESTES 1-98,text,true,,176,127,1,1,http://localhost:8081/healthcheck,0,0,0
1763944780547,39,POST,201,Created,TESTES 1-98,text,true,,341,376,1,1,http://localhost:8081/users,39,0,0
1763944780586,0,GET ID,200,OK,TESTES 1-98,text,true,,424,125,1,1,http://localhost:8081/users/603,0,0,0
1763944780586,1,PUT,200,OK,TESTES 1-98,text,true,,409,320,1,1,http://localhost:8081/users/603,1,0,0
1763944780587,0,GET,200,OK,TESTES 1-98,text,true,,2940,121,1,1,http://localhost:8081/users,0,0,0
1763944780587,1,DELETE,200,OK,TESTES 1-98,text,true,,165,211,1,1,http://localhost:8081/users/603,1,0,0
1763944780588,0,Healthcheck,200,OK,TESTES 1-98,text,true,,176,127,1,1,http://localhost:8081/healthcheck,0,0,0
1763944780605,0,Healthcheck,200,OK,TESTES 1-99,text,true,,176,127,2,2,http://localhost:8081/healthcheck,0,0,0
1763944780588,40,POST,201,Created,TESTES 1-98,text,true,,341,376,2,2,http://localhost:8081/users,40,0,0
1763944780628,0,GET ID,200,OK,TESTES 1-98,text,true,,424,125,2,2,http://localhost:8081/users/604,0,0,0
1763944780628,1,PUT,200,OK,TESTES 1-98,text,true,,408,319,2,2,http://localhost:8081/users/604,1,0,0
1763944780629,0,GET,200,OK,TESTES 1-98,text,true,,2939,121,2,2,http://localhost:8081/users,0,0,0
1763944780629,0,DELETE,200,OK,TESTES 1-98,text,true,,165,211,2,2,http://localhost:8081/users/604,0,0,0
1763944780605,40,POST,201,Created,TESTES 1-99,text,true,,339,374,1,1,http://localhost:8081/users,40,0,0
1763944780645,0,GET ID,200,OK,TESTES 1-99,text,true,,422,125,1,1,http://localhost:8081/users/605,0,0,0
1763944780645,0,PUT,200,OK,TESTES 1-99,text,true,,409,320,1,1,http://localhost:8081/users/605,0,0,0
1763944780645,1,GET,200,OK,TESTES 1-99,text,true,,2940,121,1,1,http://localhost:8081/users,1,0,0
1763944780646,0,DELETE,200,OK,TESTES 1-99,text,true,,165,211,1,1,http://localhost:8081/users/605,0,0,0
1763944780646,0,Healthcheck,200,OK,TESTES 1-99,text,true,,176,127,1,1,http://localhost:8081/healthcheck,0,0,0
1763944780646,41,POST,201,Created,TESTES 1-99,text,true,,341,376,1,1,http://localhost:8081/users,41,0,0
1763944780687,0,GET ID,200,OK,TESTES 1-99,text,true,,424,125,1,1,http://localhost:8081/users/606,0,0,0
1763944780687,1,PUT,200,OK,TESTES 1-99,text,true,,409,320,1,1,http://localhost:8081/users/606,1,0,0
1763944780688,0,GET,200,OK,TESTES 1-99,text,true,,2940,121,1,1,http://localhost:8081/users,0,0,0
1763944780688,1,DELETE,200,OK,TESTES 1-99,text,true,,165,211,1,1,http://localhost:8081/users/606,1,0,0
1763944780689,0,Healthcheck,200,OK,TESTES 1-99,text,true,,176,127,1,1,http://localhost:8081/healthcheck,0,0,0
1763944780704,0,Healthcheck,200,OK,TESTES 1-100,text,true,,176,127,2,2,http://localhost:8081/healthcheck,0,0,0
1763944780689,40,POST,201,Created,TESTES 1-99,text,true,,341,376,2,2,http://localhost:8081/users,40,0,0
1763944780729,1,GET ID,200,OK,TESTES 1-99,text,true,,424,125,2,2,http://localhost:8081/users/607,1,0,0
1763944780730,0,PUT,200,OK,TESTES 1-99,text,true,,408,319,2,2,http://localhost:8081/users/607,0,0,0
1763944780731,0,GET,200,OK,TESTES 1-99,text,true,,2939,121,2,2,http://localhost:8081/users,0,0,0
1763944780731,0,DELETE,200,OK,TESTES 1-99,text,true,,165,211,2,2,http://localhost:8081/users/607,0,0,0
1763944780704,40,POST,201,Created,TESTES 1-100,text,true,,341,376,1,1,http://localhost:8081/users,40,0,0
1763944780744,0,GET ID,200,OK,TESTES 1-100,text,true,,424,125,1,1,http://localhost:8081/users/608,0,0,0
1763944780744,1,PUT,200,OK,TESTES 1-100,text,true,,409,320,1,1,http://localhost:8081/users/608,1,0,0
1763944780745,0,GET,200,OK,TESTES 1-100,text,true,,2940,121,1,1,http://localhost:8081/users,0,0,0
1763944780745,1,DELETE,200,OK,TESTES 1-100,text,true,,165,211,1,1,http://localhost:8081/users/608,1,0,0
1763944780746,0,Healthcheck,200,OK,TESTES 1-100,text,true,,176,127,1,1,http://localhost:8081/healthcheck,0,0,0
1763944780746,40,POST,201,Created,TESTES 1-100,text,true,,340,374,1,1,http://localhost:8081/users,40,0,0
1763944780786,0,GET ID,200,OK,TESTES 1-100,text,true,,423,125,1,1,http://localhost:8081/users/609,0,0,0
1763944780786,1,PUT,200,OK,TESTES 1-100,text,true,,409,320,1,1,http://localhost:8081/users/609,1,0,0
1763944780787,0,GET,200,OK,TESTES 1-100,text,true,,2940,121,1,1,http://localhost:8081/users,0,0,0
1763944780788,0,DELETE,200,OK,TESTES 1-100,text,true,,165,211,1,1,http://localhost:8081/users/609,0,0,0
1763944780788,0,Healthcheck,200,OK,TESTES 1-100,text,true,,176,127,1,1,http://localhost:8081/healthcheck,0,0,0
1763944780788,40,POST,201,Created,TESTES 1-100,text,true,,341,376,1,1,http://localhost:8081/users,40,0,0
1763944780828,0,GET ID,200,OK,TESTES 1-100,text,true,,424,125,1,1,http://localhost:8081/users/610,0,0,0
1763944780828,1,PUT,200,OK,TESTES 1-100,text,true,,409,320,1,1,http://localhost:8081/users/610,1,0,0
1763944780829,0,GET,200,OK,TESTES 1-100,text,true,,2940,121,1,1,http://localhost:8081/users,0,0,0
1763944780829,1,DELETE,200,OK,TESTES 1-100,text,true,,165,211,1,1,http://localhost:8081/users/610,1,0,0
1763944848477,1,Healthcheck,200,OK,TESTES 1-1,text,true,,176,127,1,1,http://localhost:8081/healthcheck,1,0,0
1763944848478,52,POST,201,Created,TESTES 1-1,text,true,,340,376,1,1,http://localhost:8081/users,52,0,0
1763944848530,1,GET ID,200,OK,TESTES 1-1,text,true,,423,124,1,1,http://localhost:8081/users/11,1,0,0
1763944848531,3,PUT,200,OK,TESTES 1-1,text,true,,407,319,1,1,http://localhost:8081/users/11,3,0,0
1763944848534,0,GET,200,OK,TESTES 1-1,text,true,,2918,121,1,1,http://localhost:8081/users,0,0,0
1763944848534,2,DELETE,200,OK,TESTES 1-1,text,true,,165,210,1,1,http://localhost:8081/users/11,2,0,0
1763944848576,1,Healthcheck,200,OK,TESTES 1-2,text,true,,176,127,1,1,http://localhost:8081/healthcheck,1,0,0
1763944848577,63,POST,201,Created,TESTES 1-2,text,true,,340,376,1,1,http://localhost:8081/users,63,0,0
1763944848640,0,GET ID,200,OK,TESTES 1-2,text,true,,423,124,1,1,http://localhost:8081/users/12,0,0,0
1763944848641,0,PUT,200,OK,TESTES 1-2,text,true,,408,319,1,1,http://localhost:8081/users/12,0,0,0
1763944848641,1,GET,200,OK,TESTES 1-2,text,true,,2919,121,1,1,http://localhost:8081/users,1,0,0
1763944848642,1,DELETE,200,OK,TESTES 1-2,text,true,,165,210,1,1,http://localhost:8081/users/12,1,0,0
1763944848676,2,Healthcheck,200,OK,TESTES 1-3,text,true,,176,127,1,1,http://localhost:8081/healthcheck,2,0,1
1763944848678,54,POST,201,Created,TESTES 1-3,text,true,,340,376,1,1,http://localhost:8081/users,54,0,0
1763944848732,1,GET ID,200,OK,TESTES 1-3,text,true,,423,124,1,1,http://localhost:8081/users/13,1,0,0
1763944848733,1,PUT,200,OK,TESTES 1-3,text,true,,408,319,1,1,http://localhost:8081/users/13,1,0,0
1763944848734,0,GET,200,OK,TESTES 1-3,text,true,,2919,121,1,1,http://localhost:8081/users,0,0,0
1763944848734,1,DELETE,200,OK,TESTES 1-3,text,true,,165,210,1,1,http://localhost:8081/users/13,1,0,0
1763944848776,2,Healthcheck,200,OK,TESTES 1-4,text,true,,176,127,1,1,http://localhost:8081/healthcheck,2,0,1
1763944848778,48,POST,201,Created,TESTES 1-4,text,true,,340,376,1,1,http://localhost:8081/users,48,0,0
1763944848826,1,GET ID,200,OK,TESTES 1-4,text,true,,423,124,1,1,http://localhost:8081/users/14,1,0,0
1763944848827,1,PUT,200,OK,TESTES 1-4,text,true,,407,318,1,1,http://localhost:8081/users/14,1,0,0
1763944848828,0,GET,200,OK,TESTES 1-4,text,true,,2918,121,1,1,http://localhost:8081/users,0,0,0
1763944848828,1,DELETE,200,OK,TESTES 1-4,text,true,,165,210,1,1,http://localhost:8081/users/14,1,0,0
1763944848877,1,Healthcheck,200,OK,TESTES 1-5,text,true,,176,127,1,1,http://localhost:8081/healthcheck,1,0,0
1763944848878,64,POST,201,Created,TESTES 1-5,text,true,,339,375,1,1,http://localhost:8081/users,64,0,0
1763944848942,1,GET ID,200,OK,TESTES 1-5,text,true,,422,124,1,1,http://localhost:8081/users/15,1,0,0
1763944848943,0,PUT,200,OK,TESTES 1-5,text,true,,408,319,1,1,http://localhost:8081/users/15,0,0,0
1763944848943,0,GET,200,OK,TESTES 1-5,text,true,,2919,121,1,1,http://localhost:8081/users,0,0,0
1763944848943,1,DELETE,200,OK,TESTES 1-5,text,true,,165,210,1,1,http://localhost:8081/users/15,1,0,0
1763944848976,1,Healthcheck,200,OK,TESTES 1-6,text,true,,176,127,1,1,http://localhost:8081/healthcheck,1,0,1
1763944848977,49,POST,201,Created,TESTES 1-6,text,true,,340,376,1,1,http://localhost:8081/users,49,0,0
1763944849027,0,GET ID,200,OK,TESTES 1-6,text,true,,423,124,1,1,http://localhost:8081/users/16,0,0,0
1763944849027,1,PUT,200,OK,TESTES 1-6,text,true,,407,318,1,1,http://localhost:8081/users/16,1,0,0
1763944849028,1,GET,200,OK,TESTES 1-6,text,true,,2918,121,1,1,http://localhost:8081/users,1,0,0
1763944849029,0,DELETE,200,OK,TESTES 1-6,text,true,,165,210,1,1,http://localhost:8081/users/16,0,0,0
1763944849076,1,Healthcheck,200,OK,TESTES 1-7,text,true,,176,127,1,1,http://localhost:8081/healthcheck,1,0,0
1763944849077,52,POST,201,Created,TESTES 1-7,text,true,,340,376,1,1,http://localhost:8081/users,52,0,0
1763944849129,1,GET ID,200,OK,TESTES 1-7,text,true,,423,124,1,1,http://localhost:8081/users/17,1,0,0
1763944849130,1,PUT,200,OK,TESTES 1-7,text,true,,408,319,1,1,http://localhost:8081/users/17,1,0,0
1763944849131,0,GET,200,OK,TESTES 1-7,text,true,,2919,121,1,1,http://localhost:8081/users,0,0,0
1763944849131,1,DELETE,200,OK,TESTES 1-7,text,true,,165,210,1,1,http://localhost:8081/users/17,1,0,0
1763944849177,1,Healthcheck,200,OK,TESTES 1-8,text,true,,176,127,1,1,http://localhost:8081/healthcheck,1,0,0
1763944849178,49,POST,201,Created,TESTES 1-8,text,true,,339,375,1,1,http://localhost:8081/users,49,0,0
1763944849227,1,GET ID,200,OK,TESTES 1-8,text,true,,422,124,1,1,http://localhost:8081/users/18,1,0,0
1763944849228,1,PUT,200,OK,TESTES 1-8,text,true,,408,319,1,1,http://localhost:8081/users/18,1,0,0
1763944849229,0,GET,200,OK,TESTES 1-8,text,true,,2919,121,1,1,http://localhost:8081/users,0,0,0
1763944849229,1,DELETE,200,OK,TESTES 1-8,text,true,,165,210,1,1,http://localhost:8081/users/18,1,0,0
1763944849277,1,Healthcheck,200,OK,TESTES 1-9,text,true,,176,127,1,1,http://localhost:8081/healthcheck,1,0,0
1763944849279,68,POST,201,Created,TESTES 1-9,text,true,,340,376,1,1,http://localhost:8081/users,68,0,0
1763944849347,1,GET ID,200,OK,TESTES 1-9,text,true,,423,124,1,1,http://localhost:8081/users/19,1,0,0
1763944849348,1,PUT,200,OK,TESTES 1-9,text,true,,408,319,1,1,http://localhost:8081/users/19,1,0,0
1763944849349,1,GET,200,OK,TESTES 1-9,text,true,,2919,121,1,1,http://localhost:8081/users,1,0,0
1763944849350,1,DELETE,200,OK,TESTES 1-9,text,true,,165,210,1,1,http://localhost:8081/users/19,1,0,0
1763944849377,1,Healthcheck,200,OK,TESTES 1-10,text,true,,176,127,1,1,http://localhost:8081/healthcheck,1,0,0
1763944849378,50,POST,201,Created,TESTES 1-10,text,true,,340,376,1,1,http://localhost:8081/users,50,0,0
1763944849428,0,GET ID,200,OK,TESTES 1-10,text,true,,423,124,1,1,http://localhost:8081/users/20,0,0,0
1763944849428,1,PUT,200,OK,TESTES 1-10,text,true,,408,319,1,1,http://localhost:8081/users/20,1,0,0
1763944849429,0,GET,200,OK,TESTES 1-10,text,true,,2919,121,1,1,http://localhost:8081/users,0,0,0
1763944849429,0,DELETE,200,OK,TESTES 1-10,text,true,,165,210,1,1,http://localhost:8081/users/20,0,0,0
1763944849477,1,Healthcheck,200,OK,TESTES 1-11,text,true,,176,127,1,1,http://localhost:8081/healthcheck,1,0,0
1763944849478,53,POST,201,Created,TESTES 1-11,text,true,,340,376,1,1,http://localhost:8081/users,53,0,0
1763944849531,1,GET ID,200,OK,TESTES 1-11,text,true,,423,124,1,1,http://localhost:8081/users/21,1,0,0
1763944849532,1,PUT,200,OK,TESTES 1-11,text,true,,408,319,1,1,http://localhost:8081/users/21,1,0,0
1763944849533,0,GET,200,OK,TESTES 1-11,text,true,,2919,121,1,1,http://localhost:8081/users,0,0,0
1763944849533,1,DELETE,200,OK,TESTES 1-11,text,true,,165,210,1,1,http://localhost:8081/users/21,1,0,0
1763944849576,1,Healthcheck,200,OK,TESTES 1-12,text,true,,176,127,1,1,http://localhost:8081/healthcheck,1,0,0
1763944849577,54,POST,201,Created,TESTES 1-12,text,true,,340,376,1,1,http://localhost:8081/users,54,0,0
1763944849631,1,GET ID,200,OK,TESTES 1-12,text,true,,423,124,1,1,http://localhost:8081/users/22,1,0,0
1763944849632,1,PUT,200,OK,TESTES 1-12,text,true,,408,319,1,1,http://localhost:8081/users/22,1,0,0
1763944849633,0,GET,200,OK,TESTES 1-12,text,true,,2919,121,1,1,http://localhost:8081/users,0,0,0
1763944849633,1,DELETE,200,OK,TESTES 1-12,text,true,,165,210,1,1,http://localhost:8081/users/22,1,0,0
1763944849676,0,Healthcheck,200,OK,TESTES 1-13,text,true,,176,127,1,1,http://localhost:8081/healthcheck,0,0,0
1763944849676,42,POST,201,Created,TESTES 1-13,text,true,,340,376,1,1,http://localhost:8081/users,42,0,0
1763944849718,0,GET ID,200,OK,TESTES 1-13,text,true,,423,124,1,1,http://localhost:8081/users/23,0,0,0
1763944849718,1,PUT,200,OK,TESTES 1-13,text,true,,408,319,1,1,http://localhost:8081/users/23,1,0,0
1763944849719,1,GET,200,OK,TESTES 1-13,text,true,,2919,121,1,1,http://localhost:8081/users,1,0,0
1763944849720,0,DELETE,200,OK,TESTES 1-13,text,true,,165,210,1,1,http://localhost:8081/users/23,0,0,0
1763944849777,2,Healthcheck,200,OK,TESTES 1-14,text,true,,176,127,1,1,http://localhost:8081/healthcheck,2,0,1
1763944849779,63,POST,201,Created,TESTES 1-14,text,true,,340,375,1,1,http://localhost:8081/users,63,0,0
1763944849842,1,GET ID,200,OK,TESTES 1-14,text,true,,423,124,1,1,http://localhost:8081/users/24,1,0,0
1763944849843,1,PUT,200,OK,TESTES 1-14,text,true,,408,319,1,1,http://localhost:8081/users/24,1,0,0
1763944849844,0,GET,200,OK,TESTES 1-14,text,true,,2919,121,1,1,http://localhost:8081/users,0,0,0
1763944849844,2,DELETE,200,OK,TESTES 1-14,text,true,,165,210,1,1,http://localhost:8081/users/24,2,0,0
1763944849876,1,Healthcheck,200,OK,TESTES 1-15,text,true,,176,127,1,1,http://localhost:8081/healthcheck,1,0,1
1763944849878,52,POST,201,Created,TESTES 1-15,text,true,,340,376,1,1,http://localhost:8081/users,52,0,0
1763944849930,1,GET ID,200,OK,TESTES 1-15,text,true,,423,124,1,1,http://localhost:8081/users/25,1,0,0
1763944849931,1,PUT,200,OK,TESTES 1-15,text,true,,408,319,1,1,http://localhost:8081/users/25,1,0,0
1763944849932,0,GET,200,OK,TESTES 1-15,text,true,,2919,121,1,1,http://localhost:8081/users,0,0,0
1763944849932,1,DELETE,200,OK,TESTES 1-15,text,true,,165,210,1,1,http://localhost:8081/users/25,1,0,0
1763944849976,2,Healthcheck,200,OK,TESTES 1-16,text,true,,176,127,1,1,http://localhost:8081/healthcheck,2,0,1
1763944849978,53,POST,201,Created,TESTES 1-16,text,true,,340,376,1,1,http://localhost:8081/users,53,0,0
1763944850031,1,GET ID,200,OK,TESTES 1-16,text,true,,423,124,1,1,http://localhost:8081/users/26,1,0,0
1763944850032,1,PUT,200,OK,TESTES 1-16,text,true,,408,319,1,1,http://localhost:8081/users/26,1,0,0
1763944850033,0,GET,200,OK,TESTES 1-16,text,true,,2919,121,1,1,http://localhost:8081/users,0,0,0
1763944850033,1,DELETE,200,OK,TESTES 1-16,text,true,,165,210,1,1,http://localhost:8081/users/26,1,0,0
1763944850076,2,Healthcheck,200,OK,TESTES 1-17,text,true,,176,127,1,1,http://localhost:8081/healthcheck,2,0,1
1763944850078,50,POST,201,Created,TESTES 1-17,text,true,,340,376,1,1,http://localhost:8081/users,50,0,0
1763944850128,1,GET ID,200,OK,TESTES 1-17,text,true,,423,124,1,1,http://localhost:8081/users/27,1,0,0
1763944850129,1,PUT,200,OK,TESTES 1-17,text,true,,408,319,1,1,http://localhost:8081/users/27,1,0,0
1763944850130,0,GET,200,OK,TESTES 1-17,text,true,,2919,121,1,1,http://localhost:8081/users,0,0,0
1763944850130,1,DELETE,200,OK,TESTES 1-17,text,true,,165,210,1,1,http://localhost:8081/users/27,1,0,0
1763944850176,1,Healthcheck,200,OK,TESTES 1-18,text,true,,176,127,1,1,http://localhost:8081/healthcheck,1,0,0
1763944850177,52,POST,201,Created,TESTES 1-18,text,true,,340,376,1,1,http://localhost:8081/users,52,0,0
1763944850229,1,GET ID,200,OK,TESTES 1-18,text,true,,423,124,1,1,http://localhost:8081/users/28,1,0,0
1763944850230,1,PUT,200,OK,TESTES 1-18,text,true,,408,319,1,1,http://localhost:8081/users/28,1,0,0
1763944850231,1,GET,200,OK,TESTES 1-18,text,true,,2919,121,1,1,http://localhost:8081/users,1,0,0
1763944850232,1,DELETE,200,OK,TESTES 1-18,text,true,,165,210,1,1,http://localhost:8081/users/28,1,0,0
1763944850277,1,Healthcheck,200,OK,TESTES 1-19,text,true,,176,127,1,1,http://localhost:8081/healthcheck,1,0,0
1763944850279,47,POST,201,Created,TESTES 1-19,text,true,,340,376,1,1,http://localhost:8081/users,47,0,0
1763944850326,0,GET ID,200,OK,TESTES 1-19,text,true,,423,124,1,1,http://localhost:8081/users/29,0,0,0
1763944850326,1,PUT,200,OK,TESTES 1-19,text,true,,408,319,1,1,http://localhost:8081/users/29,1,0,0
1763944850327,0,GET,200,OK,TESTES 1-19,text,true,,2919,121,1,1,http://localhost:8081/users,0,0,0
1763944850327,1,DELETE,200,OK,TESTES 1-19,text,true,,165,210,1,1,http://localhost:8081/users/29,1,0,0
1763944850376,2,Healthcheck,200,OK,TESTES 1-20,text,true,,176,127,1,1,http://localhost:8081/healthcheck,2,0,1
1763944850378,52,POST,201,Created,TESTES 1-20,text,true,,340,375,1,1,http://localhost:8081/users,52,0,0
1763944850430,0,GET ID,200,OK,TESTES 1-20,text,true,,423,124,1,1,http://localhost:8081/users/30,0,0,0
1763944850430,1,PUT,200,OK,TESTES 1-20,text,true,,408,319,1,1,http://localhost:8081/users/30,1,0,0
1763944850431,0,GET,200,OK,TESTES 1-20,text,true,,2919,121,1,1,http://localhost:8081/users,0,0,0
1763944850431,0,DELETE,200,OK,TESTES 1-20,text,true,,165,210,1,1,http://localhost:8081/users/30,0,0,0
1763944850476,1,Healthcheck,200,OK,TESTES 1-21,text,true,,176,127,1,1,http://localhost:8081/healthcheck,1,0,1
1763944850478,46,POST,201,Created,TESTES 1-21,text,true,,340,376,1,1,http://localhost:8081/users,46,0,0
1763944850524,0,GET ID,200,OK,TESTES 1-21,text,true,,423,124,1,1,http://localhost:8081/users/31,0,0,0
1763944850524,1,PUT,200,OK,TESTES 1-21,text,true,,407,318,1,1,http://localhost:8081/users/31,1,0,0
1763944850525,0,GET,200,OK,TESTES 1-21,text,true,,2918,121,1,1,http://localhost:8081/users,0,0,0
1763944850525,1,DELETE,200,OK,TESTES 1-21,text,true,,165,210,1,1,http://localhost:8081/users/31,1,0,0
1763944850577,1,Healthcheck,200,OK,TESTES 1-22,text,true,,176,127,1,1,http://localhost:8081/healthcheck,1,0,0
1763944850578,47,POST,201,Created,TESTES 1-22,text,true,,340,376,1,1,http://localhost:8081/users,47,0,0
1763944850625,0,GET ID,200,OK,TESTES 1-22,text,true,,423,124,1,1,http://localhost:8081/users/32,0,0,0
1763944850625,1,PUT,200,OK,TESTES 1-22,text,true,,408,319,1,1,http://localhost:8081/users/32,1,0,0
1763944850626,0,GET,200,OK,TESTES 1-22,text,true,,2919,121,1,1,http://localhost:8081/users,0,0,0
1763944850626,1,DELETE,200,OK,TESTES 1-22,text,true,,165,210,1,1,http://localhost:8081/users/32,1,0,0
1763944850677,1,Healthcheck,200,OK,TESTES 1-23,text,true,,176,127,1,1,http://localhost:8081/healthcheck,1,0,0
1763944850678,61,POST,201,Created,TESTES 1-23,text,true,,340,376,1,1,http://localhost:8081/users,61,0,0
1763944850739,1,GET ID,200,OK,TESTES 1-23,text,true,,423,124,1,1,http://localhost:8081/users/33,1,0,0
1763944850740,2,PUT,200,OK,TESTES 1-23,text,true,,407,318,1,1,http://localhost:8081/users/33,2,0,0
1763944850742,0,GET,200,OK,TESTES 1-23,text,true,,2918,121,1,1,http://localhost:8081/users,0,0,0
1763944850742,2,DELETE,200,OK,TESTES 1-23,text,true,,165,210,1,1,http://localhost:8081/users/33,2,0,0
1763944850777,1,Healthcheck,200,OK,TESTES 1-24,text,true,,176,127,1,1,http://localhost:8081/healthcheck,1,0,0
1763944850778,53,POST,201,Created,TESTES 1-24,text,true,,340,376,1,1,http://localhost:8081/users,53,0,0
1763944850831,1,GET ID,200,OK,TESTES 1-24,text,true,,423,124,1,1,http://localhost:8081/users/34,1,0,0
1763944850832,0,PUT,200,OK,TESTES 1-24,text,true,,407,319,1,1,http://localhost:8081/users/34,0,0,0
1763944850832,0,GET,200,OK,TESTES 1-24,text,true,,2918,121,1,1,http://localhost:8081/users,0,0,0
1763944850832,1,DELETE,200,OK,TESTES 1-24,text,true,,165,210,1,1,http://localhost:8081/users/34,1,0,0
1763944850877,1,Healthcheck,200,OK,TESTES 1-25,text,true,,176,127,1,1,http://localhost:8081/healthcheck,1,0,0
1763944850878,48,POST,201,Created,TESTES 1-25,text,true,,340,375,1,1,http://localhost:8081/users,48,0,0
1763944850926,0,GET ID,200,OK,TESTES 1-25,text,true,,423,124,1,1,http://localhost:8081/users/35,0,0,0
1763944850927,0,PUT,200,OK,TESTES 1-25,text,true,,408,319,1,1,http://localhost:8081/users/35,0,0,0
1763944850927,1,GET,200,OK,TESTES 1-25,text,true,,2919,121,1,1,http://localhost:8081/users,1,0,0
1763944850928,0,DELETE,200,OK,TESTES 1-25,text,true,,165,210,1,1,http://localhost:8081/users/35,0,0,0
1763944850977,0,Healthcheck,200,OK,TESTES 1-26,text,true,,176,127,1,1,http://localhost:8081/healthcheck,0,0,0
1763944850977,53,POST,201,Created,TESTES 1-26,text,true,,340,376,1,1,http://localhost:8081/users,53,0,0
1763944851030,0,GET ID,200,OK,TESTES 1-26,text,true,,423,124,1,1,http://localhost:8081/users/36,0,0,0
1763944851030,1,PUT,200,OK,TESTES 1-26,text,true,,408,319,1,1,http://localhost:8081/users/36,1,0,0
1763944851031,0,GET,200,OK,TESTES 1-26,text,true,,2919,121,1,1,http://localhost:8081/users,0,0,0
1763944851031,1,DELETE,200,OK,TESTES 1-26,text,true,,165,210,1,1,http://localhost:8081/users/36,1,0,0
1763944851077,2,Healthcheck,200,OK,TESTES 1-27,text,true,,176,127,1,1,http://localhost:8081/healthcheck,2,0,1
1763944851079,67,POST,201,Created,TESTES 1-27,text,true,,340,375,1,1,http://localhost:8081/users,67,0,0
1763944851146,0,GET ID,200,OK,TESTES 1-27,text,true,,423,124,1,1,http://localhost:8081/users/37,0,0,0
1763944851146,2,PUT,200,OK,TESTES 1-27,text,true,,408,319,1,1,http://localhost:8081/users/37,2,0,0
1763944851148,1,GET,200,OK,TESTES 1-27,text,true,,2919,121,1,1,http://localhost:8081/users,1,0,0
1763944851149,1,DELETE,200,OK,TESTES 1-27,text,true,,165,210,1,1,http://localhost:8081/users/37,1,0,0
1763944851177,1,Healthcheck,200,OK,TESTES 1-28,text,true,,176,127,1,1,http://localhost:8081/healthcheck,1,0,0
1763944851178,50,POST,201,Created,TESTES 1-28,text,true,,340,375,1,1,http://localhost:8081/users,50,0,0
1763944851228,1,GET ID,200,OK,TESTES 1-28,text,true,,423,124,1,1,http://localhost:8081/users/38,1,0,0
1763944851229,1,PUT,200,OK,TESTES 1-28,text,true,,408,319,1,1,http://localhost:8081/users/38,1,0,0
1763944851230,0,GET,200,OK,TESTES 1-28,text,true,,2919,121,1,1,http://localhost:8081/users,0,0,0
1763944851230,1,DELETE,200,OK,TESTES 1-28,text,true,,165,210,1,1,http://localhost:8081/users/38,1,0,0
1763944851277,1,Healthcheck,200,OK,TESTES 1-29,text,true,,176,127,1,1,http://localhost:8081/healthcheck,1,0,0
1763944851278,48,POST,201,Created,TESTES 1-29,text,true,,340,376,1,1,http://localhost:8081/users,48,0,0
1763944851326,1,GET ID,200,OK,TESTES 1-29,text,true,,423,124,1,1,http://localhost:8081/users/39,1,0,0
1763944851327,1,PUT,200,OK,TESTES 1-29,text,true,,408,319,1,1,http://localhost:8081/users/39,1,0,0
1763944851328,0,GET,200,OK,TESTES 1-29,text,true,,2919,121,1,1,http://localhost:8081/users,0,0,0
1763944851328,1,DELETE,200,OK,TESTES 1-29,text,true,,165,210,1,1,http://localhost:8081/users/39,1,0,0
1763944851376,1,Healthcheck,200,OK,TESTES 1-30,text,true,,176,127,1,1,http://localhost:8081/healthcheck,1,0,1
1763944851377,63,POST,201,Created,TESTES 1-30,text,true,,340,376,1,1,http://localhost:8081/users,63,0,0
1763944851440,1,GET ID,200,OK,TESTES 1-30,text,true,,423,124,1,1,http://localhost:8081/users/40,1,0,0
1763944851441,2,PUT,200,OK,TESTES 1-30,text,true,,408,319,1,1,http://localhost:8081/users/40,2,0,0
1763944851443,0,GET,200,OK,TESTES 1-30,text,true,,2919,121,1,1,http://localhost:8081/users,0,0,0
1763944851443,2,DELETE,200,OK,TESTES 1-30,text,true,,165,210,1,1,http://localhost:8081/users/40,2,0,0
1763944851477,1,Healthcheck,200,OK,TESTES 1-31,text,true,,176,127,1,1,http://localhost:8081/healthcheck,1,0,0
1763944851478,49,POST,201,Created,TESTES 1-31,text,true,,340,376,1,1,http://localhost:8081/users,49,0,0
1763944851527,1,GET ID,200,OK,TESTES 1-31,text,true,,423,124,1,1,http://localhost:8081/users/41,1,0,0
1763944851528,1,PUT,200,OK,TESTES 1-31,text,true,,408,319,1,1,http://localhost:8081/users/41,1,0,0
1763944851529,0,GET,200,OK,TESTES 1-31,text,true,,2919,121,1,1,http://localhost:8081/users,0,0,0
1763944851529,1,DELETE,200,OK,TESTES 1-31,text,true,,165,210,1,1,http://localhost:8081/users/41,1,0,0
1763944851576,1,Healthcheck,200,OK,TESTES 1-32,text,true,,176,127,1,1,http://localhost:8081/healthcheck,1,0,0
1763944851577,52,POST,201,Created,TESTES 1-32,text,true,,340,376,1,1,http://localhost:8081/users,52,0,0
1763944851629,1,GET ID,200,OK,TESTES 1-32,text,true,,423,124,1,1,http://localhost:8081/users/42,1,0,0
1763944851630,1,PUT,200,OK,TESTES 1-32,text,true,,408,319,1,1,http://localhost:8081/users/42,1,0,0
1763944851631,0,GET,200,OK,TESTES 1-32,text,true,,2919,121,1,1,http://localhost:8081/users,0,0,0
1763944851631,1,DELETE,200,OK,TESTES 1-32,text,true,,165,210,1,1,http://localhost:8081/users/42,1,0,0
1763944851676,1,Healthcheck,200,OK,TESTES 1-33,text,true,,176,127,1,1,http://localhost:8081/healthcheck,1,0,0
1763944851677,54,POST,201,Created,TESTES 1-33,text,true,,340,376,1,1,http://localhost:8081/users,54,0,0
1763944851731,1,GET ID,200,OK,TESTES 1-33,text,true,,423,124,1,1,http://localhost:8081/users/43,1,0,0
1763944851732,0,PUT,200,OK,TESTES 1-33,text,true,,408,319,1,1,http://localhost:8081/users/43,0,0,0
1763944851732,1,GET,200,OK,TESTES 1-33,text,true,,2919,121,1,1,http://localhost:8081/users,1,0,0
1763944851733,0,DELETE,200,OK,TESTES 1-33,text,true,,165,210,1,1,http://localhost:8081/users/43,0,0,0
1763944851776,1,Healthcheck,200,OK,TESTES 1-34,text,true,,176,127,1,1,http://localhost:8081/healthcheck,1,0,0
1763944851777,58,POST,201,Created,TESTES 1-34,text,true,,340,376,1,1,http://localhost:8081/users,58,0,0
1763944851835,1,GET ID,200,OK,TESTES 1-34,text,true,,423,124,1,1,http://localhost:8081/users/44,1,0,0
1763944851836,0,PUT,200,OK,TESTES 1-34,text,true,,408,319,1,1,http://localhost:8081/users/44,0,0,0
1763944851836,1,GET,200,OK,TESTES 1-34,text,true,,2919,121,1,1,http://localhost:8081/users,1,0,0
1763944851837,0,DELETE,200,OK,TESTES 1-34,text,true,,165,210,1,1,http://localhost:8081/users/44,0,0,0
1763944851876,1,Healthcheck,200,OK,TESTES 1-35,text,true,,176,127,1,1,http://localhost:8081/healthcheck,1,0,0
1763944851877,47,POST,201,Created,TESTES 1-35,text,true,,340,376,1,1,http://localhost:8081/users,47,0,0
1763944851924,1,GET ID,200,OK,TESTES 1-35,text,true,,421,124,1,1,http://localhost:8081/users/45,1,0,0
1763944851925,1,PUT,200,OK,TESTES 1-35,text,true,,405,317,1,1,http://localhost:8081/users/45,1,0,0
1763944851926,0,GET,200,OK,TESTES 1-35,text,true,,2916,121,1,1,http://localhost:8081/users,0,0,0
1763944851926,0,DELETE,200,OK,TESTES 1-35,text,true,,165,210,1,1,http://localhost:8081/users/45,0,0,0
1763944851976,0,Healthcheck,200,OK,TESTES 1-36,text,true,,176,127,1,1,http://localhost:8081/healthcheck,0,0,0
1763944851976,54,POST,201,Created,TESTES 1-36,text,true,,340,376,1,1,http://localhost:8081/users,54,0,0
1763944852030,0,GET ID,200,OK,TESTES 1-36,text,true,,423,124,1,1,http://localhost:8081/users/46,0,0,0
1763944852030,1,PUT,200,OK,TESTES 1-36,text,true,,408,319,1,1,http://localhost:8081/users/46,1,0,0
1763944852031,0,GET,200,OK,TESTES 1-36,text,true,,2919,121,1,1,http://localhost:8081/users,0,0,0
1763944852031,1,DELETE,200,OK,TESTES 1-36,text,true,,165,210,1,1,http://localhost:8081/users/46,1,0,0
1763944852076,1,Healthcheck,200,OK,TESTES 1-37,text,true,,176,127,1,1,http://localhost:8081/healthcheck,1,0,0
1763944852077,69,POST,201,Created,TESTES 1-37,text,true,,340,376,1,1,http://localhost:8081/users,69,0,0
1763944852146,1,GET ID,200,OK,TESTES 1-37,text,true,,423,124,1,1,http://localhost:8081/users/47,1,0,0
1763944852147,2,PUT,200,OK,TESTES 1-37,text,true,,408,319,1,1,http://localhost:8081/users/47,2,0,0
1763944852149,0,GET,200,OK,TESTES 1-37,text,true,,2919,121,1,1,http://localhost:8081/users,0,0,0
1763944852149,2,DELETE,200,OK,TESTES 1-37,text,true,,165,210,1,1,http://localhost:8081/users/47,2,0,0
1763944852177,2,Healthcheck,200,OK,TESTES 1-38,text,true,,176,127,1,1,http://localhost:8081/healthcheck,2,0,1
1763944852179,49,POST,201,Created,TESTES 1-38,text,true,,340,376,1,1,http://localhost:8081/users,49,0,0
1763944852228,1,GET ID,200,OK,TESTES 1-38,text,true,,423,124,1,1,http://localhost:8081/users/48,1,0,0
1763944852229,1,PUT,200,OK,TESTES 1-38,text,true,,408,319,1,1,http://localhost:8081/users/48,1,0,0
1763944852230,0,GET,200,OK,TESTES 1-38,text,true,,2919,121,1,1,http://localhost:8081/users,0,0,0
1763944852230,1,DELETE,200,OK,TESTES 1-38,text,true,,165,210,1,1,http://localhost:8081/users/48,1,0,0
1763944852278,1,Healthcheck,200,OK,TESTES 1-39,text,true,,176,127,1,1,http://localhost:8081/healthcheck,1,0,0
1763944852279,54,POST,201,Created,TESTES 1-39,text,true,,340,375,1,1,http://localhost:8081/users,54,0,0
1763944852333,0,GET ID,200,OK,TESTES 1-39,text,true,,423,124,1,1,http://localhost:8081/users/49,0,0,0
1763944852333,1,PUT,200,OK,TESTES 1-39,text,true,,408,319,1,1,http://localhost:8081/users/49,1,0,0
1763944852334,0,GET,200,OK,TESTES 1-39,text,true,,2919,121,1,1,http://localhost:8081/users,0,0,0
1763944852334,1,DELETE,200,OK,TESTES 1-39,text,true,,165,210,1,1,http://localhost:8081/users/49,1,0,0
1763944852376,1,Healthcheck,200,OK,TESTES 1-40,text,true,,176,127,1,1,http://localhost:8081/healthcheck,1,0,0
1763944852377,56,POST,201,Created,TESTES 1-40,text,true,,340,376,1,1,http://localhost:8081/users,56,0,0
1763944852433,0,GET ID,200,OK,TESTES 1-40,text,true,,423,124,1,1,http://localhost:8081/users/50,0,0,0
1763944852433,1,PUT,200,OK,TESTES 1-40,text,true,,408,319,1,1,http://localhost:8081/users/50,1,0,0
1763944852434,0,GET,200,OK,TESTES 1-40,text,true,,2919,121,1,1,http://localhost:8081/users,0,0,0
1763944852434,1,DELETE,200,OK,TESTES 1-40,text,true,,165,210,1,1,http://localhost:8081/users/50,1,0,0
1763944852476,1,Healthcheck,200,OK,TESTES 1-41,text,true,,176,127,1,1,http://localhost:8081/healthcheck,1,0,1
1763944852478,54,POST,201,Created,TESTES 1-41,text,true,,340,376,1,1,http://localhost:8081/users,54,0,0
1763944852532,0,GET ID,200,OK,TESTES 1-41,text,true,,423,124,1,1,http://localhost:8081/users/51,0,0,0
1763944852532,1,PUT,200,OK,TESTES 1-41,text,true,,408,319,1,1,http://localhost:8081/users/51,1,0,0
1763944852533,1,GET,200,OK,TESTES 1-41,text,true,,2919,121,1,1,http://localhost:8081/users,1,0,0
1763944852534,0,DELETE,200,OK,TESTES 1-41,text,true,,165,210,1,1,http://localhost:8081/users/51,0,0,0
1763944852576,1,Healthcheck,200,OK,TESTES 1-42,text,true,,176,127,1,1,http://localhost:8081/healthcheck,1,0,1
1763944852577,46,POST,201,Created,TESTES 1-42,text,true,,339,375,1,1,http://localhost:8081/users,46,0,0
1763944852623,1,GET ID,200,OK,TESTES 1-42,text,true,,422,124,1,1,http://localhost:8081/users/52,1,0,0
1763944852624,1,PUT,200,OK,TESTES 1-42,text,true,,407,319,1,1,http://localhost:8081/users/52,1,0,0
1763944852625,0,GET,200,OK,TESTES 1-42,text,true,,2918,121,1,1,http://localhost:8081/users,0,0,0
1763944852625,1,DELETE,200,OK,TESTES 1-42,text,true,,165,210,1,1,http://localhost:8081/users/52,1,0,0
1763944852677,1,Healthcheck,200,OK,TESTES 1-43,text,true,,176,127,1,1,http://localhost:8081/healthcheck,1,0,0
1763944852678,64,POST,201,Created,TESTES 1-43,text,true,,340,376,1,1,http://localhost:8081/users,64,0,0
1763944852742,1,GET ID,200,OK,TESTES 1-43,text,true,,423,124,1,1,http://localhost:8081/users/53,1,0,0
1763944852743,2,PUT,200,OK,TESTES 1-43,text,true,,408,319,1,1,http://localhost:8081/users/53,2,0,0
1763944852745,0,GET,200,OK,TESTES 1-43,text,true,,2919,121,1,1,http://localhost:8081/users,0,0,0
1763944852745,2,DELETE,200,OK,TESTES 1-43,text,true,,165,210,1,1,http://localhost:8081/users/53,2,0,0
1763944852776,1,Healthcheck,200,OK,TESTES 1-44,text,true,,176,127,1,1,http://localhost:8081/healthcheck,1,0,1
1763944852777,59,POST,201,Created,TESTES 1-44,text,true,,340,375,1,1,http://localhost:8081/users,59,0,0
1763944852836,0,GET ID,200,OK,TESTES 1-44,text,true,,423,124,1,1,http://localhost:8081/users/54,0,0,0
1763944852836,1,PUT,200,OK,TESTES 1-44,text,true,,408,319,1,1,http://localhost:8081/users/54,1,0,0
1763944852837,0,GET,200,OK,TESTES 1-44,text,true,,2919,121,1,1,http://localhost:8081/users,0,0,0
1763944852837,0,DELETE,200,OK,TESTES 1-44,text,true,,165,210,1,1,http://localhost:8081/users/54,0,0,0
1763944852877,1,Healthcheck,200,OK,TESTES 1-45,text,true,,176,127,1,1,http://localhost:8081/healthcheck,1,0,0
1763944852878,52,POST,201,Created,TESTES 1-45,text,true,,340,376,1,1,http://localhost:8081/users,52,0,0
1763944852930,0,GET ID,200,OK,TESTES 1-45,text,true,,423,124,1,1,http://localhost:8081/users/55,0,0,0
1763944852930,1,PUT,200,OK,TESTES 1-45,text,true,,408,319,1,1,http://localhost:8081/users/55,1,0,0
1763944852931,0,GET,200,OK,TESTES 1-45,text,true,,2919,121,1,1,http://localhost:8081/users,0,0,0
1763944852931,1,DELETE,200,OK,TESTES 1-45,text,true,,165,210,1,1,http://localhost:8081/users/55,1,0,0
1763944852977,0,Healthcheck,200,OK,TESTES 1-46,text,true,,176,127,1,1,http://localhost:8081/healthcheck,0,0,0
1763944852977,52,POST,201,Created,TESTES 1-46,text,true,,340,376,1,1,http://localhost:8081/users,52,0,0
1763944853029,1,GET ID,200,OK,TESTES 1-46,text,true,,423,124,1,1,http://localhost:8081/users/56,1,0,0
1763944853030,0,PUT,200,OK,TESTES 1-46,text,true,,407,319,1,1,http://localhost:8081/users/56,0,0,0
1763944853030,0,GET,200,OK,TESTES 1-46,text,true,,2918,121,1,1,http://localhost:8081/users,0,0,0
1763944853030,1,DELETE,200,OK,TESTES 1-46,text,true,,165,210,1,1,http://localhost:8081/users/56,1,0,0
1763944853077,1,Healthcheck,200,OK,TESTES 1-47,text,true,,176,127,1,1,http://localhost:8081/healthcheck,1,0,0
1763944853078,73,POST,201,Created,TESTES 1-47,text,true,,340,376,1,1,http://localhost:8081/users,73,0,0
1763944853151,0,GET ID,200,OK,TESTES 1-47,text,true,,423,124,1,1,http://localhost:8081/users/57,0,0,0
1763944853151,2,PUT,200,OK,TESTES 1-47,text,true,,406,318,1,1,http://localhost:8081/users/57,2,0,0
1763944853153,0,GET,200,OK,TESTES 1-47,text,true,,2917,121,1,1,http://localhost:8081/users,0,0,0
1763944853154,1,DELETE,200,OK,TESTES 1-47,text,true,,165,210,1,1,http://localhost:8081/users/57,1,0,0
1763944853177,1,Healthcheck,200,OK,TESTES 1-48,text,true,,176,127,1,1,http://localhost:8081/healthcheck,1,0,0
1763944853178,48,POST,201,Created,TESTES 1-48,text,true,,340,376,1,1,http://localhost:8081/users,48,0,0
1763944853227,0,GET ID,200,OK,TESTES 1-48,text,true,,423,124,1,1,http://localhost:8081/users/58,0,0,0
1763944853227,1,PUT,200,OK,TESTES 1-48,text,true,,408,319,1,1,http://localhost:8081/users/58,1,0,0
1763944853228,0,GET,200,OK,TESTES 1-48,text,true,,2919,121,1,1,http://localhost:8081/users,0,0,0
1763944853228,0,DELETE,200,OK,TESTES 1-48,text,true,,165,210,1,1,http://localhost:8081/users/58,0,0,0
1763944853277,2,Healthcheck,200,OK,TESTES 1-49,text,true,,176,127,1,1,http://localhost:8081/healthcheck,2,0,1
1763944853279,68,POST,201,Created,TESTES 1-49,text,true,,340,376,1,1,http://localhost:8081/users,67,0,0
1763944853347,0,GET ID,200,OK,TESTES 1-49,text,true,,423,124,1,1,http://localhost:8081/users/59,0,0,0
1763944853347,2,PUT,200,OK,TESTES 1-49,text,true,,408,319,1,1,http://localhost:8081/users/59,2,0,0
1763944853349,0,GET,200,OK,TESTES 1-49,text,true,,2919,121,1,1,http://localhost:8081/users,0,0,0
1763944853349,2,DELETE,200,OK,TESTES 1-49,text,true,,165,210,1,1,http://localhost:8081/users/59,2,0,0
1763944853377,2,Healthcheck,200,OK,TESTES 1-50,text,true,,176,127,1,1,http://localhost:8081/healthcheck,2,0,1
1763944853379,48,POST,201,Created,TESTES 1-50,text,true,,340,376,1,1,http://localhost:8081/users,48,0,0
1763944853427,0,GET ID,200,OK,TESTES 1-50,text,true,,423,124,1,1,http://localhost:8081/users/60,0,0,0
1763944853427,1,PUT,200,OK,TESTES 1-50,text,true,,407,318,1,1,http://localhost:8081/users/60,1,0,0
1763944853429,0,GET,200,OK,TESTES 1-50,text,true,,2918,121,1,1,http://localhost:8081/users,0,0,0
1763944853429,1,DELETE,200,OK,TESTES 1-50,text,true,,165,210,1,1,http://localhost:8081/users/60,1,0,0
1763944853477,2,Healthcheck,200,OK,TESTES 1-51,text,true,,176,127,1,1,http://localhost:8081/healthcheck,2,0,1
1763944853479,54,POST,201,Created,TESTES 1-51,text,true,,340,376,1,1,http://localhost:8081/users,54,0,0
1763944853533,0,GET ID,200,OK,TESTES 1-51,text,true,,421,124,1,1,http://localhost:8081/users/61,0,0,0
1763944853533,1,PUT,200,OK,TESTES 1-51,text,true,,407,319,1,1,http://localhost:8081/users/61,1,0,0
1763944853534,0,GET,200,OK,TESTES 1-51,text,true,,2918,121,1,1,http://localhost:8081/users,0,0,0
1763944853534,1,DELETE,200,OK,TESTES 1-51,text,true,,165,210,1,1,http://localhost:8081/users/61,1,0,0
1763944853576,2,Healthcheck,200,OK,TESTES 1-52,text,true,,176,127,1,1,http://localhost:8081/healthcheck,2,0,1
1763944853578,56,POST,201,Created,TESTES 1-52,text,true,,339,374,1,1,http://localhost:8081/users,56,0,0
1763944853634,1,GET ID,200,OK,TESTES 1-52,text,true,,422,124,1,1,http://localhost:8081/users/62,1,0,0
1763944853635,1,PUT,200,OK,TESTES 1-52,text,true,,408,319,1,1,http://localhost:8081/users/62,1,0,0
1763944853636,0,GET,200,OK,TESTES 1-52,text,true,,2919,121,1,1,http://localhost:8081/users,0,0,0
1763944853636,0,DELETE,200,OK,TESTES 1-52,text,true,,165,210,1,1,http://localhost:8081/users/62,0,0,0
1763944853676,2,Healthcheck,200,OK,TESTES 1-53,text,true,,176,127,1,1,http://localhost:8081/healthcheck,2,0,1
1763944853678,53,POST,201,Created,TESTES 1-53,text,true,,340,376,1,1,http://localhost:8081/users,53,0,0
1763944853731,1,GET ID,200,OK,TESTES 1-53,text,true,,423,124,1,1,http://localhost:8081/users/63,1,0,0
1763944853732,1,PUT,200,OK,TESTES 1-53,text,true,,407,318,1,1,http://localhost:8081/users/63,1,0,0
1763944853733,0,GET,200,OK,TESTES 1-53,text,true,,2918,121,1,1,http://localhost:8081/users,0,0,0
1763944853733,1,DELETE,200,OK,TESTES 1-53,text,true,,165,210,1,1,http://localhost:8081/users/63,1,0,0
1763944853776,2,Healthcheck,200,OK,TESTES 1-54,text,true,,176,127,1,1,http://localhost:8081/healthcheck,2,0,1
1763944853778,51,POST,201,Created,TESTES 1-54,text,true,,340,376,1,1,http://localhost:8081/users,51,0,0
1763944853830,0,GET ID,200,OK,TESTES 1-54,text,true,,421,124,1,1,http://localhost:8081/users/64,0,0,0
1763944853830,1,PUT,200,OK,TESTES 1-54,text,true,,407,319,1,1,http://localhost:8081/users/64,1,0,0
1763944853831,0,GET,200,OK,TESTES 1-54,text,true,,2918,121,1,1,http://localhost:8081/users,0,0,0
1763944853831,0,DELETE,200,OK,TESTES 1-54,text,true,,165,210,1,1,http://localhost:8081/users/64,0,0,0
1763944853876,1,Healthcheck,200,OK,TESTES 1-55,text,true,,176,127,1,1,http://localhost:8081/healthcheck,1,0,0
1763944853877,47,POST,201,Created,TESTES 1-55,text,true,,340,376,1,1,http://localhost:8081/users,47,0,0
1763944853924,0,GET ID,200,OK,TESTES 1-55,text,true,,423,124,1,1,http://localhost:8081/users/65,0,0,0
1763944853924,1,PUT,200,OK,TESTES 1-55,text,true,,408,319,1,1,http://localhost:8081/users/65,1,0,0
1763944853925,0,GET,200,OK,TESTES 1-55,text,true,,2919,121,1,1,http://localhost:8081/users,0,0,0
1763944853925,1,DELETE,200,OK,TESTES 1-55,text,true,,165,210,1,1,http://localhost:8081/users/65,1,0,0
1763944853977,1,Healthcheck,200,OK,TESTES 1-56,text,true,,176,127,1,1,http://localhost:8081/healthcheck,1,0,0
1763944853978,55,POST,201,Created,TESTES 1-56,text,true,,340,376,1,1,http://localhost:8081/users,55,0,0
1763944854033,1,GET ID,200,OK,TESTES 1-56,text,true,,423,124,1,1,http://localhost:8081/users/66,1,0,0
1763944854034,0,PUT,200,OK,TESTES 1-56,text,true,,406,318,1,1,http://localhost:8081/users/66,0,0,0
1763944854035,0,GET,200,OK,TESTES 1-56,text,true,,2917,121,1,1,http://localhost:8081/users,0,0,0
1763944854035,0,DELETE,200,OK,TESTES 1-56,text,true,,165,210,1,1,http://localhost:8081/users/66,0,0,0
1763944854077,1,Healthcheck,200,OK,TESTES 1-57,text,true,,176,127,1,1,http://localhost:8081/healthcheck,1,0,0
1763944854078,70,POST,201,Created,TESTES 1-57,text,true,,340,376,1,1,http://localhost:8081/users,70,0,0
1763944854148,0,GET ID,200,OK,TESTES 1-57,text,true,,423,124,1,1,http://localhost:8081/users/67,0,0,0
1763944854148,2,PUT,200,OK,TESTES 1-57,text,true,,408,319,1,1,http://localhost:8081/users/67,2,0,0
1763944854150,0,GET,200,OK,TESTES 1-57,text,true,,2919,121,1,1,http://localhost:8081/users,0,0,0
1763944854150,2,DELETE,200,OK,TESTES 1-57,text,true,,165,210,1,1,http://localhost:8081/users/67,2,0,0
1763944854176,1,Healthcheck,200,OK,TESTES 1-58,text,true,,176,127,1,1,http://localhost:8081/healthcheck,1,0,0
1763944854177,56,POST,201,Created,TESTES 1-58,text,true,,340,376,1,1,http://localhost:8081/users,56,0,0
1763944854233,0,GET ID,200,OK,TESTES 1-58,text,true,,423,124,1,1,http://localhost:8081/users/68,0,0,0
1763944854233,1,PUT,200,OK,TESTES 1-58,text,true,,407,318,1,1,http://localhost:8081/users/68,1,0,0
1763944854234,0,GET,200,OK,TESTES 1-58,text,true,,2918,121,1,1,http://localhost:8081/users,0,0,0
1763944854234,0,DELETE,200,OK,TESTES 1-58,text,true,,165,210,1,1,http://localhost:8081/users/68,0,0,0
1763944854276,1,Healthcheck,200,OK,TESTES 1-59,text,true,,176,127,1,1,http://localhost:8081/healthcheck,1,0,1
1763944854277,47,POST,201,Created,TESTES 1-59,text,true,,340,376,1,1,http://localhost:8081/users,47,0,0
1763944854324,0,GET ID,200,OK,TESTES 1-59,text,true,,421,124,1,1,http://localhost:8081/users/69,0,0,0
1763944854324,1,PUT,200,OK,TESTES 1-59,text,true,,407,319,1,1,http://localhost:8081/users/69,1,0,0
1763944854325,0,GET,200,OK,TESTES 1-59,text,true,,2918,121,1,1,http://localhost:8081/users,0,0,0
1763944854325,1,DELETE,200,OK,TESTES 1-59,text,true,,165,210,1,1,http://localhost:8081/users/69,1,0,0
1763944854377,1,Healthcheck,200,OK,TESTES 1-60,text,true,,176,127,1,1,http://localhost:8081/healthcheck,1,0,0
1763944854379,49,POST,201,Created,TESTES 1-60,text,true,,340,376,1,1,http://localhost:8081/users,49,0,0
1763944854428,0,GET ID,200,OK,TESTES 1-60,text,true,,423,124,1,1,http://localhost:8081/users/70,0,0,0
1763944854428,1,PUT,200,OK,TESTES 1-60,text,true,,408,319,1,1,http://localhost:8081/users/70,1,0,0
1763944854429,0,GET,200,OK,TESTES 1-60,text,true,,2919,121,1,1,http://localhost:8081/users,0,0,0
1763944854429,1,DELETE,200,OK,TESTES 1-60,text,true,,165,210,1,1,http://localhost:8081/users/70,1,0,0
1763944854477,1,Healthcheck,200,OK,TESTES 1-61,text,true,,176,127,1,1,http://localhost:8081/healthcheck,1,0,0
1763944854478,63,POST,201,Created,TESTES 1-61,text,true,,340,376,1,1,http://localhost:8081/users,63,0,0
1763944854541,1,GET ID,200,OK,TESTES 1-61,text,true,,423,124,1,1,http://localhost:8081/users/71,1,0,0
1763944854542,2,PUT,200,OK,TESTES 1-61,text,true,,408,319,1,1,http://localhost:8081/users/71,2,0,0
1763944854544,0,GET,200,OK,TESTES 1-61,text,true,,2919,121,1,1,http://localhost:8081/users,0,0,0
1763944854544,2,DELETE,200,OK,TESTES 1-61,text,true,,165,210,1,1,http://localhost:8081/users/71,2,0,0
1763944854578,2,Healthcheck,200,OK,TESTES 1-62,text,true,,176,127,1,1,http://localhost:8081/healthcheck,2,0,1
1763944854580,54,POST,201,Created,TESTES 1-62,text,true,,340,376,1,1,http://localhost:8081/users,54,0,0
1763944854634,1,GET ID,200,OK,TESTES 1-62,text,true,,423,124,1,1,http://localhost:8081/users/72,1,0,0
1763944854635,1,PUT,200,OK,TESTES 1-62,text,true,,407,318,1,1,http://localhost:8081/users/72,1,0,0
1763944854636,0,GET,200,OK,TESTES 1-62,text,true,,2918,121,1,1,http://localhost:8081/users,0,0,0
1763944854636,0,DELETE,200,OK,TESTES 1-62,text,true,,165,210,1,1,http://localhost:8081/users/72,0,0,0
1763944854678,1,Healthcheck,200,OK,TESTES 1-63,text,true,,176,127,1,1,http://localhost:8081/healthcheck,1,0,0
1763944854679,50,POST,201,Created,TESTES 1-63,text,true,,340,376,1,1,http://localhost:8081/users,50,0,0
1763944854729,0,GET ID,200,OK,TESTES 1-63,text,true,,423,124,1,1,http://localhost:8081/users/73,0,0,0
1763944854729,1,PUT,200,OK,TESTES 1-63,text,true,,405,316,1,1,http://localhost:8081/users/73,1,0,0
1763944854730,0,GET,200,OK,TESTES 1-63,text,true,,2916,121,1,1,http://localhost:8081/users,0,0,0
1763944854730,1,DELETE,200,OK,TESTES 1-63,text,true,,165,210,1,1,http://localhost:8081/users/73,1,0,0
1763944854776,2,Healthcheck,200,OK,TESTES 1-64,text,true,,176,127,1,1,http://localhost:8081/healthcheck,2,0,1
1763944854778,69,POST,201,Created,TESTES 1-64,text,true,,340,375,1,1,http://localhost:8081/users,69,0,0
1763944854847,0,GET ID,200,OK,TESTES 1-64,text,true,,423,124,1,1,http://localhost:8081/users/74,0,0,0
1763944854847,2,PUT,200,OK,TESTES 1-64,text,true,,408,319,1,1,http://localhost:8081/users/74,2,0,0
1763944854849,0,GET,200,OK,TESTES 1-64,text,true,,2919,121,1,1,http://localhost:8081/users,0,0,0
1763944854849,2,DELETE,200,OK,TESTES 1-64,text,true,,165,210,1,1,http://localhost:8081/users/74,2,0,0
1763944854876,1,Healthcheck,200,OK,TESTES 1-65,text,true,,176,127,1,1,http://localhost:8081/healthcheck,1,0,1
1763944854877,50,POST,201,Created,TESTES 1-65,text,true,,339,375,1,1,http://localhost:8081/users,50,0,0
1763944854927,0,GET ID,200,OK,TESTES 1-65,text,true,,422,124,1,1,http://localhost:8081/users/75,0,0,0
1763944854927,1,PUT,200,OK,TESTES 1-65,text,true,,408,319,1,1,http://localhost:8081/users/75,1,0,0
1763944854928,0,GET,200,OK,TESTES 1-65,text,true,,2919,121,1,1,http://localhost:8081/users,0,0,0
1763944854928,1,DELETE,200,OK,TESTES 1-65,text,true,,165,210,1,1,http://localhost:8081/users/75,1,0,0
1763944854976,1,Healthcheck,200,OK,TESTES 1-66,text,true,,176,127,1,1,http://localhost:8081/healthcheck,1,0,1
1763944854977,45,POST,201,Created,TESTES 1-66,text,true,,339,375,1,1,http://localhost:8081/users,45,0,0
1763944855022,0,GET ID,200,OK,TESTES 1-66,text,true,,422,124,1,1,http://localhost:8081/users/76,0,0,0
1763944855022,1,PUT,200,OK,TESTES 1-66,text,true,,407,318,1,1,http://localhost:8081/users/76,1,0,0
1763944855023,0,GET,200,OK,TESTES 1-66,text,true,,2918,121,1,1,http://localhost:8081/users,0,0,0
1763944855023,1,DELETE,200,OK,TESTES 1-66,text,true,,165,210,1,1,http://localhost:8081/users/76,1,0,0
1763944855076,1,Healthcheck,200,OK,TESTES 1-67,text,true,,176,127,1,1,http://localhost:8081/healthcheck,1,0,1
1763944855077,49,POST,201,Created,TESTES 1-67,text,true,,340,376,1,1,http://localhost:8081/users,49,0,0
1763944855126,0,GET ID,200,OK,TESTES 1-67,text,true,,421,124,1,1,http://localhost:8081/users/77,0,0,0
1763944855126,0,PUT,200,OK,TESTES 1-67,text,true,,405,317,1,1,http://localhost:8081/users/77,0,0,0
1763944855126,1,GET,200,OK,TESTES 1-67,text,true,,2916,121,1,1,http://localhost:8081/users,1,0,0
1763944855127,0,DELETE,200,OK,TESTES 1-67,text,true,,165,210,1,1,http://localhost:8081/users/77,0,0,0
1763944855176,1,Healthcheck,200,OK,TESTES 1-68,text,true,,176,127,1,1,http://localhost:8081/healthcheck,1,0,1
1763944855177,40,POST,201,Created,TESTES 1-68,text,true,,340,376,1,1,http://localhost:8081/users,40,0,0
1763944855217,0,GET ID,200,OK,TESTES 1-68,text,true,,423,124,1,1,http://localhost:8081/users/78,0,0,0
1763944855217,1,PUT,200,OK,TESTES 1-68,text,true,,408,319,1,1,http://localhost:8081/users/78,1,0,0
1763944855218,0,GET,200,OK,TESTES 1-68,text,true,,2919,121,1,1,http://localhost:8081/users,0,0,0
1763944855218,1,DELETE,200,OK,TESTES 1-68,text,true,,165,210,1,1,http://localhost:8081/users/78,1,0,0
1763944855277,1,Healthcheck,200,OK,TESTES 1-69,text,true,,176,127,1,1,http://localhost:8081/healthcheck,1,0,0
1763944855278,65,POST,201,Created,TESTES 1-69,text,true,,340,376,1,1,http://localhost:8081/users,65,0,0
1763944855343,0,GET ID,200,OK,TESTES 1-69,text,true,,423,124,1,1,http://localhost:8081/users/79,0,0,0
1763944855343,2,PUT,200,OK,TESTES 1-69,text,true,,408,319,1,1,http://localhost:8081/users/79,2,0,0
1763944855345,0,GET,200,OK,TESTES 1-69,text,true,,2919,121,1,1,http://localhost:8081/users,0,0,0
1763944855345,2,DELETE,200,OK,TESTES 1-69,text,true,,165,210,1,1,http://localhost:8081/users/79,2,0,0
1763944855377,0,Healthcheck,200,OK,TESTES 1-70,text,true,,176,127,1,1,http://localhost:8081/healthcheck,0,0,0
1763944855377,42,POST,201,Created,TESTES 1-70,text,true,,339,375,1,1,http://localhost:8081/users,42,0,0
1763944855419,0,GET ID,200,OK,TESTES 1-70,text,true,,422,124,1,1,http://localhost:8081/users/80,0,0,0
1763944855419,1,PUT,200,OK,TESTES 1-70,text,true,,408,319,1,1,http://localhost:8081/users/80,1,0,0
1763944855420,0,GET,200,OK,TESTES 1-70,text,true,,2919,121,1,1,http://localhost:8081/users,0,0,0
1763944855420,0,DELETE,200,OK,TESTES 1-70,text,true,,165,210,1,1,http://localhost:8081/users/80,0,0,0
1763944855477,1,Healthcheck,200,OK,TESTES 1-71,text,true,,176,127,1,1,http://localhost:8081/healthcheck,1,0,0
1763944855478,59,POST,201,Created,TESTES 1-71,text,true,,340,376,1,1,http://localhost:8081/users,59,0,0
1763944855537,1,GET ID,200,OK,TESTES 1-71,text,true,,423,124,1,1,http://localhost:8081/users/81,1,0,0
1763944855538,2,PUT,200,OK,TESTES 1-71,text,true,,408,319,1,1,http://localhost:8081/users/81,2,0,0
1763944855540,0,GET,200,OK,TESTES 1-71,text,true,,2919,121,1,1,http://localhost:8081/users,0,0,0
1763944855540,2,DELETE,200,OK,TESTES 1-71,text,true,,165,210,1,1,http://localhost:8081/users/81,2,0,0
1763944855577,1,Healthcheck,200,OK,TESTES 1-72,text,true,,176,127,1,1,http://localhost:8081/healthcheck,1,0,0
1763944855578,49,POST,201,Created,TESTES 1-72,text,true,,340,376,1,1,http://localhost:8081/users,49,0,0
1763944855627,1,GET ID,200,OK,TESTES 1-72,text,true,,421,124,1,1,http://localhost:8081/users/82,1,0,0
1763944855628,0,PUT,200,OK,TESTES 1-72,text,true,,407,319,1,1,http://localhost:8081/users/82,0,0,0
1763944855628,0,GET,200,OK,TESTES 1-72,text,true,,2918,121,1,1,http://localhost:8081/users,0,0,0
1763944855628,1,DELETE,200,OK,TESTES 1-72,text,true,,165,210,1,1,http://localhost:8081/users/82,1,0,0
1763944855677,1,Healthcheck,200,OK,TESTES 1-73,text,true,,176,127,1,1,http://localhost:8081/healthcheck,1,0,0
1763944855678,50,POST,201,Created,TESTES 1-73,text,true,,340,376,1,1,http://localhost:8081/users,50,0,0
1763944855728,0,GET ID,200,OK,TESTES 1-73,text,true,,423,124,1,1,http://localhost:8081/users/83,0,0,0
1763944855728,1,PUT,200,OK,TESTES 1-73,text,true,,408,319,1,1,http://localhost:8081/users/83,1,0,0
1763944855729,1,GET,200,OK,TESTES 1-73,text,true,,2919,121,1,1,http://localhost:8081/users,1,0,0
1763944855730,0,DELETE,200,OK,TESTES 1-73,text,true,,165,210,1,1,http://localhost:8081/users/83,0,0,0
1763944855777,1,Healthcheck,200,OK,TESTES 1-74,text,true,,176,127,1,1,http://localhost:8081/healthcheck,1,0,0
1763944855778,52,POST,201,Created,TESTES 1-74,text,true,,340,376,1,1,http://localhost:8081/users,52,0,0
1763944855830,0,GET ID,200,OK,TESTES 1-74,text,true,,423,124,1,1,http://localhost:8081/users/84,0,0,0
1763944855830,1,PUT,200,OK,TESTES 1-74,text,true,,408,319,1,1,http://localhost:8081/users/84,1,0,0
1763944855831,0,GET,200,OK,TESTES 1-74,text,true,,2919,121,1,1,http://localhost:8081/users,0,0,0
1763944855831,1,DELETE,200,OK,TESTES 1-74,text,true,,165,210,1,1,http://localhost:8081/users/84,1,0,0
1763944855877,1,Healthcheck,200,OK,TESTES 1-75,text,true,,176,127,1,1,http://localhost:8081/healthcheck,1,0,0
1763944855878,68,POST,201,Created,TESTES 1-75,text,true,,340,376,1,1,http://localhost:8081/users,68,0,0
1763944855946,0,GET ID,200,OK,TESTES 1-75,text,true,,423,124,1,1,http://localhost:8081/users/85,0,0,0
1763944855946,2,PUT,200,OK,TESTES 1-75,text,true,,408,319,1,1,http://localhost:8081/users/85,2,0,0
1763944855948,1,GET,200,OK,TESTES 1-75,text,true,,2919,121,1,1,http://localhost:8081/users,1,0,0
1763944855949,1,DELETE,200,OK,TESTES 1-75,text,true,,165,210,1,1,http://localhost:8081/users/85,1,0,0
1763944855976,1,Healthcheck,200,OK,TESTES 1-76,text,true,,176,127,1,1,http://localhost:8081/healthcheck,0,0,0
1763944855977,48,POST,201,Created,TESTES 1-76,text,true,,340,376,1,1,http://localhost:8081/users,48,0,0
1763944856025,0,GET ID,200,OK,TESTES 1-76,text,true,,423,124,1,1,http://localhost:8081/users/86,0,0,0
1763944856025,1,PUT,200,OK,TESTES 1-76,text,true,,408,319,1,1,http://localhost:8081/users/86,1,0,0
1763944856026,1,GET,200,OK,TESTES 1-76,text,true,,2919,121,1,1,http://localhost:8081/users,1,0,0
1763944856027,0,DELETE,200,OK,TESTES 1-76,text,true,,165,210,1,1,http://localhost:8081/users/86,0,0,0
1763944856076,2,Healthcheck,200,OK,TESTES 1-77,text,true,,176,127,1,1,http://localhost:8081/healthcheck,1,0,1
1763944856078,49,POST,201,Created,TESTES 1-77,text,true,,340,376,1,1,http://localhost:8081/users,49,0,0
1763944856127,1,GET ID,200,OK,TESTES 1-77,text,true,,421,124,1,1,http://localhost:8081/users/87,0,0,0
1763944856128,1,PUT,200,OK,TESTES 1-77,text,true,,407,319,1,1,http://localhost:8081/users/87,1,0,0
1763944856129,0,GET,200,OK,TESTES 1-77,text,true,,2918,121,1,1,http://localhost:8081/users,0,0,0
1763944856129,0,DELETE,200,OK,TESTES 1-77,text,true,,165,210,1,1,http://localhost:8081/users/87,0,0,0
1763944856176,1,Healthcheck,200,OK,TESTES 1-78,text,true,,176,127,1,1,http://localhost:8081/healthcheck,1,0,0
1763944856177,66,POST,201,Created,TESTES 1-78,text,true,,340,376,1,1,http://localhost:8081/users,66,0,0
1763944856243,1,GET ID,200,OK,TESTES 1-78,text,true,,423,124,1,1,http://localhost:8081/users/88,1,0,0
1763944856244,2,PUT,200,OK,TESTES 1-78,text,true,,408,319,1,1,http://localhost:8081/users/88,2,0,0
1763944856246,0,GET,200,OK,TESTES 1-78,text,true,,2919,121,1,1,http://localhost:8081/users,0,0,0
1763944856246,2,DELETE,200,OK,TESTES 1-78,text,true,,165,210,1,1,http://localhost:8081/users/88,2,0,0
1763944856277,1,Healthcheck,200,OK,TESTES 1-79,text,true,,176,127,1,1,http://localhost:8081/healthcheck,1,0,0
1763944856278,47,POST,201,Created,TESTES 1-79,text,true,,340,376,1,1,http://localhost:8081/users,47,0,0
1763944856325,0,GET ID,200,OK,TESTES 1-79,text,true,,423,124,1,1,http://localhost:8081/users/89,0,0,0
1763944856325,1,PUT,200,OK,TESTES 1-79,text,true,,408,319,1,1,http://localhost:8081/users/89,1,0,0
1763944856326,0,GET,200,OK,TESTES 1-79,text,true,,2919,121,1,1,http://localhost:8081/users,0,0,0
1763944856326,0,DELETE,200,OK,TESTES 1-79,text,true,,165,210,1,1,http://localhost:8081/users/89,0,0,0
1763944856377,2,Healthcheck,200,OK,TESTES 1-80,text,true,,176,127,1,1,http://localhost:8081/healthcheck,2,0,1
1763944856379,64,POST,201,Created,TESTES 1-80,text,true,,340,376,1,1,http://localhost:8081/users,64,0,0
1763944856443,0,GET ID,200,OK,TESTES 1-80,text,true,,423,124,1,1,http://localhost:8081/users/90,0,0,0
1763944856443,2,PUT,200,OK,TESTES 1-80,text,true,,407,319,1,1,http://localhost:8081/users/90,2,0,0
1763944856445,0,GET,200,OK,TESTES 1-80,text,true,,2918,121,1,1,http://localhost:8081/users,0,0,0
1763944856445,2,DELETE,200,OK,TESTES 1-80,text,true,,165,210,1,1,http://localhost:8081/users/90,2,0,0
1763944856477,1,Healthcheck,200,OK,TESTES 1-81,text,true,,176,127,1,1,http://localhost:8081/healthcheck,1,0,0
1763944856478,45,POST,201,Created,TESTES 1-81,text,true,,340,376,1,1,http://localhost:8081/users,45,0,0
1763944856523,1,GET ID,200,OK,TESTES 1-81,text,true,,423,124,1,1,http://localhost:8081/users/91,1,0,0
1763944856524,1,PUT,200,OK,TESTES 1-81,text,true,,407,318,1,1,http://localhost:8081/users/91,1,0,0
1763944856525,0,GET,200,OK,TESTES 1-81,text,true,,2918,121,1,1,http://localhost:8081/users,0,0,0
1763944856525,1,DELETE,200,OK,TESTES 1-81,text,true,,165,210,1,1,http://localhost:8081/users/91,1,0,0
1763944856578,2,Healthcheck,200,OK,TESTES 1-82,text,true,,176,127,1,1,http://localhost:8081/healthcheck,2,0,0
1763944856580,63,POST,201,Created,TESTES 1-82,text,true,,340,376,1,1,http://localhost:8081/users,63,0,0
1763944856643,1,GET ID,200,OK,TESTES 1-82,text,true,,423,124,1,1,http://localhost:8081/users/92,1,0,0
1763944856644,2,PUT,200,OK,TESTES 1-82,text,true,,408,319,1,1,http://localhost:8081/users/92,2,0,0
1763944856646,0,GET,200,OK,TESTES 1-82,text,true,,2919,121,1,1,http://localhost:8081/users,0,0,0
1763944856646,2,DELETE,200,OK,TESTES 1-82,text,true,,165,210,1,1,http://localhost:8081/users/92,2,0,0
1763944856678,1,Healthcheck,200,OK,TESTES 1-83,text,true,,176,127,1,1,http://localhost:8081/healthcheck,1,0,0
1763944856679,53,POST,201,Created,TESTES 1-83,text,true,,340,376,1,1,http://localhost:8081/users,53,0,0
1763944856732,0,GET ID,200,OK,TESTES 1-83,text,true,,423,124,1,1,http://localhost:8081/users/93,0,0,0
1763944856732,2,PUT,200,OK,TESTES 1-83,text,true,,408,319,1,1,http://localhost:8081/users/93,2,0,0
1763944856734,0,GET,200,OK,TESTES 1-83,text,true,,2919,121,1,1,http://localhost:8081/users,0,0,0
1763944856734,0,DELETE,200,OK,TESTES 1-83,text,true,,165,210,1,1,http://localhost:8081/users/93,0,0,0
1763944856778,1,Healthcheck,200,OK,TESTES 1-84,text,true,,176,127,1,1,http://localhost:8081/healthcheck,1,0,0
1763944856779,49,POST,201,Created,TESTES 1-84,text,true,,340,376,1,1,http://localhost:8081/users,49,0,0
1763944856828,0,GET ID,200,OK,TESTES 1-84,text,true,,421,124,1,1,http://localhost:8081/users/94,0,0,0
1763944856828,1,PUT,200,OK,TESTES 1-84,text,true,,406,318,1,1,http://localhost:8081/users/94,1,0,0
1763944856829,1,GET,200,OK,TESTES 1-84,text,true,,2917,121,1,1,http://localhost:8081/users,1,0,0
1763944856830,0,DELETE,200,OK,TESTES 1-84,text,true,,165,210,1,1,http://localhost:8081/users/94,0,0,0
1763944856878,1,Healthcheck,200,OK,TESTES 1-85,text,true,,176,127,1,1,http://localhost:8081/healthcheck,1,0,0
1763944856879,48,POST,201,Created,TESTES 1-85,text,true,,340,376,1,1,http://localhost:8081/users,48,0,0
1763944856927,1,GET ID,200,OK,TESTES 1-85,text,true,,419,124,1,1,http://localhost:8081/users/95,1,0,0
1763944856928,1,PUT,200,OK,TESTES 1-85,text,true,,406,319,1,1,http://localhost:8081/users/95,1,0,0
1763944856929,0,GET,200,OK,TESTES 1-85,text,true,,2917,121,1,1,http://localhost:8081/users,0,0,0
1763944856929,1,DELETE,200,OK,TESTES 1-85,text,true,,165,210,1,1,http://localhost:8081/users/95,1,0,0
1763944856979,1,Healthcheck,200,OK,TESTES 1-86,text,true,,176,127,1,1,http://localhost:8081/healthcheck,1,0,0
1763944856981,59,POST,201,Created,TESTES 1-86,text,true,,340,376,1,1,http://localhost:8081/users,59,0,0
1763944857041,0,GET ID,200,OK,TESTES 1-86,text,true,,423,124,1,1,http://localhost:8081/users/96,0,0,0
1763944857041,2,PUT,200,OK,TESTES 1-86,text,true,,408,319,1,1,http://localhost:8081/users/96,2,0,0
1763944857043,1,GET,200,OK,TESTES 1-86,text,true,,2919,121,1,1,http://localhost:8081/users,1,0,0
1763944857044,1,DELETE,200,OK,TESTES 1-86,text,true,,165,210,1,1,http://localhost:8081/users/96,1,0,0
1763944857079,2,Healthcheck,200,OK,TESTES 1-87,text,true,,176,127,1,1,http://localhost:8081/healthcheck,2,0,0
1763944857081,53,POST,201,Created,TESTES 1-87,text,true,,340,376,1,1,http://localhost:8081/users,53,0,0
1763944857134,1,GET ID,200,OK,TESTES 1-87,text,true,,423,124,1,1,http://localhost:8081/users/97,1,0,0
1763944857135,1,PUT,200,OK,TESTES 1-87,text,true,,407,318,1,1,http://localhost:8081/users/97,1,0,0
1763944857136,0,GET,200,OK,TESTES 1-87,text,true,,2918,121,1,1,http://localhost:8081/users,0,0,0
1763944857136,1,DELETE,200,OK,TESTES 1-87,text,true,,165,210,1,1,http://localhost:8081/users/97,1,0,0
1763944857178,1,Healthcheck,200,OK,TESTES 1-88,text,true,,176,127,1,1,http://localhost:8081/healthcheck,1,0,0
1763944857179,78,POST,201,Created,TESTES 1-88,text,true,,340,376,1,1,http://localhost:8081/users,78,0,0
1763944857257,0,GET ID,200,OK,TESTES 1-88,text,true,,423,124,1,1,http://localhost:8081/users/98,0,0,0
1763944857257,3,PUT,200,OK,TESTES 1-88,text,true,,407,318,1,1,http://localhost:8081/users/98,3,0,0
1763944857260,0,GET,200,OK,TESTES 1-88,text,true,,2918,121,1,1,http://localhost:8081/users,0,0,0
1763944857260,2,DELETE,200,OK,TESTES 1-88,text,true,,165,210,1,1,http://localhost:8081/users/98,2,0,0
1763944857277,1,Healthcheck,200,OK,TESTES 1-89,text,true,,176,127,1,1,http://localhost:8081/healthcheck,1,0,0
1763944857278,48,POST,201,Created,TESTES 1-89,text,true,,339,375,1,1,http://localhost:8081/users,48,0,0
1763944857326,0,GET ID,200,OK,TESTES 1-89,text,true,,422,124,1,1,http://localhost:8081/users/99,0,0,0
1763944857326,1,PUT,200,OK,TESTES 1-89,text,true,,408,319,1,1,http://localhost:8081/users/99,1,0,0
1763944857327,1,GET,200,OK,TESTES 1-89,text,true,,2919,121,1,1,http://localhost:8081/users,1,0,0
1763944857328,0,DELETE,200,OK,TESTES 1-89,text,true,,165,210,1,1,http://localhost:8081/users/99,0,0,0
1763944857378,2,Healthcheck,200,OK,TESTES 1-90,text,true,,176,127,1,1,http://localhost:8081/healthcheck,2,0,1
1763944857380,59,POST,201,Created,TESTES 1-90,text,true,,341,376,1,1,http://localhost:8081/users,59,0,0
1763944857439,0,GET ID,200,OK,TESTES 1-90,text,true,,424,125,1,1,http://localhost:8081/users/100,0,0,0
1763944857439,2,PUT,200,OK,TESTES 1-90,text,true,,409,320,1,1,http://localhost:8081/users/100,2,0,0
1763944857441,0,GET,200,OK,TESTES 1-90,text,true,,2920,121,1,1,http://localhost:8081/users,0,0,0
1763944857441,2,DELETE,200,OK,TESTES 1-90,text,true,,165,211,1,1,http://localhost:8081/users/100,2,0,0
1763944857478,2,Healthcheck,200,OK,TESTES 1-91,text,true,,176,127,1,1,http://localhost:8081/healthcheck,2,0,1
1763944857480,58,POST,201,Created,TESTES 1-91,text,true,,341,376,1,1,http://localhost:8081/users,58,0,0
1763944857538,0,GET ID,200,OK,TESTES 1-91,text,true,,424,125,1,1,http://localhost:8081/users/101,0,0,0
1763944857538,1,PUT,200,OK,TESTES 1-91,text,true,,409,320,1,1,http://localhost:8081/users/101,1,0,0
1763944857539,0,GET,200,OK,TESTES 1-91,text,true,,2920,121,1,1,http://localhost:8081/users,0,0,0
1763944857539,0,DELETE,200,OK,TESTES 1-91,text,true,,165,211,1,1,http://localhost:8081/users/101,0,0,0
1763944857578,1,Healthcheck,200,OK,TESTES 1-92,text,true,,176,127,1,1,http://localhost:8081/healthcheck,1,0,1
1763944857580,53,POST,201,Created,TESTES 1-92,text,true,,341,376,1,1,http://localhost:8081/users,53,0,0
1763944857634,0,GET ID,200,OK,TESTES 1-92,text,true,,424,125,1,1,http://localhost:8081/users/102,0,0,0
1763944857634,1,PUT,200,OK,TESTES 1-92,text,true,,408,319,1,1,http://localhost:8081/users/102,1,0,0
1763944857635,0,GET,200,OK,TESTES 1-92,text,true,,2919,121,1,1,http://localhost:8081/users,0,0,0
1763944857635,1,DELETE,200,OK,TESTES 1-92,text,true,,165,211,1,1,http://localhost:8081/users/102,1,0,0
1763944857678,2,Healthcheck,200,OK,TESTES 1-93,text,true,,176,127,1,1,http://localhost:8081/healthcheck,2,0,1
1763944857680,51,POST,201,Created,TESTES 1-93,text,true,,341,376,1,1,http://localhost:8081/users,51,0,0
1763944857731,0,GET ID,200,OK,TESTES 1-93,text,true,,424,125,1,1,http://localhost:8081/users/103,0,0,0
1763944857731,2,PUT,200,OK,TESTES 1-93,text,true,,408,319,1,1,http://localhost:8081/users/103,2,0,0
1763944857733,0,GET,200,OK,TESTES 1-93,text,true,,2919,121,1,1,http://localhost:8081/users,0,0,0
1763944857733,1,DELETE,200,OK,TESTES 1-93,text,true,,165,211,1,1,http://localhost:8081/users/103,1,0,0
1763944857778,2,Healthcheck,200,OK,TESTES 1-94,text,true,,176,127,1,1,http://localhost:8081/healthcheck,2,0,1
1763944857780,64,POST,201,Created,TESTES 1-94,text,true,,341,376,1,1,http://localhost:8081/users,64,0,0
1763944857844,0,GET ID,200,OK,TESTES 1-94,text,true,,424,125,1,1,http://localhost:8081/users/104,0,0,0
1763944857844,2,PUT,200,OK,TESTES 1-94,text,true,,408,319,1,1,http://localhost:8081/users/104,2,0,0
1763944857846,0,GET,200,OK,TESTES 1-94,text,true,,2919,121,1,1,http://localhost:8081/users,0,0,0
1763944857846,2,DELETE,200,OK,TESTES 1-94,text,true,,165,211,1,1,http://localhost:8081/users/104,2,0,0
1763944857878,2,Healthcheck,200,OK,TESTES 1-95,text,true,,176,127,1,1,http://localhost:8081/healthcheck,2,0,1
1763944857880,60,POST,201,Created,TESTES 1-95,text,true,,341,376,1,1,http://localhost:8081/users,60,0,0
1763944857941,0,GET ID,200,OK,TESTES 1-95,text,true,,424,125,1,1,http://localhost:8081/users/105,0,0,0
1763944857941,1,PUT,200,OK,TESTES 1-95,text,true,,408,320,1,1,http://localhost:8081/users/105,1,0,0
1763944857942,0,GET,200,OK,TESTES 1-95,text,true,,2919,121,1,1,http://localhost:8081/users,0,0,0
1763944857942,1,DELETE,200,OK,TESTES 1-95,text,true,,165,211,1,1,http://localhost:8081/users/105,1,0,0
1763944857978,2,Healthcheck,200,OK,TESTES 1-96,text,true,,176,127,1,1,http://localhost:8081/healthcheck,2,0,1
1763944857980,53,POST,201,Created,TESTES 1-96,text,true,,340,375,1,1,http://localhost:8081/users,53,0,0
1763944858033,1,GET ID,200,OK,TESTES 1-96,text,true,,423,125,1,1,http://localhost:8081/users/106,1,0,0
1763944858034,1,PUT,200,OK,TESTES 1-96,text,true,,409,320,1,1,http://localhost:8081/users/106,1,0,0
1763944858035,0,GET,200,OK,TESTES 1-96,text,true,,2920,121,1,1,http://localhost:8081/users,0,0,0
1763944858035,1,DELETE,200,OK,TESTES 1-96,text,true,,165,211,1,1,http://localhost:8081/users/106,1,0,0
1763944858077,2,Healthcheck,200,OK,TESTES 1-97,text,true,,176,127,1,1,http://localhost:8081/healthcheck,2,0,1
1763944858079,50,POST,201,Created,TESTES 1-97,text,true,,341,376,1,1,http://localhost:8081/users,50,0,0
1763944858129,1,GET ID,200,OK,TESTES 1-97,text,true,,424,125,1,1,http://localhost:8081/users/107,1,0,0
1763944858130,0,PUT,200,OK,TESTES 1-97,text,true,,409,320,1,1,http://localhost:8081/users/107,0,0,0
1763944858131,0,GET,200,OK,TESTES 1-97,text,true,,2920,121,1,1,http://localhost:8081/users,0,0,0
1763944858131,0,DELETE,200,OK,TESTES 1-97,text,true,,165,211,1,1,http://localhost:8081/users/107,0,0,0
1763944858178,1,Healthcheck,200,OK,TESTES 1-98,text,true,,176,127,1,1,http://localhost:8081/healthcheck,1,0,0
1763944858180,53,POST,201,Created,TESTES 1-98,text,true,,341,376,1,1,http://localhost:8081/users,53,0,0
1763944858233,1,GET ID,200,OK,TESTES 1-98,text,true,,424,125,1,1,http://localhost:8081/users/108,1,0,0
1763944858234,1,PUT,200,OK,TESTES 1-98,text,true,,409,320,1,1,http://localhost:8081/users/108,1,0,0
1763944858235,0,GET,200,OK,TESTES 1-98,text,true,,2920,121,1,1,http://localhost:8081/users,0,0,0
1763944858235,0,DELETE,200,OK,TESTES 1-98,text,true,,165,211,1,1,http://localhost:8081/users/108,0,0,0
1763944858277,0,Healthcheck,200,OK,TESTES 1-99,text,true,,176,127,1,1,http://localhost:8081/healthcheck,0,0,0
1763944858277,48,POST,201,Created,TESTES 1-99,text,true,,341,376,1,1,http://localhost:8081/users,48,0,0
1763944858325,0,GET ID,200,OK,TESTES 1-99,text,true,,422,125,1,1,http://localhost:8081/users/109,0,0,0
1763944858325,1,PUT,200,OK,TESTES 1-99,text,true,,408,320,1,1,http://localhost:8081/users/109,1,0,0
1763944858326,1,GET,200,OK,TESTES 1-99,text,true,,2919,121,1,1,http://localhost:8081/users,1,0,0
1763944858327,0,DELETE,200,OK,TESTES 1-99,text,true,,165,211,1,1,http://localhost:8081/users/109,0,0,0
1763944858378,1,Healthcheck,200,OK,TESTES 1-100,text,true,,176,127,1,1,http://localhost:8081/healthcheck,1,0,0
1763944858379,63,POST,201,Created,TESTES 1-100,text,true,,341,376,1,1,http://localhost:8081/users,63,0,0
1763944858442,1,GET ID,200,OK,TESTES 1-100,text,true,,424,125,1,1,http://localhost:8081/users/110,1,0,0
1763944858443,2,PUT,200,OK,TESTES 1-100,text,true,,409,320,1,1,http://localhost:8081/users/110,2,0,0
1763944858445,0,GET,200,OK,TESTES 1-100,text,true,,2920,121,1,1,http://localhost:8081/users,0,0,0
1763944858445,2,DELETE,200,OK,TESTES 1-100,text,true,,165,211,1,1,http://localhost:8081/users/110,2,0,0
1763945033685,1,Healthcheck,200,OK,TESTES 1-1,text,true,,176,127,1,1,http://localhost:8081/healthcheck,1,0,0
1763945033686,52,POST,201,Created,TESTES 1-1,text,true,,340,376,1,1,http://localhost:8081/users,52,0,0
1763945033738,1,GET ID,200,OK,TESTES 1-1,text,true,,423,124,1,1,http://localhost:8081/users/11,1,0,0
1763945033739,2,PUT,200,OK,TESTES 1-1,text,true,,408,319,1,1,http://localhost:8081/users/11,2,0,0
1763945033741,1,GET,200,OK,TESTES 1-1,text,true,,2939,121,1,1,http://localhost:8081/users,1,0,0
1763945033742,1,DELETE,200,OK,TESTES 1-1,text,true,,165,210,1,1,http://localhost:8081/users/11,1,0,0
1763945033743,0,Healthcheck,200,OK,TESTES 1-1,text,true,,176,127,1,1,http://localhost:8081/healthcheck,0,0,0
1763945033743,41,POST,201,Created,TESTES 1-1,text,true,,340,376,1,1,http://localhost:8081/users,41,0,0
1763945033784,1,GET ID,200,OK,TESTES 1-1,text,true,,423,124,2,2,http://localhost:8081/users/12,1,0,0
1763945033785,0,Healthcheck,200,OK,TESTES 1-2,text,true,,176,127,2,2,http://localhost:8081/healthcheck,0,0,0
1763945033785,1,PUT,200,OK,TESTES 1-1,text,true,,408,319,2,2,http://localhost:8081/users/12,1,0,0
1763945033786,0,GET,200,OK,TESTES 1-1,text,true,,2939,121,2,2,http://localhost:8081/users,0,0,0
1763945033786,1,DELETE,200,OK,TESTES 1-1,text,true,,165,210,2,2,http://localhost:8081/users/12,1,0,0
1763945033785,43,POST,201,Created,TESTES 1-2,text,true,,340,376,1,1,http://localhost:8081/users,43,0,0
1763945033829,0,GET ID,200,OK,TESTES 1-2,text,true,,423,124,1,1,http://localhost:8081/users/13,0,0,0
1763945033829,1,PUT,200,OK,TESTES 1-2,text,true,,407,318,1,1,http://localhost:8081/users/13,1,0,0
1763945033830,1,GET,200,OK,TESTES 1-2,text,true,,2938,121,1,1,http://localhost:8081/users,1,0,0
1763945033831,0,DELETE,200,OK,TESTES 1-2,text,true,,165,210,1,1,http://localhost:8081/users/13,0,0,0
1763945033831,0,Healthcheck,200,OK,TESTES 1-2,text,true,,176,127,1,1,http://localhost:8081/healthcheck,0,0,0
1763945033832,40,POST,201,Created,TESTES 1-2,text,true,,340,376,1,1,http://localhost:8081/users,39,0,0
1763945033872,0,GET ID,200,OK,TESTES 1-2,text,true,,423,124,1,1,http://localhost:8081/users/14,0,0,0
1763945033872,1,PUT,200,OK,TESTES 1-2,text,true,,407,318,1,1,http://localhost:8081/users/14,1,0,0
1763945033873,0,GET,200,OK,TESTES 1-2,text,true,,2938,121,1,1,http://localhost:8081/users,0,0,0
1763945033873,1,DELETE,200,OK,TESTES 1-2,text,true,,165,210,1,1,http://localhost:8081/users/14,1,0,0
1763945033885,0,Healthcheck,200,OK,TESTES 1-3,text,true,,176,127,1,1,http://localhost:8081/healthcheck,0,0,0
1763945033885,41,POST,201,Created,TESTES 1-3,text,true,,340,376,1,1,http://localhost:8081/users,41,0,0
1763945033927,0,GET ID,200,OK,TESTES 1-3,text,true,,423,124,1,1,http://localhost:8081/users/15,0,0,0
1763945033927,1,PUT,200,OK,TESTES 1-3,text,true,,408,319,1,1,http://localhost:8081/users/15,1,0,0
1763945033928,1,GET,200,OK,TESTES 1-3,text,true,,2939,121,1,1,http://localhost:8081/users,1,0,0
1763945033929,0,DELETE,200,OK,TESTES 1-3,text,true,,165,210,1,1,http://localhost:8081/users/15,0,0,0
1763945033930,0,Healthcheck,200,OK,TESTES 1-3,text,true,,176,127,1,1,http://localhost:8081/healthcheck,0,0,0
1763945033930,39,POST,201,Created,TESTES 1-3,text,true,,340,375,1,1,http://localhost:8081/users,39,0,0
1763945033970,0,GET ID,200,OK,TESTES 1-3,text,true,,423,124,1,1,http://localhost:8081/users/16,0,0,0
1763945033970,1,PUT,200,OK,TESTES 1-3,text,true,,408,319,1,1,http://localhost:8081/users/16,1,0,0
1763945033971,0,GET,200,OK,TESTES 1-3,text,true,,2939,121,1,1,http://localhost:8081/users,0,0,0
1763945033971,1,DELETE,200,OK,TESTES 1-3,text,true,,165,210,1,1,http://localhost:8081/users/16,1,0,0
1763945033985,0,Healthcheck,200,OK,TESTES 1-4,text,true,,176,127,1,1,http://localhost:8081/healthcheck,0,0,0
1763945033985,45,POST,201,Created,TESTES 1-4,text,true,,338,374,1,1,http://localhost:8081/users,45,0,0
1763945034030,1,GET ID,200,OK,TESTES 1-4,text,true,,421,124,1,1,http://localhost:8081/users/17,1,0,0
1763945034031,1,PUT,200,OK,TESTES 1-4,text,true,,408,319,1,1,http://localhost:8081/users/17,1,0,0
1763945034032,0,GET,200,OK,TESTES 1-4,text,true,,2939,121,1,1,http://localhost:8081/users,0,0,0
1763945034032,1,DELETE,200,OK,TESTES 1-4,text,true,,165,210,1,1,http://localhost:8081/users/17,1,0,0
1763945034033,0,Healthcheck,200,OK,TESTES 1-4,text,true,,176,127,1,1,http://localhost:8081/healthcheck,0,0,0
1763945034033,40,POST,201,Created,TESTES 1-4,text,true,,340,376,1,1,http://localhost:8081/users,40,0,0
1763945034073,1,GET ID,200,OK,TESTES 1-4,text,true,,423,124,1,1,http://localhost:8081/users/18,1,0,0
1763945034074,1,PUT,200,OK,TESTES 1-4,text,true,,408,319,1,1,http://localhost:8081/users/18,1,0,0
1763945034075,0,GET,200,OK,TESTES 1-4,text,true,,2939,121,1,1,http://localhost:8081/users,0,0,0
1763945034075,1,DELETE,200,OK,TESTES 1-4,text,true,,165,210,1,1,http://localhost:8081/users/18,1,0,0
1763945034084,0,Healthcheck,200,OK,TESTES 1-5,text,true,,176,127,1,1,http://localhost:8081/healthcheck,0,0,0
1763945034084,41,POST,201,Created,TESTES 1-5,text,true,,340,376,1,1,http://localhost:8081/users,41,0,0
1763945034126,0,GET ID,200,OK,TESTES 1-5,text,true,,423,124,1,1,http://localhost:8081/users/19,0,0,0
1763945034126,1,PUT,200,OK,TESTES 1-5,text,true,,408,319,1,1,http://localhost:8081/users/19,1,0,0
1763945034127,0,GET,200,OK,TESTES 1-5,text,true,,2939,121,1,1,http://localhost:8081/users,0,0,0
1763945034127,1,DELETE,200,OK,TESTES 1-5,text,true,,165,210,1,1,http://localhost:8081/users/19,1,0,0
1763945034128,0,Healthcheck,200,OK,TESTES 1-5,text,true,,176,127,1,1,http://localhost:8081/healthcheck,0,0,0
1763945034128,40,POST,201,Created,TESTES 1-5,text,true,,340,376,1,1,http://localhost:8081/users,40,0,0
1763945034168,1,GET ID,200,OK,TESTES 1-5,text,true,,423,124,1,1,http://localhost:8081/users/20,1,0,0
1763945034169,1,PUT,200,OK,TESTES 1-5,text,true,,408,319,1,1,http://localhost:8081/users/20,0,0,0
1763945034170,0,GET,200,OK,TESTES 1-5,text,true,,2939,121,1,1,http://localhost:8081/users,0,0,0
1763945034170,0,DELETE,200,OK,TESTES 1-5,text,true,,165,210,1,1,http://localhost:8081/users/20,0,0,0
1763945034184,0,Healthcheck,200,OK,TESTES 1-6,text,true,,176,127,1,1,http://localhost:8081/healthcheck,0,0,0
1763945034184,47,POST,201,Created,TESTES 1-6,text,true,,340,376,1,1,http://localhost:8081/users,47,0,0
1763945034231,1,GET ID,200,OK,TESTES 1-6,text,true,,423,124,1,1,http://localhost:8081/users/21,0,0,0
1763945034232,0,PUT,200,OK,TESTES 1-6,text,true,,407,319,1,1,http://localhost:8081/users/21,0,0,0
1763945034232,1,GET,200,OK,TESTES 1-6,text,true,,2938,121,1,1,http://localhost:8081/users,1,0,0
1763945034233,0,DELETE,200,OK,TESTES 1-6,text,true,,165,210,1,1,http://localhost:8081/users/21,0,0,0
1763945034233,0,Healthcheck,200,OK,TESTES 1-6,text,true,,176,127,1,1,http://localhost:8081/healthcheck,0,0,0
1763945034233,39,POST,201,Created,TESTES 1-6,text,true,,339,375,1,1,http://localhost:8081/users,39,0,0
1763945034273,0,GET ID,200,OK,TESTES 1-6,text,true,,422,124,1,1,http://localhost:8081/users/22,0,0,0
1763945034273,1,PUT,200,OK,TESTES 1-6,text,true,,407,319,1,1,http://localhost:8081/users/22,1,0,0
1763945034274,0,GET,200,OK,TESTES 1-6,text,true,,2938,121,1,1,http://localhost:8081/users,0,0,0
1763945034274,1,DELETE,200,OK,TESTES 1-6,text,true,,165,210,1,1,http://localhost:8081/users/22,1,0,0
1763945034284,0,Healthcheck,200,OK,TESTES 1-7,text,true,,176,127,1,1,http://localhost:8081/healthcheck,0,0,0
1763945034284,43,POST,201,Created,TESTES 1-7,text,true,,339,375,1,1,http://localhost:8081/users,43,0,0
1763945034327,0,GET ID,200,OK,TESTES 1-7,text,true,,422,124,1,1,http://localhost:8081/users/23,0,0,0
1763945034327,1,PUT,200,OK,TESTES 1-7,text,true,,408,319,1,1,http://localhost:8081/users/23,1,0,0
1763945034328,0,GET,200,OK,TESTES 1-7,text,true,,2939,121,1,1,http://localhost:8081/users,0,0,0
1763945034328,1,DELETE,200,OK,TESTES 1-7,text,true,,165,210,1,1,http://localhost:8081/users/23,1,0,0
1763945034329,0,Healthcheck,200,OK,TESTES 1-7,text,true,,176,127,1,1,http://localhost:8081/healthcheck,0,0,0
1763945034329,42,POST,201,Created,TESTES 1-7,text,true,,340,376,1,1,http://localhost:8081/users,42,0,0
1763945034372,0,GET ID,200,OK,TESTES 1-7,text,true,,423,124,1,1,http://localhost:8081/users/24,0,0,0
1763945034372,1,PUT,200,OK,TESTES 1-7,text,true,,407,318,1,1,http://localhost:8081/users/24,1,0,0
1763945034373,0,GET,200,OK,TESTES 1-7,text,true,,2938,121,1,1,http://localhost:8081/users,0,0,0
1763945034373,1,DELETE,200,OK,TESTES 1-7,text,true,,165,210,1,1,http://localhost:8081/users/24,1,0,0
1763945034384,1,Healthcheck,200,OK,TESTES 1-8,text,true,,176,127,1,1,http://localhost:8081/healthcheck,1,0,0
1763945034385,43,POST,201,Created,TESTES 1-8,text,true,,340,376,1,1,http://localhost:8081/users,43,0,0
1763945034428,0,GET ID,200,OK,TESTES 1-8,text,true,,423,124,1,1,http://localhost:8081/users/25,0,0,0
1763945034429,0,PUT,200,OK,TESTES 1-8,text,true,,408,319,1,1,http://localhost:8081/users/25,0,0,0
1763945034429,1,GET,200,OK,TESTES 1-8,text,true,,2939,121,1,1,http://localhost:8081/users,1,0,0
1763945034430,0,DELETE,200,OK,TESTES 1-8,text,true,,165,210,1,1,http://localhost:8081/users/25,0,0,0
1763945034430,0,Healthcheck,200,OK,TESTES 1-8,text,true,,176,127,1,1,http://localhost:8081/healthcheck,0,0,0
1763945034430,42,POST,201,Created,TESTES 1-8,text,true,,340,376,1,1,http://localhost:8081/users,42,0,0
1763945034472,0,GET ID,200,OK,TESTES 1-8,text,true,,421,124,1,1,http://localhost:8081/users/26,0,0,0
1763945034473,0,PUT,200,OK,TESTES 1-8,text,true,,405,317,1,1,http://localhost:8081/users/26,0,0,0
1763945034473,1,GET,200,OK,TESTES 1-8,text,true,,2936,121,1,1,http://localhost:8081/users,1,0,0
1763945034474,1,DELETE,200,OK,TESTES 1-8,text,true,,165,210,1,1,http://localhost:8081/users/26,1,0,0
1763945034484,1,Healthcheck,200,OK,TESTES 1-9,text,true,,176,127,1,1,http://localhost:8081/healthcheck,1,0,0
1763945034485,45,POST,201,Created,TESTES 1-9,text,true,,340,376,1,1,http://localhost:8081/users,45,0,0
1763945034531,0,GET ID,200,OK,TESTES 1-9,text,true,,423,124,1,1,http://localhost:8081/users/27,0,0,0
1763945034531,1,PUT,200,OK,TESTES 1-9,text,true,,408,319,1,1,http://localhost:8081/users/27,1,0,0
1763945034532,0,GET,200,OK,TESTES 1-9,text,true,,2939,121,1,1,http://localhost:8081/users,0,0,0
1763945034532,1,DELETE,200,OK,TESTES 1-9,text,true,,165,210,1,1,http://localhost:8081/users/27,1,0,0
1763945034533,0,Healthcheck,200,OK,TESTES 1-9,text,true,,176,127,1,1,http://localhost:8081/healthcheck,0,0,0
1763945034533,40,POST,201,Created,TESTES 1-9,text,true,,340,376,1,1,http://localhost:8081/users,40,0,0
1763945034573,1,GET ID,200,OK,TESTES 1-9,text,true,,423,124,1,1,http://localhost:8081/users/28,1,0,0
1763945034574,0,PUT,200,OK,TESTES 1-9,text,true,,407,319,1,1,http://localhost:8081/users/28,0,0,0
1763945034574,1,GET,200,OK,TESTES 1-9,text,true,,2938,121,1,1,http://localhost:8081/users,1,0,0
1763945034575,0,DELETE,200,OK,TESTES 1-9,text,true,,165,210,1,1,http://localhost:8081/users/28,0,0,0
1763945034584,1,Healthcheck,200,OK,TESTES 1-10,text,true,,176,127,1,1,http://localhost:8081/healthcheck,1,0,0
1763945034585,41,POST,201,Created,TESTES 1-10,text,true,,340,376,1,1,http://localhost:8081/users,41,0,0
1763945034626,0,GET ID,200,OK,TESTES 1-10,text,true,,423,124,1,1,http://localhost:8081/users/29,0,0,0
1763945034626,1,PUT,200,OK,TESTES 1-10,text,true,,408,319,1,1,http://localhost:8081/users/29,1,0,0
1763945034627,0,GET,200,OK,TESTES 1-10,text,true,,2939,121,1,1,http://localhost:8081/users,0,0,0
1763945034627,1,DELETE,200,OK,TESTES 1-10,text,true,,165,210,1,1,http://localhost:8081/users/29,1,0,0
1763945034628,0,Healthcheck,200,OK,TESTES 1-10,text,true,,176,127,1,1,http://localhost:8081/healthcheck,0,0,0
1763945034628,40,POST,201,Created,TESTES 1-10,text,true,,340,376,1,1,http://localhost:8081/users,40,0,0
1763945034669,0,GET ID,200,OK,TESTES 1-10,text,true,,423,124,1,1,http://localhost:8081/users/30,0,0,0
1763945034669,1,PUT,200,OK,TESTES 1-10,text,true,,408,319,1,1,http://localhost:8081/users/30,1,0,0
1763945034670,0,GET,200,OK,TESTES 1-10,text,true,,2939,121,1,1,http://localhost:8081/users,0,0,0
1763945034670,1,DELETE,200,OK,TESTES 1-10,text,true,,165,210,1,1,http://localhost:8081/users/30,1,0,0
1763945034684,1,Healthcheck,200,OK,TESTES 1-11,text,true,,176,127,1,1,http://localhost:8081/healthcheck,1,0,0
1763945034685,49,POST,201,Created,TESTES 1-11,text,true,,340,376,1,1,http://localhost:8081/users,49,0,0
1763945034735,0,GET ID,200,OK,TESTES 1-11,text,true,,421,124,1,1,http://localhost:8081/users/31,0,0,0
1763945034735,1,PUT,200,OK,TESTES 1-11,text,true,,407,319,1,1,http://localhost:8081/users/31,1,0,0
1763945034736,0,GET,200,OK,TESTES 1-11,text,true,,2938,121,1,1,http://localhost:8081/users,0,0,0
1763945034736,1,DELETE,200,OK,TESTES 1-11,text,true,,165,210,1,1,http://localhost:8081/users/31,1,0,0
1763945034737,0,Healthcheck,200,OK,TESTES 1-11,text,true,,176,127,1,1,http://localhost:8081/healthcheck,0,0,0
1763945034737,41,POST,201,Created,TESTES 1-11,text,true,,339,374,1,1,http://localhost:8081/users,41,0,0
1763945034778,1,GET ID,200,OK,TESTES 1-11,text,true,,422,124,1,1,http://localhost:8081/users/32,1,0,0
1763945034779,1,PUT,200,OK,TESTES 1-11,text,true,,408,319,1,1,http://localhost:8081/users/32,1,0,0
1763945034780,0,GET,200,OK,TESTES 1-11,text,true,,2939,121,1,1,http://localhost:8081/users,0,0,0
1763945034780,1,DELETE,200,OK,TESTES 1-11,text,true,,165,210,1,1,http://localhost:8081/users/32,1,0,0
1763945034784,1,Healthcheck,200,OK,TESTES 1-12,text,true,,176,127,1,1,http://localhost:8081/healthcheck,1,0,0
1763945034785,47,POST,201,Created,TESTES 1-12,text,true,,340,376,1,1,http://localhost:8081/users,47,0,0
1763945034832,0,GET ID,200,OK,TESTES 1-12,text,true,,423,124,1,1,http://localhost:8081/users/33,0,0,0
1763945034832,1,PUT,200,OK,TESTES 1-12,text,true,,408,319,1,1,http://localhost:8081/users/33,1,0,0
1763945034833,0,GET,200,OK,TESTES 1-12,text,true,,2939,121,1,1,http://localhost:8081/users,0,0,0
1763945034833,1,DELETE,200,OK,TESTES 1-12,text,true,,165,210,1,1,http://localhost:8081/users/33,1,0,0
1763945034834,0,Healthcheck,200,OK,TESTES 1-12,text,true,,176,127,1,1,http://localhost:8081/healthcheck,0,0,0
1763945034834,40,POST,201,Created,TESTES 1-12,text,true,,340,376,1,1,http://localhost:8081/users,40,0,0
1763945034874,0,GET ID,200,OK,TESTES 1-12,text,true,,423,124,1,1,http://localhost:8081/users/34,0,0,0
1763945034874,1,PUT,200,OK,TESTES 1-12,text,true,,408,319,1,1,http://localhost:8081/users/34,1,0,0
1763945034875,0,GET,200,OK,TESTES 1-12,text,true,,2939,121,1,1,http://localhost:8081/users,0,0,0
1763945034875,1,DELETE,200,OK,TESTES 1-12,text,true,,165,210,1,1,http://localhost:8081/users/34,1,0,0
1763945034884,1,Healthcheck,200,OK,TESTES 1-13,text,true,,176,127,1,1,http://localhost:8081/healthcheck,1,0,0
1763945034885,40,POST,201,Created,TESTES 1-13,text,true,,340,375,1,1,http://localhost:8081/users,40,0,0
1763945034925,1,GET ID,200,OK,TESTES 1-13,text,true,,423,124,1,1,http://localhost:8081/users/35,1,0,0
1763945034926,0,PUT,200,OK,TESTES 1-13,text,true,,408,319,1,1,http://localhost:8081/users/35,0,0,0
1763945034926,1,GET,200,OK,TESTES 1-13,text,true,,2939,121,1,1,http://localhost:8081/users,1,0,0
1763945034927,0,DELETE,200,OK,TESTES 1-13,text,true,,165,210,1,1,http://localhost:8081/users/35,0,0,0
1763945034927,0,Healthcheck,200,OK,TESTES 1-13,text,true,,176,127,1,1,http://localhost:8081/healthcheck,0,0,0
1763945034927,40,POST,201,Created,TESTES 1-13,text,true,,340,375,1,1,http://localhost:8081/users,40,0,0
1763945034967,1,GET ID,200,OK,TESTES 1-13,text,true,,423,124,1,1,http://localhost:8081/users/36,1,0,0
1763945034968,0,PUT,200,OK,TESTES 1-13,text,true,,408,319,1,1,http://localhost:8081/users/36,0,0,0
1763945034969,0,GET,200,OK,TESTES 1-13,text,true,,2939,121,1,1,http://localhost:8081/users,0,0,0
1763945034969,1,DELETE,200,OK,TESTES 1-13,text,true,,165,210,1,1,http://localhost:8081/users/36,1,0,0
1763945034984,1,Healthcheck,200,OK,TESTES 1-14,text,true,,176,127,1,1,http://localhost:8081/healthcheck,1,0,1
1763945034985,45,POST,201,Created,TESTES 1-14,text,true,,338,374,1,1,http://localhost:8081/users,45,0,0
1763945035030,1,GET ID,200,OK,TESTES 1-14,text,true,,421,124,1,1,http://localhost:8081/users/37,1,0,0
1763945035031,1,PUT,200,OK,TESTES 1-14,text,true,,407,319,1,1,http://localhost:8081/users/37,1,0,0
1763945035032,0,GET,200,OK,TESTES 1-14,text,true,,2938,121,1,1,http://localhost:8081/users,0,0,0
1763945035032,0,DELETE,200,OK,TESTES 1-14,text,true,,165,210,1,1,http://localhost:8081/users/37,0,0,0
1763945035032,0,Healthcheck,200,OK,TESTES 1-14,text,true,,176,127,1,1,http://localhost:8081/healthcheck,0,0,0
1763945035032,40,POST,201,Created,TESTES 1-14,text,true,,340,376,1,1,http://localhost:8081/users,40,0,0
1763945035072,1,GET ID,200,OK,TESTES 1-14,text,true,,423,124,1,1,http://localhost:8081/users/38,1,0,0
1763945035073,1,PUT,200,OK,TESTES 1-14,text,true,,408,319,1,1,http://localhost:8081/users/38,1,0,0
1763945035074,0,GET,200,OK,TESTES 1-14,text,true,,2939,121,1,1,http://localhost:8081/users,0,0,0
1763945035074,0,DELETE,200,OK,TESTES 1-14,text,true,,165,210,1,1,http://localhost:8081/users/38,0,0,0
1763945035084,1,Healthcheck,200,OK,TESTES 1-15,text,true,,176,127,1,1,http://localhost:8081/healthcheck,1,0,1
1763945035085,45,POST,201,Created,TESTES 1-15,text,true,,339,375,1,1,http://localhost:8081/users,45,0,0
1763945035130,0,GET ID,200,OK,TESTES 1-15,text,true,,422,124,1,1,http://localhost:8081/users/39,0,0,0
1763945035130,1,PUT,200,OK,TESTES 1-15,text,true,,408,319,1,1,http://localhost:8081/users/39,1,0,0
1763945035131,0,GET,200,OK,TESTES 1-15,text,true,,2939,121,1,1,http://localhost:8081/users,0,0,0
1763945035131,1,DELETE,200,OK,TESTES 1-15,text,true,,165,210,1,1,http://localhost:8081/users/39,1,0,0
1763945035132,0,Healthcheck,200,OK,TESTES 1-15,text,true,,176,127,1,1,http://localhost:8081/healthcheck,0,0,0
1763945035132,48,POST,201,Created,TESTES 1-15,text,true,,340,376,1,1,http://localhost:8081/users,48,0,0
1763945035180,1,GET ID,200,OK,TESTES 1-15,text,true,,423,124,1,1,http://localhost:8081/users/40,1,0,0
1763945035181,1,PUT,200,OK,TESTES 1-15,text,true,,408,319,1,1,http://localhost:8081/users/40,1,0,0
1763945035182,0,GET,200,OK,TESTES 1-15,text,true,,2939,121,1,1,http://localhost:8081/users,0,0,0
1763945035182,1,DELETE,200,OK,TESTES 1-15,text,true,,165,210,1,1,http://localhost:8081/users/40,1,0,0
1763945035184,1,Healthcheck,200,OK,TESTES 1-16,text,true,,176,127,1,1,http://localhost:8081/healthcheck,1,0,1
1763945035185,49,POST,201,Created,TESTES 1-16,text,true,,339,375,1,1,http://localhost:8081/users,49,0,0
1763945035234,0,GET ID,200,OK,TESTES 1-16,text,true,,422,124,1,1,http://localhost:8081/users/41,0,0,0
1763945035234,1,PUT,200,OK,TESTES 1-16,text,true,,408,319,1,1,http://localhost:8081/users/41,1,0,0
1763945035235,1,GET,200,OK,TESTES 1-16,text,true,,2939,121,1,1,http://localhost:8081/users,1,0,0
1763945035236,0,DELETE,200,OK,TESTES 1-16,text,true,,165,210,1,1,http://localhost:8081/users/41,0,0,0
1763945035236,0,Healthcheck,200,OK,TESTES 1-16,text,true,,176,127,1,1,http://localhost:8081/healthcheck,0,0,0
1763945035236,40,POST,201,Created,TESTES 1-16,text,true,,340,376,1,1,http://localhost:8081/users,40,0,0
1763945035276,1,GET ID,200,OK,TESTES 1-16,text,true,,423,124,1,1,http://localhost:8081/users/42,1,0,0
1763945035277,1,PUT,200,OK,TESTES 1-16,text,true,,408,319,1,1,http://localhost:8081/users/42,1,0,0
1763945035278,0,GET,200,OK,TESTES 1-16,text,true,,2939,121,1,1,http://localhost:8081/users,0,0,0
1763945035278,1,DELETE,200,OK,TESTES 1-16,text,true,,165,210,1,1,http://localhost:8081/users/42,1,0,0
1763945035284,1,Healthcheck,200,OK,TESTES 1-17,text,true,,176,127,1,1,http://localhost:8081/healthcheck,1,0,1
1763945035285,41,POST,201,Created,TESTES 1-17,text,true,,340,376,1,1,http://localhost:8081/users,41,0,0
1763945035326,1,GET ID,200,OK,TESTES 1-17,text,true,,423,124,1,1,http://localhost:8081/users/43,1,0,0
1763945035327,0,PUT,200,OK,TESTES 1-17,text,true,,407,318,1,1,http://localhost:8081/users/43,0,0,0
1763945035327,1,GET,200,OK,TESTES 1-17,text,true,,2938,121,1,1,http://localhost:8081/users,1,0,0
1763945035328,0,DELETE,200,OK,TESTES 1-17,text,true,,165,210,1,1,http://localhost:8081/users/43,0,0,0
1763945035328,0,Healthcheck,200,OK,TESTES 1-17,text,true,,176,127,1,1,http://localhost:8081/healthcheck,0,0,0
1763945035328,41,POST,201,Created,TESTES 1-17,text,true,,340,376,1,1,http://localhost:8081/users,41,0,0
1763945035369,1,GET ID,200,OK,TESTES 1-17,text,true,,423,124,1,1,http://localhost:8081/users/44,1,0,0
1763945035370,1,PUT,200,OK,TESTES 1-17,text,true,,408,319,1,1,http://localhost:8081/users/44,1,0,0
1763945035371,0,GET,200,OK,TESTES 1-17,text,true,,2939,121,1,1,http://localhost:8081/users,0,0,0
1763945035371,1,DELETE,200,OK,TESTES 1-17,text,true,,165,210,1,1,http://localhost:8081/users/44,1,0,0
1763945035384,0,Healthcheck,200,OK,TESTES 1-18,text,true,,176,127,1,1,http://localhost:8081/healthcheck,0,0,0
1763945035384,43,POST,201,Created,TESTES 1-18,text,true,,340,376,1,1,http://localhost:8081/users,43,0,0
1763945035427,0,GET ID,200,OK,TESTES 1-18,text,true,,423,124,1,1,http://localhost:8081/users/45,0,0,0
1763945035428,1,PUT,200,OK,TESTES 1-18,text,true,,407,319,1,1,http://localhost:8081/users/45,1,0,0
1763945035429,0,GET,200,OK,TESTES 1-18,text,true,,2938,121,1,1,http://localhost:8081/users,0,0,0
1763945035429,1,DELETE,200,OK,TESTES 1-18,text,true,,165,210,1,1,http://localhost:8081/users/45,1,0,0
1763945035430,0,Healthcheck,200,OK,TESTES 1-18,text,true,,176,127,1,1,http://localhost:8081/healthcheck,0,0,0
1763945035430,44,POST,201,Created,TESTES 1-18,text,true,,340,376,1,1,http://localhost:8081/users,44,0,0
1763945035474,1,GET ID,200,OK,TESTES 1-18,text,true,,423,124,1,1,http://localhost:8081/users/46,1,0,0
1763945035475,1,PUT,200,OK,TESTES 1-18,text,true,,408,319,1,1,http://localhost:8081/users/46,1,0,0
1763945035476,0,GET,200,OK,TESTES 1-18,text,true,,2939,121,1,1,http://localhost:8081/users,0,0,0
1763945035476,1,DELETE,200,OK,TESTES 1-18,text,true,,165,210,1,1,http://localhost:8081/users/46,1,0,0
1763945035485,0,Healthcheck,200,OK,TESTES 1-19,text,true,,176,127,1,1,http://localhost:8081/healthcheck,0,0,0
1763945035485,49,POST,201,Created,TESTES 1-19,text,true,,340,376,1,1,http://localhost:8081/users,49,0,0
1763945035534,1,GET ID,200,OK,TESTES 1-19,text,true,,423,124,1,1,http://localhost:8081/users/47,1,0,0
1763945035535,1,PUT,200,OK,TESTES 1-19,text,true,,408,319,1,1,http://localhost:8081/users/47,1,0,0
1763945035536,0,GET,200,OK,TESTES 1-19,text,true,,2939,121,1,1,http://localhost:8081/users,0,0,0
1763945035536,1,DELETE,200,OK,TESTES 1-19,text,true,,165,210,1,1,http://localhost:8081/users/47,1,0,0
1763945035537,0,Healthcheck,200,OK,TESTES 1-19,text,true,,176,127,1,1,http://localhost:8081/healthcheck,0,0,0
1763945035537,40,POST,201,Created,TESTES 1-19,text,true,,340,375,1,1,http://localhost:8081/users,40,0,0
1763945035577,0,GET ID,200,OK,TESTES 1-19,text,true,,423,124,1,1,http://localhost:8081/users/48,0,0,0
1763945035577,1,PUT,200,OK,TESTES 1-19,text,true,,408,319,1,1,http://localhost:8081/users/48,1,0,0
1763945035578,0,GET,200,OK,TESTES 1-19,text,true,,2939,121,1,1,http://localhost:8081/users,0,0,0
1763945035578,0,DELETE,200,OK,TESTES 1-19,text,true,,165,210,1,1,http://localhost:8081/users/48,0,0,0
1763945035585,0,Healthcheck,200,OK,TESTES 1-20,text,true,,176,127,1,1,http://localhost:8081/healthcheck,0,0,0
1763945035585,43,POST,201,Created,TESTES 1-20,text,true,,340,376,1,1,http://localhost:8081/users,43,0,0
1763945035628,0,GET ID,200,OK,TESTES 1-20,text,true,,423,124,1,1,http://localhost:8081/users/49,0,0,0
1763945035628,1,PUT,200,OK,TESTES 1-20,text,true,,407,318,1,1,http://localhost:8081/users/49,1,0,0
1763945035629,0,GET,200,OK,TESTES 1-20,text,true,,2938,121,1,1,http://localhost:8081/users,0,0,0
1763945035629,1,DELETE,200,OK,TESTES 1-20,text,true,,165,210,1,1,http://localhost:8081/users/49,1,0,0
1763945035630,0,Healthcheck,200,OK,TESTES 1-20,text,true,,176,127,1,1,http://localhost:8081/healthcheck,0,0,0
1763945035630,40,POST,201,Created,TESTES 1-20,text,true,,339,375,1,1,http://localhost:8081/users,40,0,0
1763945035670,0,GET ID,200,OK,TESTES 1-20,text,true,,422,124,1,1,http://localhost:8081/users/50,0,0,0
1763945035670,1,PUT,200,OK,TESTES 1-20,text,true,,408,319,1,1,http://localhost:8081/users/50,1,0,0
1763945035671,0,GET,200,OK,TESTES 1-20,text,true,,2939,121,1,1,http://localhost:8081/users,0,0,0
1763945035671,1,DELETE,200,OK,TESTES 1-20,text,true,,165,210,1,1,http://localhost:8081/users/50,1,0,0
1763945035684,0,Healthcheck,200,OK,TESTES 1-21,text,true,,176,127,1,1,http://localhost:8081/healthcheck,0,0,0
1763945035684,40,POST,201,Created,TESTES 1-21,text,true,,339,374,1,1,http://localhost:8081/users,40,0,0
1763945035724,1,GET ID,200,OK,TESTES 1-21,text,true,,422,124,1,1,http://localhost:8081/users/51,1,0,0
1763945035725,1,PUT,200,OK,TESTES 1-21,text,true,,408,319,1,1,http://localhost:8081/users/51,1,0,0
1763945035726,0,GET,200,OK,TESTES 1-21,text,true,,2939,121,1,1,http://localhost:8081/users,0,0,0
1763945035726,1,DELETE,200,OK,TESTES 1-21,text,true,,165,210,1,1,http://localhost:8081/users/51,1,0,0
1763945035727,0,Healthcheck,200,OK,TESTES 1-21,text,true,,176,127,1,1,http://localhost:8081/healthcheck,0,0,0
1763945035727,40,POST,201,Created,TESTES 1-21,text,true,,340,376,1,1,http://localhost:8081/users,40,0,0
1763945035767,0,GET ID,200,OK,TESTES 1-21,text,true,,423,124,1,1,http://localhost:8081/users/52,0,0,0
1763945035767,1,PUT,200,OK,TESTES 1-21,text,true,,406,318,1,1,http://localhost:8081/users/52,1,0,0
1763945035768,0,GET,200,OK,TESTES 1-21,text,true,,2937,121,1,1,http://localhost:8081/users,0,0,0
1763945035768,1,DELETE,200,OK,TESTES 1-21,text,true,,165,210,1,1,http://localhost:8081/users/52,1,0,0
1763945035784,0,Healthcheck,200,OK,TESTES 1-22,text,true,,176,127,1,1,http://localhost:8081/healthcheck,0,0,0
1763945035784,41,POST,201,Created,TESTES 1-22,text,true,,340,376,1,1,http://localhost:8081/users,41,0,0
1763945035825,0,GET ID,200,OK,TESTES 1-22,text,true,,421,124,1,1,http://localhost:8081/users/53,0,0,0
1763945035825,1,PUT,200,OK,TESTES 1-22,text,true,,407,319,1,1,http://localhost:8081/users/53,1,0,0
1763945035826,0,GET,200,OK,TESTES 1-22,text,true,,2938,121,1,1,http://localhost:8081/users,0,0,0
1763945035826,1,DELETE,200,OK,TESTES 1-22,text,true,,165,210,1,1,http://localhost:8081/users/53,1,0,0
1763945035827,0,Healthcheck,200,OK,TESTES 1-22,text,true,,176,127,1,1,http://localhost:8081/healthcheck,0,0,0
1763945035827,40,POST,201,Created,TESTES 1-22,text,true,,340,376,1,1,http://localhost:8081/users,40,0,0
1763945035867,0,GET ID,200,OK,TESTES 1-22,text,true,,423,124,1,1,http://localhost:8081/users/54,0,0,0
1763945035868,0,PUT,200,OK,TESTES 1-22,text,true,,408,319,1,1,http://localhost:8081/users/54,0,0,0
1763945035869,0,GET,200,OK,TESTES 1-22,text,true,,2939,121,1,1,http://localhost:8081/users,0,0,0
1763945035869,0,DELETE,200,OK,TESTES 1-22,text,true,,165,210,1,1,http://localhost:8081/users/54,0,0,0
1763945035884,1,Healthcheck,200,OK,TESTES 1-23,text,true,,176,127,1,1,http://localhost:8081/healthcheck,1,0,0
1763945035885,46,POST,201,Created,TESTES 1-23,text,true,,340,376,1,1,http://localhost:8081/users,46,0,0
1763945035931,1,GET ID,200,OK,TESTES 1-23,text,true,,423,124,1,1,http://localhost:8081/users/55,1,0,0
1763945035932,0,PUT,200,OK,TESTES 1-23,text,true,,407,318,1,1,http://localhost:8081/users/55,0,0,0
1763945035932,1,GET,200,OK,TESTES 1-23,text,true,,2938,121,1,1,http://localhost:8081/users,1,0,0
1763945035933,0,DELETE,200,OK,TESTES 1-23,text,true,,165,210,1,1,http://localhost:8081/users/55,0,0,0
1763945035933,0,Healthcheck,200,OK,TESTES 1-23,text,true,,176,127,1,1,http://localhost:8081/healthcheck,0,0,0
1763945035933,48,POST,201,Created,TESTES 1-23,text,true,,340,376,1,1,http://localhost:8081/users,48,0,0
1763945035981,0,GET ID,200,OK,TESTES 1-23,text,true,,423,124,1,1,http://localhost:8081/users/56,0,0,0
1763945035981,1,PUT,200,OK,TESTES 1-23,text,true,,407,318,1,1,http://localhost:8081/users/56,1,0,0
1763945035982,0,GET,200,OK,TESTES 1-23,text,true,,2938,121,1,1,http://localhost:8081/users,0,0,0
1763945035982,1,DELETE,200,OK,TESTES 1-23,text,true,,165,210,1,1,http://localhost:8081/users/56,1,0,0
1763945035984,0,Healthcheck,200,OK,TESTES 1-24,text,true,,176,127,1,1,http://localhost:8081/healthcheck,0,0,0
1763945035984,40,POST,201,Created,TESTES 1-24,text,true,,340,376,1,1,http://localhost:8081/users,40,0,0
1763945036024,1,GET ID,200,OK,TESTES 1-24,text,true,,423,124,1,1,http://localhost:8081/users/57,1,0,0
1763945036025,0,PUT,200,OK,TESTES 1-24,text,true,,408,319,1,1,http://localhost:8081/users/57,0,0,0
1763945036025,1,GET,200,OK,TESTES 1-24,text,true,,2939,121,1,1,http://localhost:8081/users,1,0,0
1763945036026,0,DELETE,200,OK,TESTES 1-24,text,true,,165,210,1,1,http://localhost:8081/users/57,0,0,0
1763945036026,1,Healthcheck,200,OK,TESTES 1-24,text,true,,176,127,1,1,http://localhost:8081/healthcheck,1,0,0
1763945036027,39,POST,201,Created,TESTES 1-24,text,true,,340,376,1,1,http://localhost:8081/users,39,0,0
1763945036066,1,GET ID,200,OK,TESTES 1-24,text,true,,423,124,1,1,http://localhost:8081/users/58,1,0,0
1763945036067,1,PUT,200,OK,TESTES 1-24,text,true,,408,319,1,1,http://localhost:8081/users/58,1,0,0
1763945036068,1,GET,200,OK,TESTES 1-24,text,true,,2939,121,1,1,http://localhost:8081/users,1,0,0
1763945036069,0,DELETE,200,OK,TESTES 1-24,text,true,,165,210,1,1,http://localhost:8081/users/58,0,0,0
1763945036084,1,Healthcheck,200,OK,TESTES 1-25,text,true,,176,127,1,1,http://localhost:8081/healthcheck,1,0,0
1763945036085,43,POST,201,Created,TESTES 1-25,text,true,,340,376,1,1,http://localhost:8081/users,43,0,0
1763945036128,0,GET ID,200,OK,TESTES 1-25,text,true,,423,124,1,1,http://localhost:8081/users/59,0,0,0
1763945036128,1,PUT,200,OK,TESTES 1-25,text,true,,408,319,1,1,http://localhost:8081/users/59,1,0,0
1763945036129,0,GET,200,OK,TESTES 1-25,text,true,,2939,121,1,1,http://localhost:8081/users,0,0,0
1763945036129,1,DELETE,200,OK,TESTES 1-25,text,true,,165,210,1,1,http://localhost:8081/users/59,1,0,0
1763945036130,0,Healthcheck,200,OK,TESTES 1-25,text,true,,176,127,1,1,http://localhost:8081/healthcheck,0,0,0
1763945036130,40,POST,201,Created,TESTES 1-25,text,true,,340,376,1,1,http://localhost:8081/users,40,0,0
1763945036170,0,GET ID,200,OK,TESTES 1-25,text,true,,423,124,1,1,http://localhost:8081/users/60,0,0,0
1763945036171,1,PUT,200,OK,TESTES 1-25,text,true,,406,318,1,1,http://localhost:8081/users/60,1,0,0
1763945036172,0,GET,200,OK,TESTES 1-25,text,true,,2937,121,1,1,http://localhost:8081/users,0,0,0
1763945036172,1,DELETE,200,OK,TESTES 1-25,text,true,,165,210,1,1,http://localhost:8081/users/60,1,0,0
1763945036184,1,Healthcheck,200,OK,TESTES 1-26,text,true,,176,127,1,1,http://localhost:8081/healthcheck,1,0,0
1763945036185,46,POST,201,Created,TESTES 1-26,text,true,,340,376,1,1,http://localhost:8081/users,46,0,0
1763945036232,0,GET ID,200,OK,TESTES 1-26,text,true,,423,124,1,1,http://localhost:8081/users/61,0,0,0
1763945036232,1,PUT,200,OK,TESTES 1-26,text,true,,408,319,1,1,http://localhost:8081/users/61,1,0,0
1763945036233,0,GET,200,OK,TESTES 1-26,text,true,,2939,121,1,1,http://localhost:8081/users,0,0,0
1763945036233,1,DELETE,200,OK,TESTES 1-26,text,true,,165,210,1,1,http://localhost:8081/users/61,1,0,0
1763945036234,0,Healthcheck,200,OK,TESTES 1-26,text,true,,176,127,1,1,http://localhost:8081/healthcheck,0,0,0
1763945036234,40,POST,201,Created,TESTES 1-26,text,true,,340,376,1,1,http://localhost:8081/users,40,0,0
1763945036274,0,GET ID,200,OK,TESTES 1-26,text,true,,423,124,1,1,http://localhost:8081/users/62,0,0,0
1763945036275,1,PUT,200,OK,TESTES 1-26,text,true,,408,319,1,1,http://localhost:8081/users/62,1,0,0
1763945036276,0,GET,200,OK,TESTES 1-26,text,true,,2939,121,1,1,http://localhost:8081/users,0,0,0
1763945036276,1,DELETE,200,OK,TESTES 1-26,text,true,,165,210,1,1,http://localhost:8081/users/62,1,0,0
1763945036284,1,Healthcheck,200,OK,TESTES 1-27,text,true,,176,127,1,1,http://localhost:8081/healthcheck,1,0,0
1763945036285,51,POST,201,Created,TESTES 1-27,text,true,,340,376,1,1,http://localhost:8081/users,51,0,0
1763945036337,0,GET ID,200,OK,TESTES 1-27,text,true,,423,124,1,1,http://localhost:8081/users/63,0,0,0
1763945036337,1,PUT,200,OK,TESTES 1-27,text,true,,408,319,1,1,http://localhost:8081/users/63,1,0,0
1763945036338,1,GET,200,OK,TESTES 1-27,text,true,,2939,121,1,1,http://localhost:8081/users,1,0,0
1763945036339,0,DELETE,200,OK,TESTES 1-27,text,true,,165,210,1,1,http://localhost:8081/users/63,0,0,0
1763945036339,0,Healthcheck,200,OK,TESTES 1-27,text,true,,176,127,1,1,http://localhost:8081/healthcheck,0,0,0
1763945036339,41,POST,201,Created,TESTES 1-27,text,true,,340,376,1,1,http://localhost:8081/users,41,0,0
1763945036380,1,GET ID,200,OK,TESTES 1-27,text,true,,423,124,1,1,http://localhost:8081/users/64,1,0,0
1763945036381,1,PUT,200,OK,TESTES 1-27,text,true,,408,319,1,1,http://localhost:8081/users/64,1,0,0
1763945036382,0,GET,200,OK,TESTES 1-27,text,true,,2939,121,1,1,http://localhost:8081/users,0,0,0
1763945036382,1,DELETE,200,OK,TESTES 1-27,text,true,,165,210,1,1,http://localhost:8081/users/64,1,0,0
1763945036384,1,Healthcheck,200,OK,TESTES 1-28,text,true,,176,127,1,1,http://localhost:8081/healthcheck,1,0,0
1763945036385,39,POST,201,Created,TESTES 1-28,text,true,,339,375,1,1,http://localhost:8081/users,39,0,0
1763945036425,0,GET ID,200,OK,TESTES 1-28,text,true,,422,124,1,1,http://localhost:8081/users/65,0,0,0
1763945036425,1,PUT,200,OK,TESTES 1-28,text,true,,407,318,1,1,http://localhost:8081/users/65,1,0,0
1763945036426,1,GET,200,OK,TESTES 1-28,text,true,,2938,121,1,1,http://localhost:8081/users,1,0,0
1763945036427,1,DELETE,200,OK,TESTES 1-28,text,true,,165,210,1,1,http://localhost:8081/users/65,1,0,0
1763945036428,0,Healthcheck,200,OK,TESTES 1-28,text,true,,176,127,1,1,http://localhost:8081/healthcheck,0,0,0
1763945036428,40,POST,201,Created,TESTES 1-28,text,true,,340,376,1,1,http://localhost:8081/users,40,0,0
1763945036469,0,GET ID,200,OK,TESTES 1-28,text,true,,423,124,1,1,http://localhost:8081/users/66,0,0,0
1763945036469,1,PUT,200,OK,TESTES 1-28,text,true,,406,319,1,1,http://localhost:8081/users/66,1,0,0
1763945036470,0,GET,200,OK,TESTES 1-28,text,true,,2937,121,1,1,http://localhost:8081/users,0,0,0
1763945036470,1,DELETE,200,OK,TESTES 1-28,text,true,,165,210,1,1,http://localhost:8081/users/66,1,0,0
1763945036484,1,Healthcheck,200,OK,TESTES 1-29,text,true,,176,127,1,1,http://localhost:8081/healthcheck,1,0,1
1763945036485,48,POST,201,Created,TESTES 1-29,text,true,,339,375,1,1,http://localhost:8081/users,48,0,0
1763945036533,0,GET ID,200,OK,TESTES 1-29,text,true,,422,124,1,1,http://localhost:8081/users/67,0,0,0
1763945036533,1,PUT,200,OK,TESTES 1-29,text,true,,408,319,1,1,http://localhost:8081/users/67,1,0,0
1763945036534,1,GET,200,OK,TESTES 1-29,text,true,,2939,121,1,1,http://localhost:8081/users,1,0,0
1763945036535,1,DELETE,200,OK,TESTES 1-29,text,true,,165,210,1,1,http://localhost:8081/users/67,1,0,0
1763945036536,0,Healthcheck,200,OK,TESTES 1-29,text,true,,176,127,1,1,http://localhost:8081/healthcheck,0,0,0
1763945036536,43,POST,201,Created,TESTES 1-29,text,true,,340,376,1,1,http://localhost:8081/users,43,0,0
1763945036580,0,GET ID,200,OK,TESTES 1-29,text,true,,423,124,1,1,http://localhost:8081/users/68,0,0,0
1763945036580,1,PUT,200,OK,TESTES 1-29,text,true,,408,319,1,1,http://localhost:8081/users/68,1,0,0
1763945036581,0,GET,200,OK,TESTES 1-29,text,true,,2939,121,1,1,http://localhost:8081/users,0,0,0
1763945036581,1,DELETE,200,OK,TESTES 1-29,text,true,,165,210,1,1,http://localhost:8081/users/68,1,0,0
1763945036584,1,Healthcheck,200,OK,TESTES 1-30,text,true,,176,127,1,1,http://localhost:8081/healthcheck,1,0,1
1763945036585,59,POST,201,Created,TESTES 1-30,text,true,,340,376,1,1,http://localhost:8081/users,59,0,0
1763945036645,0,GET ID,200,OK,TESTES 1-30,text,true,,421,124,1,1,http://localhost:8081/users/69,0,0,0
1763945036645,1,PUT,200,OK,TESTES 1-30,text,true,,407,319,1,1,http://localhost:8081/users/69,1,0,0
1763945036646,1,GET,200,OK,TESTES 1-30,text,true,,2938,121,1,1,http://localhost:8081/users,1,0,0
1763945036647,1,DELETE,200,OK,TESTES 1-30,text,true,,165,210,1,1,http://localhost:8081/users/69,1,0,0
1763945036648,0,Healthcheck,200,OK,TESTES 1-30,text,true,,176,127,1,1,http://localhost:8081/healthcheck,0,0,0
1763945036685,0,Healthcheck,200,OK,TESTES 1-31,text,true,,176,127,2,2,http://localhost:8081/healthcheck,0,0,0
1763945036648,40,POST,201,Created,TESTES 1-30,text,true,,340,376,2,2,http://localhost:8081/users,40,0,0
1763945036688,0,GET ID,200,OK,TESTES 1-30,text,true,,423,124,2,2,http://localhost:8081/users/70,0,0,0
1763945036688,1,PUT,200,OK,TESTES 1-30,text,true,,408,319,2,2,http://localhost:8081/users/70,1,0,0
1763945036689,0,GET,200,OK,TESTES 1-30,text,true,,2939,121,2,2,http://localhost:8081/users,0,0,0
1763945036689,1,DELETE,200,OK,TESTES 1-30,text,true,,165,210,2,2,http://localhost:8081/users/70,1,0,0
1763945036685,41,POST,201,Created,TESTES 1-31,text,true,,340,375,1,1,http://localhost:8081/users,41,0,0
1763945036727,0,GET ID,200,OK,TESTES 1-31,text,true,,423,124,1,1,http://localhost:8081/users/71,0,0,0
1763945036727,2,PUT,200,OK,TESTES 1-31,text,true,,408,319,1,1,http://localhost:8081/users/71,2,0,0
1763945036729,0,GET,200,OK,TESTES 1-31,text,true,,2939,121,1,1,http://localhost:8081/users,0,0,0
1763945036729,1,DELETE,200,OK,TESTES 1-31,text,true,,165,210,1,1,http://localhost:8081/users/71,1,0,0
1763945036730,0,Healthcheck,200,OK,TESTES 1-31,text,true,,176,127,1,1,http://localhost:8081/healthcheck,0,0,0
1763945036730,40,POST,201,Created,TESTES 1-31,text,true,,340,376,1,1,http://localhost:8081/users,40,0,0
1763945036770,0,GET ID,200,OK,TESTES 1-31,text,true,,423,124,1,1,http://localhost:8081/users/72,0,0,0
1763945036770,1,PUT,200,OK,TESTES 1-31,text,true,,408,319,1,1,http://localhost:8081/users/72,1,0,0
1763945036771,0,GET,200,OK,TESTES 1-31,text,true,,2939,121,1,1,http://localhost:8081/users,0,0,0
1763945036771,0,DELETE,200,OK,TESTES 1-31,text,true,,165,210,1,1,http://localhost:8081/users/72,0,0,0
1763945036784,0,Healthcheck,200,OK,TESTES 1-32,text,true,,176,127,1,1,http://localhost:8081/healthcheck,0,0,0
1763945036784,39,POST,201,Created,TESTES 1-32,text,true,,340,376,1,1,http://localhost:8081/users,39,0,0
1763945036823,1,GET ID,200,OK,TESTES 1-32,text,true,,421,124,1,1,http://localhost:8081/users/73,1,0,0
1763945036824,1,PUT,200,OK,TESTES 1-32,text,true,,407,319,1,1,http://localhost:8081/users/73,1,0,0
1763945036825,0,GET,200,OK,TESTES 1-32,text,true,,2938,121,1,1,http://localhost:8081/users,0,0,0
1763945036825,1,DELETE,200,OK,TESTES 1-32,text,true,,165,210,1,1,http://localhost:8081/users/73,1,0,0
1763945036826,0,Healthcheck,200,OK,TESTES 1-32,text,true,,176,127,1,1,http://localhost:8081/healthcheck,0,0,0
1763945036826,40,POST,201,Created,TESTES 1-32,text,true,,340,376,1,1,http://localhost:8081/users,40,0,0
1763945036866,1,GET ID,200,OK,TESTES 1-32,text,true,,423,124,1,1,http://localhost:8081/users/74,1,0,0
1763945036867,0,PUT,200,OK,TESTES 1-32,text,true,,407,319,1,1,http://localhost:8081/users/74,0,0,0
1763945036867,1,GET,200,OK,TESTES 1-32,text,true,,2938,121,1,1,http://localhost:8081/users,1,0,0
1763945036868,0,DELETE,200,OK,TESTES 1-32,text,true,,165,210,1,1,http://localhost:8081/users/74,0,0,0
1763945036884,0,Healthcheck,200,OK,TESTES 1-33,text,true,,176,127,1,1,http://localhost:8081/healthcheck,0,0,0
1763945036885,47,POST,201,Created,TESTES 1-33,text,true,,340,376,1,1,http://localhost:8081/users,47,0,0
1763945036932,0,GET ID,200,OK,TESTES 1-33,text,true,,423,124,1,1,http://localhost:8081/users/75,0,0,0
1763945036932,1,PUT,200,OK,TESTES 1-33,text,true,,408,319,1,1,http://localhost:8081/users/75,1,0,0
1763945036933,0,GET,200,OK,TESTES 1-33,text,true,,2939,121,1,1,http://localhost:8081/users,0,0,0
1763945036933,1,DELETE,200,OK,TESTES 1-33,text,true,,165,210,1,1,http://localhost:8081/users/75,1,0,0
1763945036934,0,Healthcheck,200,OK,TESTES 1-33,text,true,,176,127,1,1,http://localhost:8081/healthcheck,0,0,0
1763945036934,39,POST,201,Created,TESTES 1-33,text,true,,340,376,1,1,http://localhost:8081/users,39,0,0
1763945036974,0,GET ID,200,OK,TESTES 1-33,text,true,,423,124,1,1,http://localhost:8081/users/76,0,0,0
1763945036974,1,PUT,200,OK,TESTES 1-33,text,true,,408,319,1,1,http://localhost:8081/users/76,1,0,0
1763945036975,0,GET,200,OK,TESTES 1-33,text,true,,2939,121,1,1,http://localhost:8081/users,0,0,0
1763945036975,1,DELETE,200,OK,TESTES 1-33,text,true,,165,210,1,1,http://localhost:8081/users/76,1,0,0
1763945036984,0,Healthcheck,200,OK,TESTES 1-34,text,true,,176,127,1,1,http://localhost:8081/healthcheck,0,0,0
1763945036984,41,POST,201,Created,TESTES 1-34,text,true,,340,376,1,1,http://localhost:8081/users,41,0,0
1763945037025,0,GET ID,200,OK,TESTES 1-34,text,true,,423,124,1,1,http://localhost:8081/users/77,0,0,0
1763945037025,1,PUT,200,OK,TESTES 1-34,text,true,,408,319,1,1,http://localhost:8081/users/77,1,0,0
1763945037026,0,GET,200,OK,TESTES 1-34,text,true,,2939,121,1,1,http://localhost:8081/users,0,0,0
1763945037026,1,DELETE,200,OK,TESTES 1-34,text,true,,165,210,1,1,http://localhost:8081/users/77,1,0,0
1763945037027,0,Healthcheck,200,OK,TESTES 1-34,text,true,,176,127,1,1,http://localhost:8081/healthcheck,0,0,0
1763945037027,40,POST,201,Created,TESTES 1-34,text,true,,339,375,1,1,http://localhost:8081/users,40,0,0
1763945037067,0,GET ID,200,OK,TESTES 1-34,text,true,,422,124,1,1,http://localhost:8081/users/78,0,0,0
1763945037067,1,PUT,200,OK,TESTES 1-34,text,true,,408,319,1,1,http://localhost:8081/users/78,1,0,0
1763945037068,1,GET,200,OK,TESTES 1-34,text,true,,2939,121,1,1,http://localhost:8081/users,0,0,0
1763945037069,0,DELETE,200,OK,TESTES 1-34,text,true,,165,210,1,1,http://localhost:8081/users/78,0,0,0
1763945037084,0,Healthcheck,200,OK,TESTES 1-35,text,true,,176,127,1,1,http://localhost:8081/healthcheck,0,0,0
1763945037084,42,POST,201,Created,TESTES 1-35,text,true,,339,375,1,1,http://localhost:8081/users,42,0,0
1763945037126,0,GET ID,200,OK,TESTES 1-35,text,true,,422,124,1,1,http://localhost:8081/users/79,0,0,0
1763945037126,1,PUT,200,OK,TESTES 1-35,text,true,,408,319,1,1,http://localhost:8081/users/79,1,0,0
1763945037127,0,GET,200,OK,TESTES 1-35,text,true,,2939,121,1,1,http://localhost:8081/users,0,0,0
1763945037127,1,DELETE,200,OK,TESTES 1-35,text,true,,165,210,1,1,http://localhost:8081/users/79,1,0,0
1763945037128,0,Healthcheck,200,OK,TESTES 1-35,text,true,,176,127,1,1,http://localhost:8081/healthcheck,0,0,0
1763945037128,39,POST,201,Created,TESTES 1-35,text,true,,340,376,1,1,http://localhost:8081/users,39,0,0
1763945037167,1,GET ID,200,OK,TESTES 1-35,text,true,,423,124,1,1,http://localhost:8081/users/80,1,0,0
1763945037168,1,PUT,200,OK,TESTES 1-35,text,true,,408,319,1,1,http://localhost:8081/users/80,1,0,0
1763945037169,0,GET,200,OK,TESTES 1-35,text,true,,2939,121,1,1,http://localhost:8081/users,0,0,0
1763945037169,1,DELETE,200,OK,TESTES 1-35,text,true,,165,210,1,1,http://localhost:8081/users/80,1,0,0
1763945037185,0,Healthcheck,200,OK,TESTES 1-36,text,true,,176,127,1,1,http://localhost:8081/healthcheck,0,0,0
1763945037185,49,POST,201,Created,TESTES 1-36,text,true,,340,376,1,1,http://localhost:8081/users,49,0,0
1763945037234,0,GET ID,200,OK,TESTES 1-36,text,true,,417,124,1,1,http://localhost:8081/users/81,0,0,0
1763945037234,1,PUT,200,OK,TESTES 1-36,text,true,,405,319,1,1,http://localhost:8081/users/81,1,0,0
1763945037235,0,GET,200,OK,TESTES 1-36,text,true,,2936,121,1,1,http://localhost:8081/users,0,0,0
1763945037235,1,DELETE,200,OK,TESTES 1-36,text,true,,165,210,1,1,http://localhost:8081/users/81,1,0,0
1763945037236,0,Healthcheck,200,OK,TESTES 1-36,text,true,,176,127,1,1,http://localhost:8081/healthcheck,0,0,0
1763945037236,46,POST,201,Created,TESTES 1-36,text,true,,339,375,1,1,http://localhost:8081/users,46,0,0
1763945037282,0,GET ID,200,OK,TESTES 1-36,text,true,,422,124,1,1,http://localhost:8081/users/82,0,0,0
1763945037282,1,PUT,200,OK,TESTES 1-36,text,true,,408,319,1,1,http://localhost:8081/users/82,1,0,0
1763945037283,0,GET,200,OK,TESTES 1-36,text,true,,2939,121,1,1,http://localhost:8081/users,0,0,0
1763945037283,1,DELETE,200,OK,TESTES 1-36,text,true,,165,210,1,1,http://localhost:8081/users/82,1,0,0
1763945037285,0,Healthcheck,200,OK,TESTES 1-37,text,true,,176,127,1,1,http://localhost:8081/healthcheck,0,0,0
1763945037285,40,POST,201,Created,TESTES 1-37,text,true,,339,375,1,1,http://localhost:8081/users,40,0,0
1763945037326,0,GET ID,200,OK,TESTES 1-37,text,true,,422,124,1,1,http://localhost:8081/users/83,0,0,0
1763945037326,0,PUT,200,OK,TESTES 1-37,text,true,,408,319,1,1,http://localhost:8081/users/83,0,0,0
1763945037326,0,GET,200,OK,TESTES 1-37,text,true,,2939,121,1,1,http://localhost:8081/users,0,0,0
1763945037326,1,DELETE,200,OK,TESTES 1-37,text,true,,165,210,1,1,http://localhost:8081/users/83,1,0,0
1763945037327,0,Healthcheck,200,OK,TESTES 1-37,text,true,,176,127,1,1,http://localhost:8081/healthcheck,0,0,0
1763945037327,39,POST,201,Created,TESTES 1-37,text,true,,340,376,1,1,http://localhost:8081/users,39,0,0
1763945037367,0,GET ID,200,OK,TESTES 1-37,text,true,,423,124,1,1,http://localhost:8081/users/84,0,0,0
1763945037367,0,PUT,200,OK,TESTES 1-37,text,true,,408,319,1,1,http://localhost:8081/users/84,0,0,0
1763945037367,1,GET,200,OK,TESTES 1-37,text,true,,2939,121,1,1,http://localhost:8081/users,1,0,0
1763945037368,0,DELETE,200,OK,TESTES 1-37,text,true,,165,210,1,1,http://localhost:8081/users/84,0,0,0
1763945037384,1,Healthcheck,200,OK,TESTES 1-38,text,true,,176,127,1,1,http://localhost:8081/healthcheck,1,0,0
1763945037385,47,POST,201,Created,TESTES 1-38,text,true,,340,376,1,1,http://localhost:8081/users,47,0,0
1763945037432,0,GET ID,200,OK,TESTES 1-38,text,true,,423,124,1,1,http://localhost:8081/users/85,0,0,0
1763945037432,1,PUT,200,OK,TESTES 1-38,text,true,,408,319,1,1,http://localhost:8081/users/85,1,0,0
1763945037433,0,GET,200,OK,TESTES 1-38,text,true,,2939,121,1,1,http://localhost:8081/users,0,0,0
1763945037433,1,DELETE,200,OK,TESTES 1-38,text,true,,165,210,1,1,http://localhost:8081/users/85,1,0,0
1763945037434,0,Healthcheck,200,OK,TESTES 1-38,text,true,,176,127,1,1,http://localhost:8081/healthcheck,0,0,0
1763945037434,39,POST,201,Created,TESTES 1-38,text,true,,340,376,1,1,http://localhost:8081/users,39,0,0
1763945037473,1,GET ID,200,OK,TESTES 1-38,text,true,,423,124,1,1,http://localhost:8081/users/86,1,0,0
1763945037474,0,PUT,200,OK,TESTES 1-38,text,true,,408,319,1,1,http://localhost:8081/users/86,0,0,0
1763945037474,0,GET,200,OK,TESTES 1-38,text,true,,2939,121,1,1,http://localhost:8081/users,0,0,0
1763945037474,1,DELETE,200,OK,TESTES 1-38,text,true,,165,210,1,1,http://localhost:8081/users/86,1,0,0
1763945037484,0,Healthcheck,200,OK,TESTES 1-39,text,true,,176,127,1,1,http://localhost:8081/healthcheck,0,0,0
1763945037484,41,POST,201,Created,TESTES 1-39,text,true,,339,375,1,1,http://localhost:8081/users,41,0,0
1763945037525,0,GET ID,200,OK,TESTES 1-39,text,true,,422,124,1,1,http://localhost:8081/users/87,0,0,0
1763945037525,1,PUT,200,OK,TESTES 1-39,text,true,,408,319,1,1,http://localhost:8081/users/87,1,0,0
1763945037526,0,GET,200,OK,TESTES 1-39,text,true,,2939,121,1,1,http://localhost:8081/users,0,0,0
1763945037526,1,DELETE,200,OK,TESTES 1-39,text,true,,165,210,1,1,http://localhost:8081/users/87,1,0,0
1763945037527,0,Healthcheck,200,OK,TESTES 1-39,text,true,,176,127,1,1,http://localhost:8081/healthcheck,0,0,0
1763945037527,39,POST,201,Created,TESTES 1-39,text,true,,340,376,1,1,http://localhost:8081/users,39,0,0
1763945037567,0,GET ID,200,OK,TESTES 1-39,text,true,,423,124,1,1,http://localhost:8081/users/88,0,0,0
1763945037567,1,PUT,200,OK,TESTES 1-39,text,true,,408,319,1,1,http://localhost:8081/users/88,1,0,0
1763945037568,0,GET,200,OK,TESTES 1-39,text,true,,2939,121,1,1,http://localhost:8081/users,0,0,0
1763945037568,1,DELETE,200,OK,TESTES 1-39,text,true,,165,210,1,1,http://localhost:8081/users/88,1,0,0
1763945037584,1,Healthcheck,200,OK,TESTES 1-40,text,true,,176,127,1,1,http://localhost:8081/healthcheck,1,0,0
1763945037585,39,POST,201,Created,TESTES 1-40,text,true,,339,375,1,1,http://localhost:8081/users,39,0,0
1763945037625,0,GET ID,200,OK,TESTES 1-40,text,true,,420,124,1,1,http://localhost:8081/users/89,0,0,0
1763945037625,1,PUT,200,OK,TESTES 1-40,text,true,,407,319,1,1,http://localhost:8081/users/89,1,0,0
1763945037626,0,GET,200,OK,TESTES 1-40,text,true,,2938,121,1,1,http://localhost:8081/users,0,0,0
1763945037626,0,DELETE,200,OK,TESTES 1-40,text,true,,165,210,1,1,http://localhost:8081/users/89,0,0,0
1763945037626,0,Healthcheck,200,OK,TESTES 1-40,text,true,,176,127,1,1,http://localhost:8081/healthcheck,0,0,0
1763945037626,41,POST,201,Created,TESTES 1-40,text,true,,340,376,1,1,http://localhost:8081/users,41,0,0
1763945037667,0,GET ID,200,OK,TESTES 1-40,text,true,,421,124,1,1,http://localhost:8081/users/90,0,0,0
1763945037667,1,PUT,200,OK,TESTES 1-40,text,true,,407,319,1,1,http://localhost:8081/users/90,1,0,0
1763945037668,0,GET,200,OK,TESTES 1-40,text,true,,2938,121,1,1,http://localhost:8081/users,0,0,0
1763945037668,0,DELETE,200,OK,TESTES 1-40,text,true,,165,210,1,1,http://localhost:8081/users/90,0,0,0
1763945037684,1,Healthcheck,200,OK,TESTES 1-41,text,true,,176,127,1,1,http://localhost:8081/healthcheck,1,0,0
1763945037685,43,POST,201,Created,TESTES 1-41,text,true,,340,376,1,1,http://localhost:8081/users,43,0,0
1763945037728,0,GET ID,200,OK,TESTES 1-41,text,true,,423,124,1,1,http://localhost:8081/users/91,0,0,0
1763945037728,1,PUT,200,OK,TESTES 1-41,text,true,,408,319,1,1,http://localhost:8081/users/91,1,0,0
1763945037729,0,GET,200,OK,TESTES 1-41,text,true,,2939,121,1,1,http://localhost:8081/users,0,0,0
1763945037729,1,DELETE,200,OK,TESTES 1-41,text,true,,165,210,1,1,http://localhost:8081/users/91,0,0,0
1763945037730,0,Healthcheck,200,OK,TESTES 1-41,text,true,,176,127,1,1,http://localhost:8081/healthcheck,0,0,0
1763945037730,42,POST,201,Created,TESTES 1-41,text,true,,339,375,1,1,http://localhost:8081/users,42,0,0
1763945037772,0,GET ID,200,OK,TESTES 1-41,text,true,,422,124,1,1,http://localhost:8081/users/92,0,0,0
1763945037772,1,PUT,200,OK,TESTES 1-41,text,true,,408,319,1,1,http://localhost:8081/users/92,1,0,0
1763945037773,0,GET,200,OK,TESTES 1-41,text,true,,2939,121,1,1,http://localhost:8081/users,0,0,0
1763945037773,0,DELETE,200,OK,TESTES 1-41,text,true,,165,210,1,1,http://localhost:8081/users/92,0,0,0
1763945037784,1,Healthcheck,200,OK,TESTES 1-42,text,true,,176,127,1,1,http://localhost:8081/healthcheck,1,0,1
1763945037785,46,POST,201,Created,TESTES 1-42,text,true,,339,374,1,1,http://localhost:8081/users,46,0,0
1763945037831,0,GET ID,200,OK,TESTES 1-42,text,true,,422,124,1,1,http://localhost:8081/users/93,0,0,0
1763945037831,1,PUT,200,OK,TESTES 1-42,text,true,,408,319,1,1,http://localhost:8081/users/93,1,0,0
1763945037832,0,GET,200,OK,TESTES 1-42,text,true,,2939,121,1,1,http://localhost:8081/users,0,0,0
1763945037832,0,DELETE,200,OK,TESTES 1-42,text,true,,165,210,1,1,http://localhost:8081/users/93,0,0,0
1763945037832,0,Healthcheck,200,OK,TESTES 1-42,text,true,,176,127,1,1,http://localhost:8081/healthcheck,0,0,0
1763945037832,39,POST,201,Created,TESTES 1-42,text,true,,340,376,1,1,http://localhost:8081/users,39,0,0
1763945037872,0,GET ID,200,OK,TESTES 1-42,text,true,,423,124,1,1,http://localhost:8081/users/94,0,0,0
1763945037872,0,PUT,200,OK,TESTES 1-42,text,true,,407,319,1,1,http://localhost:8081/users/94,0,0,0
1763945037872,0,GET,200,OK,TESTES 1-42,text,true,,2938,121,1,1,http://localhost:8081/users,0,0,0
1763945037872,1,DELETE,200,OK,TESTES 1-42,text,true,,165,210,1,1,http://localhost:8081/users/94,1,0,0
1763945037884,1,Healthcheck,200,OK,TESTES 1-43,text,true,,176,127,1,1,http://localhost:8081/healthcheck,1,0,1
1763945037885,40,POST,201,Created,TESTES 1-43,text,true,,340,376,1,1,http://localhost:8081/users,40,0,0
1763945037925,0,GET ID,200,OK,TESTES 1-43,text,true,,423,124,1,1,http://localhost:8081/users/95,0,0,0
1763945037925,1,PUT,200,OK,TESTES 1-43,text,true,,408,319,1,1,http://localhost:8081/users/95,1,0,0
1763945037926,0,GET,200,OK,TESTES 1-43,text,true,,2939,121,1,1,http://localhost:8081/users,0,0,0
1763945037926,1,DELETE,200,OK,TESTES 1-43,text,true,,165,210,1,1,http://localhost:8081/users/95,1,0,0
1763945037927,0,Healthcheck,200,OK,TESTES 1-43,text,true,,176,127,1,1,http://localhost:8081/healthcheck,0,0,0
1763945037927,39,POST,201,Created,TESTES 1-43,text,true,,340,376,1,1,http://localhost:8081/users,39,0,0
1763945037966,1,GET ID,200,OK,TESTES 1-43,text,true,,423,124,1,1,http://localhost:8081/users/96,1,0,0
1763945037967,0,PUT,200,OK,TESTES 1-43,text,true,,408,319,1,1,http://localhost:8081/users/96,0,0,0
1763945037967,1,GET,200,OK,TESTES 1-43,text,true,,2939,121,1,1,http://localhost:8081/users,1,0,0
1763945037968,0,DELETE,200,OK,TESTES 1-43,text,true,,165,210,1,1,http://localhost:8081/users/96,0,0,0
1763945037984,1,Healthcheck,200,OK,TESTES 1-44,text,true,,176,127,1,1,http://localhost:8081/healthcheck,1,0,1
1763945037985,41,POST,201,Created,TESTES 1-44,text,true,,340,376,1,1,http://localhost:8081/users,41,0,0
1763945038026,0,GET ID,200,OK,TESTES 1-44,text,true,,423,124,1,1,http://localhost:8081/users/97,0,0,0
1763945038026,1,PUT,200,OK,TESTES 1-44,text,true,,407,318,1,1,http://localhost:8081/users/97,1,0,0
1763945038027,0,GET,200,OK,TESTES 1-44,text,true,,2938,121,1,1,http://localhost:8081/users,0,0,0
1763945038027,0,DELETE,200,OK,TESTES 1-44,text,true,,165,210,1,1,http://localhost:8081/users/97,0,0,0
1763945038027,0,Healthcheck,200,OK,TESTES 1-44,text,true,,176,127,1,1,http://localhost:8081/healthcheck,0,0,0
1763945038027,40,POST,201,Created,TESTES 1-44,text,true,,340,376,1,1,http://localhost:8081/users,40,0,0
1763945038067,0,GET ID,200,OK,TESTES 1-44,text,true,,423,124,1,1,http://localhost:8081/users/98,0,0,0
1763945038067,0,PUT,200,OK,TESTES 1-44,text,true,,408,319,1,1,http://localhost:8081/users/98,0,0,0
1763945038067,1,GET,200,OK,TESTES 1-44,text,true,,2939,121,1,1,http://localhost:8081/users,1,0,0
1763945038068,0,DELETE,200,OK,TESTES 1-44,text,true,,165,210,1,1,http://localhost:8081/users/98,0,0,0
1763945038085,0,Healthcheck,200,OK,TESTES 1-45,text,true,,176,127,1,1,http://localhost:8081/healthcheck,0,0,0
1763945038085,40,POST,201,Created,TESTES 1-45,text,true,,340,376,1,1,http://localhost:8081/users,40,0,0
1763945038125,1,GET ID,200,OK,TESTES 1-45,text,true,,423,124,1,1,http://localhost:8081/users/99,1,0,0
1763945038126,1,PUT,200,OK,TESTES 1-45,text,true,,408,319,1,1,http://localhost:8081/users/99,1,0,0
1763945038127,0,GET,200,OK,TESTES 1-45,text,true,,2939,121,1,1,http://localhost:8081/users,0,0,0
1763945038127,1,DELETE,200,OK,TESTES 1-45,text,true,,165,210,1,1,http://localhost:8081/users/99,1,0,0
1763945038128,0,Healthcheck,200,OK,TESTES 1-45,text,true,,176,127,1,1,http://localhost:8081/healthcheck,0,0,0
1763945038128,39,POST,201,Created,TESTES 1-45,text,true,,341,376,1,1,http://localhost:8081/users,39,0,0
1763945038167,1,GET ID,200,OK,TESTES 1-45,text,true,,424,125,1,1,http://localhost:8081/users/100,1,0,0
1763945038168,0,PUT,200,OK,TESTES 1-45,text,true,,409,320,1,1,http://localhost:8081/users/100,0,0,0
1763945038168,1,GET,200,OK,TESTES 1-45,text,true,,2940,121,1,1,http://localhost:8081/users,1,0,0
1763945038169,0,DELETE,200,OK,TESTES 1-45,text,true,,165,211,1,1,http://localhost:8081/users/100,0,0,0
1763945038185,0,Healthcheck,200,OK,TESTES 1-46,text,true,,176,127,1,1,http://localhost:8081/healthcheck,0,0,0
1763945038185,46,POST,201,Created,TESTES 1-46,text,true,,341,376,1,1,http://localhost:8081/users,46,0,0
1763945038231,0,GET ID,200,OK,TESTES 1-46,text,true,,424,125,1,1,http://localhost:8081/users/101,0,0,0
1763945038231,1,PUT,200,OK,TESTES 1-46,text,true,,409,320,1,1,http://localhost:8081/users/101,1,0,0
1763945038232,1,GET,200,OK,TESTES 1-46,text,true,,2940,121,1,1,http://localhost:8081/users,1,0,0
1763945038233,0,DELETE,200,OK,TESTES 1-46,text,true,,165,211,1,1,http://localhost:8081/users/101,0,0,0
1763945038233,0,Healthcheck,200,OK,TESTES 1-46,text,true,,176,127,1,1,http://localhost:8081/healthcheck,0,0,0
1763945038233,40,POST,201,Created,TESTES 1-46,text,true,,341,376,1,1,http://localhost:8081/users,40,0,0
1763945038273,1,GET ID,200,OK,TESTES 1-46,text,true,,422,125,1,1,http://localhost:8081/users/102,1,0,0
1763945038274,0,PUT,200,OK,TESTES 1-46,text,true,,408,320,1,1,http://localhost:8081/users/102,0,0,0
1763945038274,1,GET,200,OK,TESTES 1-46,text,true,,2939,121,1,1,http://localhost:8081/users,1,0,0
1763945038275,0,DELETE,200,OK,TESTES 1-46,text,true,,165,211,1,1,http://localhost:8081/users/102,0,0,0
1763945038284,0,Healthcheck,200,OK,TESTES 1-47,text,true,,176,127,1,1,http://localhost:8081/healthcheck,0,0,0
1763945038284,41,POST,201,Created,TESTES 1-47,text,true,,341,376,1,1,http://localhost:8081/users,41,0,0
1763945038325,1,GET ID,200,OK,TESTES 1-47,text,true,,424,125,1,1,http://localhost:8081/users/103,1,0,0
1763945038326,1,PUT,200,OK,TESTES 1-47,text,true,,409,320,1,1,http://localhost:8081/users/103,1,0,0
1763945038327,0,GET,200,OK,TESTES 1-47,text,true,,2940,121,1,1,http://localhost:8081/users,0,0,0
1763945038327,1,DELETE,200,OK,TESTES 1-47,text,true,,165,211,1,1,http://localhost:8081/users/103,1,0,0
1763945038328,0,Healthcheck,200,OK,TESTES 1-47,text,true,,176,127,1,1,http://localhost:8081/healthcheck,0,0,0
1763945038328,40,POST,201,Created,TESTES 1-47,text,true,,341,376,1,1,http://localhost:8081/users,40,0,0
1763945038368,1,GET ID,200,OK,TESTES 1-47,text,true,,424,125,1,1,http://localhost:8081/users/104,1,0,0
1763945038369,0,PUT,200,OK,TESTES 1-47,text,true,,408,319,1,1,http://localhost:8081/users/104,0,0,0
1763945038369,1,GET,200,OK,TESTES 1-47,text,true,,2939,121,1,1,http://localhost:8081/users,1,0,0
1763945038370,1,DELETE,200,OK,TESTES 1-47,text,true,,165,211,1,1,http://localhost:8081/users/104,1,0,0
1763945038384,0,Healthcheck,200,OK,TESTES 1-48,text,true,,176,127,1,1,http://localhost:8081/healthcheck,0,0,0
1763945038384,41,POST,201,Created,TESTES 1-48,text,true,,340,375,1,1,http://localhost:8081/users,41,0,0
1763945038425,0,GET ID,200,OK,TESTES 1-48,text,true,,423,125,1,1,http://localhost:8081/users/105,0,0,0
1763945038425,1,PUT,200,OK,TESTES 1-48,text,true,,409,320,1,1,http://localhost:8081/users/105,1,0,0
1763945038426,0,GET,200,OK,TESTES 1-48,text,true,,2940,121,1,1,http://localhost:8081/users,0,0,0
1763945038427,0,DELETE,200,OK,TESTES 1-48,text,true,,165,211,1,1,http://localhost:8081/users/105,0,0,0
1763945038427,0,Healthcheck,200,OK,TESTES 1-48,text,true,,176,127,1,1,http://localhost:8081/healthcheck,0,0,0
1763945038427,42,POST,201,Created,TESTES 1-48,text,true,,340,375,1,1,http://localhost:8081/users,42,0,0
1763945038469,0,GET ID,200,OK,TESTES 1-48,text,true,,423,125,1,1,http://localhost:8081/users/106,0,0,0
1763945038469,1,PUT,200,OK,TESTES 1-48,text,true,,409,320,1,1,http://localhost:8081/users/106,1,0,0
1763945038470,0,GET,200,OK,TESTES 1-48,text,true,,2940,121,1,1,http://localhost:8081/users,0,0,0
1763945038470,1,DELETE,200,OK,TESTES 1-48,text,true,,165,211,1,1,http://localhost:8081/users/106,1,0,0
1763945038484,0,Healthcheck,200,OK,TESTES 1-49,text,true,,176,127,1,1,http://localhost:8081/healthcheck,0,0,0
1763945038484,46,POST,201,Created,TESTES 1-49,text,true,,341,376,1,1,http://localhost:8081/users,46,0,0
1763945038530,0,GET ID,200,OK,TESTES 1-49,text,true,,424,125,1,1,http://localhost:8081/users/107,0,0,0
1763945038530,1,PUT,200,OK,TESTES 1-49,text,true,,408,319,1,1,http://localhost:8081/users/107,1,0,0
1763945038531,0,GET,200,OK,TESTES 1-49,text,true,,2939,121,1,1,http://localhost:8081/users,0,0,0
1763945038531,1,DELETE,200,OK,TESTES 1-49,text,true,,165,211,1,1,http://localhost:8081/users/107,1,0,0
1763945038532,0,Healthcheck,200,OK,TESTES 1-49,text,true,,176,127,1,1,http://localhost:8081/healthcheck,0,0,0
1763945038532,40,POST,201,Created,TESTES 1-49,text,true,,341,376,1,1,http://localhost:8081/users,40,0,0
1763945038572,1,GET ID,200,OK,TESTES 1-49,text,true,,424,125,1,1,http://localhost:8081/users/108,1,0,0
1763945038573,1,PUT,200,OK,TESTES 1-49,text,true,,409,320,1,1,http://localhost:8081/users/108,1,0,0
1763945038574,0,GET,200,OK,TESTES 1-49,text,true,,2940,121,1,1,http://localhost:8081/users,0,0,0
1763945038574,1,DELETE,200,OK,TESTES 1-49,text,true,,165,211,1,1,http://localhost:8081/users/108,1,0,0
1763945038585,0,Healthcheck,200,OK,TESTES 1-50,text,true,,176,127,1,1,http://localhost:8081/healthcheck,0,0,0
1763945038585,41,POST,201,Created,TESTES 1-50,text,true,,341,376,1,1,http://localhost:8081/users,41,0,0
1763945038626,1,GET ID,200,OK,TESTES 1-50,text,true,,424,125,1,1,http://localhost:8081/users/109,1,0,0
1763945038627,1,PUT,200,OK,TESTES 1-50,text,true,,409,320,1,1,http://localhost:8081/users/109,1,0,0
1763945038628,0,GET,200,OK,TESTES 1-50,text,true,,2940,121,1,1,http://localhost:8081/users,0,0,0
1763945038628,1,DELETE,200,OK,TESTES 1-50,text,true,,165,211,1,1,http://localhost:8081/users/109,1,0,0
1763945038629,0,Healthcheck,200,OK,TESTES 1-50,text,true,,176,127,1,1,http://localhost:8081/healthcheck,0,0,0
1763945038629,39,POST,201,Created,TESTES 1-50,text,true,,341,376,1,1,http://localhost:8081/users,39,0,0
1763945038668,1,GET ID,200,OK,TESTES 1-50,text,true,,424,125,1,1,http://localhost:8081/users/110,1,0,0
1763945038669,1,PUT,200,OK,TESTES 1-50,text,true,,409,320,1,1,http://localhost:8081/users/110,1,0,0
1763945038670,0,GET,200,OK,TESTES 1-50,text,true,,2940,121,1,1,http://localhost:8081/users,0,0,0
1763945038670,1,DELETE,200,OK,TESTES 1-50,text,true,,165,211,1,1,http://localhost:8081/users/110,1,0,0
1763945038685,0,Healthcheck,200,OK,TESTES 1-51,text,true,,176,127,1,1,http://localhost:8081/healthcheck,0,0,0
1763945038685,42,POST,201,Created,TESTES 1-51,text,true,,340,375,1,1,http://localhost:8081/users,42,0,0
1763945038728,0,GET ID,200,OK,TESTES 1-51,text,true,,423,125,1,1,http://localhost:8081/users/111,0,0,0
1763945038728,1,PUT,200,OK,TESTES 1-51,text,true,,409,320,1,1,http://localhost:8081/users/111,1,0,0
1763945038729,0,GET,200,OK,TESTES 1-51,text,true,,2940,121,1,1,http://localhost:8081/users,0,0,0
1763945038729,1,DELETE,200,OK,TESTES 1-51,text,true,,165,211,1,1,http://localhost:8081/users/111,1,0,0
1763945038730,0,Healthcheck,200,OK,TESTES 1-51,text,true,,176,127,1,1,http://localhost:8081/healthcheck,0,0,0
1763945038730,40,POST,201,Created,TESTES 1-51,text,true,,341,376,1,1,http://localhost:8081/users,40,0,0
1763945038770,1,GET ID,200,OK,TESTES 1-51,text,true,,424,125,1,1,http://localhost:8081/users/112,1,0,0
1763945038771,0,PUT,200,OK,TESTES 1-51,text,true,,409,320,1,1,http://localhost:8081/users/112,0,0,0
1763945038771,0,GET,200,OK,TESTES 1-51,text,true,,2940,121,1,1,http://localhost:8081/users,0,0,0
1763945038771,1,DELETE,200,OK,TESTES 1-51,text,true,,165,211,1,1,http://localhost:8081/users/112,1,0,0
1763945038784,1,Healthcheck,200,OK,TESTES 1-52,text,true,,176,127,1,1,http://localhost:8081/healthcheck,1,0,0
1763945038785,40,POST,201,Created,TESTES 1-52,text,true,,341,376,1,1,http://localhost:8081/users,40,0,0
1763945038825,1,GET ID,200,OK,TESTES 1-52,text,true,,424,125,1,1,http://localhost:8081/users/113,0,0,0
1763945038826,0,PUT,200,OK,TESTES 1-52,text,true,,409,320,1,1,http://localhost:8081/users/113,0,0,0
1763945038826,0,GET,200,OK,TESTES 1-52,text,true,,2940,121,1,1,http://localhost:8081/users,0,0,0
1763945038827,0,DELETE,200,OK,TESTES 1-52,text,true,,165,211,1,1,http://localhost:8081/users/113,0,0,0
1763945038827,0,Healthcheck,200,OK,TESTES 1-52,text,true,,176,127,1,1,http://localhost:8081/healthcheck,0,0,0
1763945038827,39,POST,201,Created,TESTES 1-52,text,true,,341,376,1,1,http://localhost:8081/users,39,0,0
1763945038867,0,GET ID,200,OK,TESTES 1-52,text,true,,422,125,1,1,http://localhost:8081/users/114,0,0,0
1763945038867,0,PUT,200,OK,TESTES 1-52,text,true,,408,320,1,1,http://localhost:8081/users/114,0,0,0
1763945038867,0,GET,200,OK,TESTES 1-52,text,true,,2939,121,1,1,http://localhost:8081/users,0,0,0
1763945038867,1,DELETE,200,OK,TESTES 1-52,text,true,,165,211,1,1,http://localhost:8081/users/114,1,0,0
1763945038884,1,Healthcheck,200,OK,TESTES 1-53,text,true,,176,127,1,1,http://localhost:8081/healthcheck,1,0,0
1763945038885,45,POST,201,Created,TESTES 1-53,text,true,,341,375,1,1,http://localhost:8081/users,45,0,0
1763945038930,0,GET ID,200,OK,TESTES 1-53,text,true,,424,125,1,1,http://localhost:8081/users/115,0,0,0
1763945038930,1,PUT,200,OK,TESTES 1-53,text,true,,409,320,1,1,http://localhost:8081/users/115,1,0,0
1763945038931,0,GET,200,OK,TESTES 1-53,text,true,,2940,121,1,1,http://localhost:8081/users,0,0,0
1763945038931,1,DELETE,200,OK,TESTES 1-53,text,true,,165,211,1,1,http://localhost:8081/users/115,1,0,0
1763945038932,0,Healthcheck,200,OK,TESTES 1-53,text,true,,176,127,1,1,http://localhost:8081/healthcheck,0,0,0
1763945038932,41,POST,201,Created,TESTES 1-53,text,true,,341,376,1,1,http://localhost:8081/users,41,0,0
1763945038973,1,GET ID,200,OK,TESTES 1-53,text,true,,424,125,1,1,http://localhost:8081/users/116,1,0,0
1763945038974,1,PUT,200,OK,TESTES 1-53,text,true,,409,320,1,1,http://localhost:8081/users/116,1,0,0
1763945038975,0,GET,200,OK,TESTES 1-53,text,true,,2940,121,1,1,http://localhost:8081/users,0,0,0
1763945038975,1,DELETE,200,OK,TESTES 1-53,text,true,,165,211,1,1,http://localhost:8081/users/116,1,0,0
1763945038984,1,Healthcheck,200,OK,TESTES 1-54,text,true,,176,127,1,1,http://localhost:8081/healthcheck,1,0,0
1763945038985,42,POST,201,Created,TESTES 1-54,text,true,,341,376,1,1,http://localhost:8081/users,42,0,0
1763945039027,1,GET ID,200,OK,TESTES 1-54,text,true,,424,125,1,1,http://localhost:8081/users/117,1,0,0
1763945039028,0,PUT,200,OK,TESTES 1-54,text,true,,409,320,1,1,http://localhost:8081/users/117,0,0,0
1763945039028,0,GET,200,OK,TESTES 1-54,text,true,,2940,121,1,1,http://localhost:8081/users,0,0,0
1763945039028,1,DELETE,200,OK,TESTES 1-54,text,true,,165,211,1,1,http://localhost:8081/users/117,1,0,0
1763945039029,0,Healthcheck,200,OK,TESTES 1-54,text,true,,176,127,1,1,http://localhost:8081/healthcheck,0,0,0
1763945039029,40,POST,201,Created,TESTES 1-54,text,true,,341,375,1,1,http://localhost:8081/users,40,0,0
1763945039069,0,GET ID,200,OK,TESTES 1-54,text,true,,424,125,1,1,http://localhost:8081/users/118,0,0,0
1763945039069,1,PUT,200,OK,TESTES 1-54,text,true,,409,320,1,1,http://localhost:8081/users/118,1,0,0
1763945039070,1,GET,200,OK,TESTES 1-54,text,true,,2940,121,1,1,http://localhost:8081/users,1,0,0
1763945039071,1,DELETE,200,OK,TESTES 1-54,text,true,,165,211,1,1,http://localhost:8081/users/118,1,0,0
1763945039084,1,Healthcheck,200,OK,TESTES 1-55,text,true,,176,127,1,1,http://localhost:8081/healthcheck,1,0,0
1763945039085,42,POST,201,Created,TESTES 1-55,text,true,,340,375,1,1,http://localhost:8081/users,42,0,0
1763945039127,0,GET ID,200,OK,TESTES 1-55,text,true,,421,125,1,1,http://localhost:8081/users/119,0,0,0
1763945039127,1,PUT,200,OK,TESTES 1-55,text,true,,408,320,1,1,http://localhost:8081/users/119,1,0,0
1763945039128,1,GET,200,OK,TESTES 1-55,text,true,,2939,121,1,1,http://localhost:8081/users,1,0,0
1763945039129,1,DELETE,200,OK,TESTES 1-55,text,true,,165,211,1,1,http://localhost:8081/users/119,1,0,0
1763945039130,0,Healthcheck,200,OK,TESTES 1-55,text,true,,176,127,1,1,http://localhost:8081/healthcheck,0,0,0
1763945039130,40,POST,201,Created,TESTES 1-55,text,true,,341,376,1,1,http://localhost:8081/users,40,0,0
1763945039170,0,GET ID,200,OK,TESTES 1-55,text,true,,424,125,1,1,http://localhost:8081/users/120,0,0,0
1763945039170,1,PUT,200,OK,TESTES 1-55,text,true,,409,320,1,1,http://localhost:8081/users/120,1,0,0
1763945039171,0,GET,200,OK,TESTES 1-55,text,true,,2940,121,1,1,http://localhost:8081/users,0,0,0
1763945039171,1,DELETE,200,OK,TESTES 1-55,text,true,,165,211,1,1,http://localhost:8081/users/120,1,0,0
1763945039184,1,Healthcheck,200,OK,TESTES 1-56,text,true,,176,127,1,1,http://localhost:8081/healthcheck,1,0,0
1763945039185,40,POST,201,Created,TESTES 1-56,text,true,,341,376,1,1,http://localhost:8081/users,40,0,0
1763945039225,0,GET ID,200,OK,TESTES 1-56,text,true,,424,125,1,1,http://localhost:8081/users/121,0,0,0
1763945039225,1,PUT,200,OK,TESTES 1-56,text,true,,409,320,1,1,http://localhost:8081/users/121,1,0,0
1763945039226,0,GET,200,OK,TESTES 1-56,text,true,,2940,121,1,1,http://localhost:8081/users,0,0,0
1763945039226,1,DELETE,200,OK,TESTES 1-56,text,true,,165,211,1,1,http://localhost:8081/users/121,1,0,0
1763945039227,0,Healthcheck,200,OK,TESTES 1-56,text,true,,176,127,1,1,http://localhost:8081/healthcheck,0,0,0
1763945039227,39,POST,201,Created,TESTES 1-56,text,true,,341,376,1,1,http://localhost:8081/users,39,0,0
1763945039266,1,GET ID,200,OK,TESTES 1-56,text,true,,422,125,1,1,http://localhost:8081/users/122,1,0,0
1763945039267,1,PUT,200,OK,TESTES 1-56,text,true,,408,320,1,1,http://localhost:8081/users/122,1,0,0
1763945039268,0,GET,200,OK,TESTES 1-56,text,true,,2939,121,1,1,http://localhost:8081/users,0,0,0
1763945039268,0,DELETE,200,OK,TESTES 1-56,text,true,,165,211,1,1,http://localhost:8081/users/122,0,0,0
1763945039285,0,Healthcheck,200,OK,TESTES 1-57,text,true,,176,127,1,1,http://localhost:8081/healthcheck,0,0,0
1763945039285,46,POST,201,Created,TESTES 1-57,text,true,,341,376,1,1,http://localhost:8081/users,46,0,0
1763945039331,0,GET ID,200,OK,TESTES 1-57,text,true,,422,125,1,1,http://localhost:8081/users/123,0,0,0
1763945039331,1,PUT,200,OK,TESTES 1-57,text,true,,408,320,1,1,http://localhost:8081/users/123,1,0,0
1763945039332,1,GET,200,OK,TESTES 1-57,text,true,,2939,121,1,1,http://localhost:8081/users,1,0,0
1763945039333,0,DELETE,200,OK,TESTES 1-57,text,true,,165,211,1,1,http://localhost:8081/users/123,0,0,0
1763945039333,0,Healthcheck,200,OK,TESTES 1-57,text,true,,176,127,1,1,http://localhost:8081/healthcheck,0,0,0
1763945039333,40,POST,201,Created,TESTES 1-57,text,true,,341,376,1,1,http://localhost:8081/users,40,0,0
1763945039373,0,GET ID,200,OK,TESTES 1-57,text,true,,424,125,1,1,http://localhost:8081/users/124,0,0,0
1763945039373,1,PUT,200,OK,TESTES 1-57,text,true,,409,320,1,1,http://localhost:8081/users/124,1,0,0
1763945039374,0,GET,200,OK,TESTES 1-57,text,true,,2940,121,1,1,http://localhost:8081/users,0,0,0
1763945039374,1,DELETE,200,OK,TESTES 1-57,text,true,,165,211,1,1,http://localhost:8081/users/124,1,0,0
1763945039384,1,Healthcheck,200,OK,TESTES 1-58,text,true,,176,127,1,1,http://localhost:8081/healthcheck,1,0,1
1763945039385,46,POST,201,Created,TESTES 1-58,text,true,,341,376,1,1,http://localhost:8081/users,46,0,0
1763945039431,0,GET ID,200,OK,TESTES 1-58,text,true,,424,125,1,1,http://localhost:8081/users/125,0,0,0
1763945039431,1,PUT,200,OK,TESTES 1-58,text,true,,408,319,1,1,http://localhost:8081/users/125,1,0,0
1763945039432,0,GET,200,OK,TESTES 1-58,text,true,,2939,121,1,1,http://localhost:8081/users,0,0,0
1763945039432,1,DELETE,200,OK,TESTES 1-58,text,true,,165,211,1,1,http://localhost:8081/users/125,1,0,0
1763945039433,0,Healthcheck,200,OK,TESTES 1-58,text,true,,176,127,1,1,http://localhost:8081/healthcheck,0,0,0
1763945039433,40,POST,201,Created,TESTES 1-58,text,true,,341,376,1,1,http://localhost:8081/users,40,0,0
1763945039474,0,GET ID,200,OK,TESTES 1-58,text,true,,424,125,1,1,http://localhost:8081/users/126,0,0,0
1763945039474,1,PUT,200,OK,TESTES 1-58,text,true,,409,320,1,1,http://localhost:8081/users/126,1,0,0
1763945039475,0,GET,200,OK,TESTES 1-58,text,true,,2940,121,1,1,http://localhost:8081/users,0,0,0
1763945039476,0,DELETE,200,OK,TESTES 1-58,text,true,,165,211,1,1,http://localhost:8081/users/126,0,0,0
1763945039484,0,Healthcheck,200,OK,TESTES 1-59,text,true,,176,127,1,1,http://localhost:8081/healthcheck,0,0,0
1763945039484,42,POST,201,Created,TESTES 1-59,text,true,,341,376,1,1,http://localhost:8081/users,42,0,0
1763945039527,0,GET ID,200,OK,TESTES 1-59,text,true,,424,125,1,1,http://localhost:8081/users/127,0,0,0
1763945039527,1,PUT,200,OK,TESTES 1-59,text,true,,407,319,1,1,http://localhost:8081/users/127,1,0,0
1763945039528,0,GET,200,OK,TESTES 1-59,text,true,,2938,121,1,1,http://localhost:8081/users,0,0,0
1763945039528,0,DELETE,200,OK,TESTES 1-59,text,true,,165,211,1,1,http://localhost:8081/users/127,0,0,0
1763945039528,0,Healthcheck,200,OK,TESTES 1-59,text,true,,176,127,1,1,http://localhost:8081/healthcheck,0,0,0
1763945039529,41,POST,201,Created,TESTES 1-59,text,true,,341,376,1,1,http://localhost:8081/users,41,0,0
1763945039570,1,GET ID,200,OK,TESTES 1-59,text,true,,420,125,1,1,http://localhost:8081/users/128,1,0,0
1763945039571,1,PUT,200,OK,TESTES 1-59,text,true,,407,320,1,1,http://localhost:8081/users/128,1,0,0
1763945039572,1,GET,200,OK,TESTES 1-59,text,true,,2938,121,1,1,http://localhost:8081/users,1,0,0
1763945039573,0,DELETE,200,OK,TESTES 1-59,text,true,,165,211,1,1,http://localhost:8081/users/128,0,0,0
1763945039584,0,Healthcheck,200,OK,TESTES 1-60,text,true,,176,127,1,1,http://localhost:8081/healthcheck,0,0,0
1763945039584,43,POST,201,Created,TESTES 1-60,text,true,,341,376,1,1,http://localhost:8081/users,43,0,0
1763945039628,0,GET ID,200,OK,TESTES 1-60,text,true,,424,125,1,1,http://localhost:8081/users/129,0,0,0
1763945039628,1,PUT,200,OK,TESTES 1-60,text,true,,409,320,1,1,http://localhost:8081/users/129,1,0,0
1763945039629,0,GET,200,OK,TESTES 1-60,text,true,,2940,121,1,1,http://localhost:8081/users,0,0,0
1763945039629,1,DELETE,200,OK,TESTES 1-60,text,true,,165,211,1,1,http://localhost:8081/users/129,1,0,0
1763945039630,0,Healthcheck,200,OK,TESTES 1-60,text,true,,176,127,1,1,http://localhost:8081/healthcheck,0,0,0
1763945039630,43,POST,201,Created,TESTES 1-60,text,true,,341,376,1,1,http://localhost:8081/users,43,0,0
1763945039673,1,GET ID,200,OK,TESTES 1-60,text,true,,422,125,1,1,http://localhost:8081/users/130,1,0,0
1763945039674,1,PUT,200,OK,TESTES 1-60,text,true,,408,320,1,1,http://localhost:8081/users/130,1,0,0
1763945039675,0,GET,200,OK,TESTES 1-60,text,true,,2939,121,1,1,http://localhost:8081/users,0,0,0
1763945039675,0,DELETE,200,OK,TESTES 1-60,text,true,,165,211,1,1,http://localhost:8081/users/130,0,0,0
1763945039684,0,Healthcheck,200,OK,TESTES 1-61,text,true,,176,127,1,1,http://localhost:8081/healthcheck,0,0,0
1763945039684,43,POST,201,Created,TESTES 1-61,text,true,,341,376,1,1,http://localhost:8081/users,43,0,0
1763945039727,0,GET ID,200,OK,TESTES 1-61,text,true,,424,125,1,1,http://localhost:8081/users/131,0,0,0
1763945039727,1,PUT,200,OK,TESTES 1-61,text,true,,409,320,1,1,http://localhost:8081/users/131,1,0,0
1763945039728,0,GET,200,OK,TESTES 1-61,text,true,,2940,121,1,1,http://localhost:8081/users,0,0,0
1763945039728,1,DELETE,200,OK,TESTES 1-61,text,true,,165,211,1,1,http://localhost:8081/users/131,1,0,0
1763945039729,0,Healthcheck,200,OK,TESTES 1-61,text,true,,176,127,1,1,http://localhost:8081/healthcheck,0,0,0
1763945039729,41,POST,201,Created,TESTES 1-61,text,true,,340,375,1,1,http://localhost:8081/users,41,0,0
1763945039771,0,GET ID,200,OK,TESTES 1-61,text,true,,423,125,1,1,http://localhost:8081/users/132,0,0,0
1763945039771,1,PUT,200,OK,TESTES 1-61,text,true,,409,320,1,1,http://localhost:8081/users/132,1,0,0
1763945039772,0,GET,200,OK,TESTES 1-61,text,true,,2940,121,1,1,http://localhost:8081/users,0,0,0
1763945039772,1,DELETE,200,OK,TESTES 1-61,text,true,,165,211,1,1,http://localhost:8081/users/132,1,0,0
1763945039784,0,Healthcheck,200,OK,TESTES 1-62,text,true,,176,127,1,1,http://localhost:8081/healthcheck,0,0,0
1763945039784,48,POST,201,Created,TESTES 1-62,text,true,,341,376,1,1,http://localhost:8081/users,48,0,0
1763945039832,0,GET ID,200,OK,TESTES 1-62,text,true,,424,125,1,1,http://localhost:8081/users/133,0,0,0
1763945039832,1,PUT,200,OK,TESTES 1-62,text,true,,409,320,1,1,http://localhost:8081/users/133,1,0,0
1763945039833,0,GET,200,OK,TESTES 1-62,text,true,,2940,121,1,1,http://localhost:8081/users,0,0,0
1763945039833,1,DELETE,200,OK,TESTES 1-62,text,true,,165,211,1,1,http://localhost:8081/users/133,1,0,0
1763945039834,0,Healthcheck,200,OK,TESTES 1-62,text,true,,176,127,1,1,http://localhost:8081/healthcheck,0,0,0
1763945039834,40,POST,201,Created,TESTES 1-62,text,true,,341,376,1,1,http://localhost:8081/users,40,0,0
1763945039874,0,GET ID,200,OK,TESTES 1-62,text,true,,424,125,1,1,http://localhost:8081/users/134,0,0,0
1763945039874,1,PUT,200,OK,TESTES 1-62,text,true,,409,320,1,1,http://localhost:8081/users/134,1,0,0
1763945039875,1,GET,200,OK,TESTES 1-62,text,true,,2940,121,1,1,http://localhost:8081/users,1,0,0
1763945039876,0,DELETE,200,OK,TESTES 1-62,text,true,,165,211,1,1,http://localhost:8081/users/134,0,0,0
1763945039884,0,Healthcheck,200,OK,TESTES 1-63,text,true,,176,127,1,1,http://localhost:8081/healthcheck,0,0,0
1763945039884,45,POST,201,Created,TESTES 1-63,text,true,,341,375,1,1,http://localhost:8081/users,45,0,0
1763945039929,1,GET ID,200,OK,TESTES 1-63,text,true,,424,125,1,1,http://localhost:8081/users/135,1,0,0
1763945039930,0,PUT,200,OK,TESTES 1-63,text,true,,409,320,1,1,http://localhost:8081/users/135,0,0,0
1763945039930,0,GET,200,OK,TESTES 1-63,text,true,,2940,121,1,1,http://localhost:8081/users,0,0,0
1763945039930,1,DELETE,200,OK,TESTES 1-63,text,true,,165,211,1,1,http://localhost:8081/users/135,1,0,0
1763945039931,0,Healthcheck,200,OK,TESTES 1-63,text,true,,176,127,1,1,http://localhost:8081/healthcheck,0,0,0
1763945039931,39,POST,201,Created,TESTES 1-63,text,true,,340,375,1,1,http://localhost:8081/users,39,0,0
1763945039970,1,GET ID,200,OK,TESTES 1-63,text,true,,423,125,1,1,http://localhost:8081/users/136,1,0,0
1763945039971,0,PUT,200,OK,TESTES 1-63,text,true,,409,320,1,1,http://localhost:8081/users/136,0,0,0
1763945039971,0,GET,200,OK,TESTES 1-63,text,true,,2940,121,1,1,http://localhost:8081/users,0,0,0
1763945039971,1,DELETE,200,OK,TESTES 1-63,text,true,,165,211,1,1,http://localhost:8081/users/136,1,0,0
1763945039985,0,Healthcheck,200,OK,TESTES 1-64,text,true,,176,127,1,1,http://localhost:8081/healthcheck,0,0,0
1763945039986,40,POST,201,Created,TESTES 1-64,text,true,,341,376,1,1,http://localhost:8081/users,40,0,0
1763945040027,0,GET ID,200,OK,TESTES 1-64,text,true,,424,125,1,1,http://localhost:8081/users/137,0,0,0
1763945040027,1,PUT,200,OK,TESTES 1-64,text,true,,408,320,1,1,http://localhost:8081/users/137,1,0,0
1763945040028,0,GET,200,OK,TESTES 1-64,text,true,,2939,121,1,1,http://localhost:8081/users,0,0,0
1763945040028,1,DELETE,200,OK,TESTES 1-64,text,true,,165,211,1,1,http://localhost:8081/users/137,1,0,0
1763945040029,0,Healthcheck,200,OK,TESTES 1-64,text,true,,176,127,1,1,http://localhost:8081/healthcheck,0,0,0
1763945040029,40,POST,201,Created,TESTES 1-64,text,true,,340,375,1,1,http://localhost:8081/users,40,0,0
1763945040069,0,GET ID,200,OK,TESTES 1-64,text,true,,423,125,1,1,http://localhost:8081/users/138,0,0,0
1763945040069,1,PUT,200,OK,TESTES 1-64,text,true,,409,320,1,1,http://localhost:8081/users/138,1,0,0
1763945040070,0,GET,200,OK,TESTES 1-64,text,true,,2940,121,1,1,http://localhost:8081/users,0,0,0
1763945040070,1,DELETE,200,OK,TESTES 1-64,text,true,,165,211,1,1,http://localhost:8081/users/138,1,0,0
1763945040085,0,Healthcheck,200,OK,TESTES 1-65,text,true,,176,127,1,1,http://localhost:8081/healthcheck,0,0,0
1763945040086,40,POST,201,Created,TESTES 1-65,text,true,,339,374,1,1,http://localhost:8081/users,40,0,0
1763945040127,0,GET ID,200,OK,TESTES 1-65,text,true,,422,125,1,1,http://localhost:8081/users/139,0,0,0
1763945040127,1,PUT,200,OK,TESTES 1-65,text,true,,408,320,1,1,http://localhost:8081/users/139,1,0,0
1763945040128,0,GET,200,OK,TESTES 1-65,text,true,,2939,121,1,1,http://localhost:8081/users,0,0,0
1763945040128,1,DELETE,200,OK,TESTES 1-65,text,true,,165,211,1,1,http://localhost:8081/users/139,1,0,0
1763945040129,0,Healthcheck,200,OK,TESTES 1-65,text,true,,176,127,1,1,http://localhost:8081/healthcheck,0,0,0
1763945040129,39,POST,201,Created,TESTES 1-65,text,true,,341,375,1,1,http://localhost:8081/users,39,0,0
1763945040169,0,GET ID,200,OK,TESTES 1-65,text,true,,424,125,1,1,http://localhost:8081/users/140,0,0,0
1763945040169,1,PUT,200,OK,TESTES 1-65,text,true,,409,320,1,1,http://localhost:8081/users/140,1,0,0
1763945040170,0,GET,200,OK,TESTES 1-65,text,true,,2940,121,1,1,http://localhost:8081/users,0,0,0
1763945040170,1,DELETE,200,OK,TESTES 1-65,text,true,,165,211,1,1,http://localhost:8081/users/140,1,0,0
1763945040184,0,Healthcheck,200,OK,TESTES 1-66,text,true,,176,127,1,1,http://localhost:8081/healthcheck,0,0,0
1763945040184,46,POST,201,Created,TESTES 1-66,text,true,,340,375,1,1,http://localhost:8081/users,46,0,0
1763945040230,1,GET ID,200,OK,TESTES 1-66,text,true,,423,125,1,1,http://localhost:8081/users/141,1,0,0
1763945040231,1,PUT,200,OK,TESTES 1-66,text,true,,409,320,1,1,http://localhost:8081/users/141,1,0,0
1763945040232,0,GET,200,OK,TESTES 1-66,text,true,,2940,121,1,1,http://localhost:8081/users,0,0,0
1763945040232,1,DELETE,200,OK,TESTES 1-66,text,true,,165,211,1,1,http://localhost:8081/users/141,1,0,0
1763945040233,0,Healthcheck,200,OK,TESTES 1-66,text,true,,176,127,1,1,http://localhost:8081/healthcheck,0,0,0
1763945040233,40,POST,201,Created,TESTES 1-66,text,true,,341,375,1,1,http://localhost:8081/users,40,0,0
1763945040273,0,GET ID,200,OK,TESTES 1-66,text,true,,424,125,1,1,http://localhost:8081/users/142,0,0,0
1763945040273,1,PUT,200,OK,TESTES 1-66,text,true,,408,319,1,1,http://localhost:8081/users/142,1,0,0
1763945040274,0,GET,200,OK,TESTES 1-66,text,true,,2939,121,1,1,http://localhost:8081/users,0,0,0
1763945040274,1,DELETE,200,OK,TESTES 1-66,text,true,,165,211,1,1,http://localhost:8081/users/142,1,0,0
1763945040284,0,Healthcheck,200,OK,TESTES 1-67,text,true,,176,127,1,1,http://localhost:8081/healthcheck,0,0,0
1763945040284,45,POST,201,Created,TESTES 1-67,text,true,,341,376,1,1,http://localhost:8081/users,45,0,0
1763945040329,0,GET ID,200,OK,TESTES 1-67,text,true,,424,125,1,1,http://localhost:8081/users/143,0,0,0
1763945040329,1,PUT,200,OK,TESTES 1-67,text,true,,409,320,1,1,http://localhost:8081/users/143,1,0,0
1763945040330,0,GET,200,OK,TESTES 1-67,text,true,,2940,121,1,1,http://localhost:8081/users,0,0,0
1763945040330,1,DELETE,200,OK,TESTES 1-67,text,true,,165,211,1,1,http://localhost:8081/users/143,1,0,0
1763945040331,0,Healthcheck,200,OK,TESTES 1-67,text,true,,176,127,1,1,http://localhost:8081/healthcheck,0,0,0
1763945040331,40,POST,201,Created,TESTES 1-67,text,true,,341,376,1,1,http://localhost:8081/users,40,0,0
1763945040371,1,GET ID,200,OK,TESTES 1-67,text,true,,424,125,1,1,http://localhost:8081/users/144,1,0,0
1763945040372,1,PUT,200,OK,TESTES 1-67,text,true,,409,320,1,1,http://localhost:8081/users/144,1,0,0
1763945040373,0,GET,200,OK,TESTES 1-67,text,true,,2940,121,1,1,http://localhost:8081/users,0,0,0
1763945040373,1,DELETE,200,OK,TESTES 1-67,text,true,,165,211,1,1,http://localhost:8081/users/144,1,0,0
1763945040384,1,Healthcheck,200,OK,TESTES 1-68,text,true,,176,127,1,1,http://localhost:8081/healthcheck,1,0,0
1763945040385,43,POST,201,Created,TESTES 1-68,text,true,,341,376,1,1,http://localhost:8081/users,43,0,0
1763945040428,1,GET ID,200,OK,TESTES 1-68,text,true,,424,125,1,1,http://localhost:8081/users/145,1,0,0
1763945040429,1,PUT,200,OK,TESTES 1-68,text,true,,409,320,1,1,http://localhost:8081/users/145,1,0,0
1763945040430,0,GET,200,OK,TESTES 1-68,text,true,,2940,121,1,1,http://localhost:8081/users,0,0,0
1763945040430,0,DELETE,200,OK,TESTES 1-68,text,true,,165,211,1,1,http://localhost:8081/users/145,0,0,0
1763945040431,0,Healthcheck,200,OK,TESTES 1-68,text,true,,176,127,1,1,http://localhost:8081/healthcheck,0,0,0
1763945040431,40,POST,201,Created,TESTES 1-68,text,true,,341,376,1,1,http://localhost:8081/users,40,0,0
1763945040471,0,GET ID,200,OK,TESTES 1-68,text,true,,424,125,1,1,http://localhost:8081/users/146,0,0,0
1763945040471,1,PUT,200,OK,TESTES 1-68,text,true,,408,319,1,1,http://localhost:8081/users/146,1,0,0
1763945040472,0,GET,200,OK,TESTES 1-68,text,true,,2939,121,1,1,http://localhost:8081/users,0,0,0
1763945040472,1,DELETE,200,OK,TESTES 1-68,text,true,,165,211,1,1,http://localhost:8081/users/146,1,0,0
1763945040484,1,Healthcheck,200,OK,TESTES 1-69,text,true,,176,127,1,1,http://localhost:8081/healthcheck,1,0,0
1763945040485,40,POST,201,Created,TESTES 1-69,text,true,,341,376,1,1,http://localhost:8081/users,40,0,0
1763945040525,1,GET ID,200,OK,TESTES 1-69,text,true,,424,125,1,1,http://localhost:8081/users/147,1,0,0
1763945040526,0,PUT,200,OK,TESTES 1-69,text,true,,409,320,1,1,http://localhost:8081/users/147,0,0,0
1763945040526,1,GET,200,OK,TESTES 1-69,text,true,,2940,121,1,1,http://localhost:8081/users,1,0,0
1763945040527,0,DELETE,200,OK,TESTES 1-69,text,true,,165,211,1,1,http://localhost:8081/users/147,0,0,0
1763945040527,0,Healthcheck,200,OK,TESTES 1-69,text,true,,176,127,1,1,http://localhost:8081/healthcheck,0,0,0
1763945040527,40,POST,201,Created,TESTES 1-69,text,true,,340,375,1,1,http://localhost:8081/users,40,0,0
1763945040567,0,GET ID,200,OK,TESTES 1-69,text,true,,423,125,1,1,http://localhost:8081/users/148,0,0,0
1763945040567,1,PUT,200,OK,TESTES 1-69,text,true,,408,319,1,1,http://localhost:8081/users/148,1,0,0
1763945040568,0,GET,200,OK,TESTES 1-69,text,true,,2939,121,1,1,http://localhost:8081/users,0,0,0
1763945040568,1,DELETE,200,OK,TESTES 1-69,text,true,,165,211,1,1,http://localhost:8081/users/148,1,0,0
1763945040584,1,Healthcheck,200,OK,TESTES 1-70,text,true,,176,127,1,1,http://localhost:8081/healthcheck,1,0,1
1763945040585,41,POST,201,Created,TESTES 1-70,text,true,,341,376,1,1,http://localhost:8081/users,41,0,0
1763945040626,0,GET ID,200,OK,TESTES 1-70,text,true,,424,125,1,1,http://localhost:8081/users/149,0,0,0
1763945040626,1,PUT,200,OK,TESTES 1-70,text,true,,409,320,1,1,http://localhost:8081/users/149,1,0,0
1763945040627,1,GET,200,OK,TESTES 1-70,text,true,,2940,121,1,1,http://localhost:8081/users,1,0,0
1763945040628,0,DELETE,200,OK,TESTES 1-70,text,true,,165,211,1,1,http://localhost:8081/users/149,0,0,0
1763945040628,0,Healthcheck,200,OK,TESTES 1-70,text,true,,176,127,1,1,http://localhost:8081/healthcheck,0,0,0
1763945040628,41,POST,201,Created,TESTES 1-70,text,true,,340,375,1,1,http://localhost:8081/users,41,0,0
1763945040669,1,GET ID,200,OK,TESTES 1-70,text,true,,423,125,1,1,http://localhost:8081/users/150,1,0,0
1763945040670,1,PUT,200,OK,TESTES 1-70,text,true,,409,320,1,1,http://localhost:8081/users/150,1,0,0
1763945040671,0,GET,200,OK,TESTES 1-70,text,true,,2940,121,1,1,http://localhost:8081/users,0,0,0
1763945040671,1,DELETE,200,OK,TESTES 1-70,text,true,,165,211,1,1,http://localhost:8081/users/150,1,0,0
1763945040685,0,Healthcheck,200,OK,TESTES 1-71,text,true,,176,127,1,1,http://localhost:8081/healthcheck,0,0,0
1763945040685,45,POST,201,Created,TESTES 1-71,text,true,,341,376,1,1,http://localhost:8081/users,45,0,0
1763945040730,0,GET ID,200,OK,TESTES 1-71,text,true,,424,125,1,1,http://localhost:8081/users/151,0,0,0
1763945040730,1,PUT,200,OK,TESTES 1-71,text,true,,408,319,1,1,http://localhost:8081/users/151,1,0,0
1763945040731,0,GET,200,OK,TESTES 1-71,text,true,,2939,121,1,1,http://localhost:8081/users,0,0,0
1763945040731,1,DELETE,200,OK,TESTES 1-71,text,true,,165,211,1,1,http://localhost:8081/users/151,1,0,0
1763945040732,0,Healthcheck,200,OK,TESTES 1-71,text,true,,176,127,1,1,http://localhost:8081/healthcheck,0,0,0
1763945040732,40,POST,201,Created,TESTES 1-71,text,true,,340,375,1,1,http://localhost:8081/users,40,0,0
1763945040772,0,GET ID,200,OK,TESTES 1-71,text,true,,423,125,1,1,http://localhost:8081/users/152,0,0,0
1763945040772,1,PUT,200,OK,TESTES 1-71,text,true,,408,319,1,1,http://localhost:8081/users/152,1,0,0
1763945040773,0,GET,200,OK,TESTES 1-71,text,true,,2939,121,1,1,http://localhost:8081/users,0,0,0
1763945040773,1,DELETE,200,OK,TESTES 1-71,text,true,,165,211,1,1,http://localhost:8081/users/152,1,0,0
1763945040784,0,Healthcheck,200,OK,TESTES 1-72,text,true,,176,127,1,1,http://localhost:8081/healthcheck,0,0,0
1763945040784,41,POST,201,Created,TESTES 1-72,text,true,,340,375,1,1,http://localhost:8081/users,41,0,0
1763945040825,1,GET ID,200,OK,TESTES 1-72,text,true,,423,125,1,1,http://localhost:8081/users/153,1,0,0
1763945040826,1,PUT,200,OK,TESTES 1-72,text,true,,409,320,1,1,http://localhost:8081/users/153,1,0,0
1763945040827,0,GET,200,OK,TESTES 1-72,text,true,,2940,121,1,1,http://localhost:8081/users,0,0,0
1763945040827,1,DELETE,200,OK,TESTES 1-72,text,true,,165,211,1,1,http://localhost:8081/users/153,1,0,0
1763945040828,0,Healthcheck,200,OK,TESTES 1-72,text,true,,176,127,1,1,http://localhost:8081/healthcheck,0,0,0
1763945040828,41,POST,201,Created,TESTES 1-72,text,true,,340,375,1,1,http://localhost:8081/users,41,0,0
1763945040870,0,GET ID,200,OK,TESTES 1-72,text,true,,423,125,1,1,http://localhost:8081/users/154,0,0,0
1763945040870,1,PUT,200,OK,TESTES 1-72,text,true,,409,320,1,1,http://localhost:8081/users/154,1,0,0
1763945040871,0,GET,200,OK,TESTES 1-72,text,true,,2940,121,1,1,http://localhost:8081/users,0,0,0
1763945040871,0,DELETE,200,OK,TESTES 1-72,text,true,,165,211,1,1,http://localhost:8081/users/154,0,0,0
1763945040884,0,Healthcheck,200,OK,TESTES 1-73,text,true,,176,127,1,1,http://localhost:8081/healthcheck,0,0,0
1763945040885,46,POST,201,Created,TESTES 1-73,text,true,,341,376,1,1,http://localhost:8081/users,46,0,0
1763945040931,1,GET ID,200,OK,TESTES 1-73,text,true,,424,125,1,1,http://localhost:8081/users/155,1,0,0
1763945040932,1,PUT,200,OK,TESTES 1-73,text,true,,409,320,1,1,http://localhost:8081/users/155,1,0,0
1763945040933,0,GET,200,OK,TESTES 1-73,text,true,,2940,121,1,1,http://localhost:8081/users,0,0,0
1763945040933,1,DELETE,200,OK,TESTES 1-73,text,true,,165,211,1,1,http://localhost:8081/users/155,1,0,0
1763945040934,0,Healthcheck,200,OK,TESTES 1-73,text,true,,176,127,1,1,http://localhost:8081/healthcheck,0,0,0
1763945040934,42,POST,201,Created,TESTES 1-73,text,true,,341,376,1,1,http://localhost:8081/users,42,0,0
1763945040976,0,GET ID,200,OK,TESTES 1-73,text,true,,424,125,1,1,http://localhost:8081/users/156,0,0,0
1763945040976,1,PUT,200,OK,TESTES 1-73,text,true,,409,320,1,1,http://localhost:8081/users/156,1,0,0
1763945040977,0,GET,200,OK,TESTES 1-73,text,true,,2940,121,1,1,http://localhost:8081/users,0,0,0
1763945040977,1,DELETE,200,OK,TESTES 1-73,text,true,,165,211,1,1,http://localhost:8081/users/156,1,0,0
1763945040984,0,Healthcheck,200,OK,TESTES 1-74,text,true,,176,127,1,1,http://localhost:8081/healthcheck,0,0,0
1763945040984,46,POST,201,Created,TESTES 1-74,text,true,,341,376,1,1,http://localhost:8081/users,46,0,0
1763945041030,0,GET ID,200,OK,TESTES 1-74,text,true,,424,125,1,1,http://localhost:8081/users/157,0,0,0
1763945041030,1,PUT,200,OK,TESTES 1-74,text,true,,409,320,1,1,http://localhost:8081/users/157,1,0,0
1763945041031,0,GET,200,OK,TESTES 1-74,text,true,,2940,121,1,1,http://localhost:8081/users,0,0,0
1763945041031,1,DELETE,200,OK,TESTES 1-74,text,true,,165,211,1,1,http://localhost:8081/users/157,1,0,0
1763945041032,0,Healthcheck,200,OK,TESTES 1-74,text,true,,176,127,1,1,http://localhost:8081/healthcheck,0,0,0
1763945041032,39,POST,201,Created,TESTES 1-74,text,true,,341,376,1,1,http://localhost:8081/users,39,0,0
1763945041072,0,GET ID,200,OK,TESTES 1-74,text,true,,424,125,1,1,http://localhost:8081/users/158,0,0,0
1763945041072,1,PUT,200,OK,TESTES 1-74,text,true,,409,320,1,1,http://localhost:8081/users/158,1,0,0
1763945041073,0,GET,200,OK,TESTES 1-74,text,true,,2940,121,1,1,http://localhost:8081/users,0,0,0
1763945041073,1,DELETE,200,OK,TESTES 1-74,text,true,,165,211,1,1,http://localhost:8081/users/158,1,0,0
1763945041084,0,Healthcheck,200,OK,TESTES 1-75,text,true,,176,127,1,1,http://localhost:8081/healthcheck,0,0,0
1763945041084,43,POST,201,Created,TESTES 1-75,text,true,,341,376,1,1,http://localhost:8081/users,43,0,0
1763945041127,0,GET ID,200,OK,TESTES 1-75,text,true,,424,125,1,1,http://localhost:8081/users/159,0,0,0
1763945041127,1,PUT,200,OK,TESTES 1-75,text,true,,409,320,1,1,http://localhost:8081/users/159,1,0,0
1763945041128,1,GET,200,OK,TESTES 1-75,text,true,,2940,121,1,1,http://localhost:8081/users,1,0,0
1763945041129,0,DELETE,200,OK,TESTES 1-75,text,true,,165,211,1,1,http://localhost:8081/users/159,0,0,0
1763945041129,0,Healthcheck,200,OK,TESTES 1-75,text,true,,176,127,1,1,http://localhost:8081/healthcheck,0,0,0
1763945041129,40,POST,201,Created,TESTES 1-75,text,true,,341,376,1,1,http://localhost:8081/users,40,0,0
1763945041170,0,GET ID,200,OK,TESTES 1-75,text,true,,424,125,1,1,http://localhost:8081/users/160,0,0,0
1763945041170,1,PUT,200,OK,TESTES 1-75,text,true,,409,320,1,1,http://localhost:8081/users/160,1,0,0
1763945041171,0,GET,200,OK,TESTES 1-75,text,true,,2940,121,1,1,http://localhost:8081/users,0,0,0
1763945041171,1,DELETE,200,OK,TESTES 1-75,text,true,,165,211,1,1,http://localhost:8081/users/160,1,0,0
1763945041184,1,Healthcheck,200,OK,TESTES 1-76,text,true,,176,127,1,1,http://localhost:8081/healthcheck,1,0,0
1763945041185,47,POST,201,Created,TESTES 1-76,text,true,,341,376,1,1,http://localhost:8081/users,47,0,0
1763945041233,0,GET ID,200,OK,TESTES 1-76,text,true,,424,125,1,1,http://localhost:8081/users/161,0,0,0
1763945041233,1,PUT,200,OK,TESTES 1-76,text,true,,409,320,1,1,http://localhost:8081/users/161,1,0,0
1763945041234,0,GET,200,OK,TESTES 1-76,text,true,,2940,121,1,1,http://localhost:8081/users,0,0,0
1763945041234,1,DELETE,200,OK,TESTES 1-76,text,true,,165,211,1,1,http://localhost:8081/users/161,1,0,0
1763945041235,0,Healthcheck,200,OK,TESTES 1-76,text,true,,176,127,1,1,http://localhost:8081/healthcheck,0,0,0
1763945041235,44,POST,201,Created,TESTES 1-76,text,true,,340,374,1,1,http://localhost:8081/users,43,0,0
1763945041279,0,GET ID,200,OK,TESTES 1-76,text,true,,423,125,1,1,http://localhost:8081/users/162,0,0,0
1763945041279,1,PUT,200,OK,TESTES 1-76,text,true,,409,320,1,1,http://localhost:8081/users/162,1,0,0
1763945041280,0,GET,200,OK,TESTES 1-76,text,true,,2940,121,1,1,http://localhost:8081/users,0,0,0
1763945041280,1,DELETE,200,OK,TESTES 1-76,text,true,,165,211,1,1,http://localhost:8081/users/162,1,0,0
1763945041284,0,Healthcheck,200,OK,TESTES 1-77,text,true,,176,127,1,1,http://localhost:8081/healthcheck,0,0,0
1763945041284,40,POST,201,Created,TESTES 1-77,text,true,,341,376,1,1,http://localhost:8081/users,40,0,0
1763945041324,1,GET ID,200,OK,TESTES 1-77,text,true,,424,125,1,1,http://localhost:8081/users/163,1,0,0
1763945041325,0,PUT,200,OK,TESTES 1-77,text,true,,408,320,1,1,http://localhost:8081/users/163,0,0,0
1763945041326,0,GET,200,OK,TESTES 1-77,text,true,,2939,121,1,1,http://localhost:8081/users,0,0,0
1763945041326,0,DELETE,200,OK,TESTES 1-77,text,true,,165,211,1,1,http://localhost:8081/users/163,0,0,0
1763945041326,0,Healthcheck,200,OK,TESTES 1-77,text,true,,176,127,1,1,http://localhost:8081/healthcheck,0,0,0
1763945041326,40,POST,201,Created,TESTES 1-77,text,true,,341,376,1,1,http://localhost:8081/users,40,0,0
1763945041367,0,GET ID,200,OK,TESTES 1-77,text,true,,424,125,1,1,http://localhost:8081/users/164,0,0,0
1763945041367,1,PUT,200,OK,TESTES 1-77,text,true,,409,320,1,1,http://localhost:8081/users/164,1,0,0
1763945041368,0,GET,200,OK,TESTES 1-77,text,true,,2940,121,1,1,http://localhost:8081/users,0,0,0
1763945041368,1,DELETE,200,OK,TESTES 1-77,text,true,,165,211,1,1,http://localhost:8081/users/164,1,0,0
1763945041385,1,Healthcheck,200,OK,TESTES 1-78,text,true,,176,127,1,1,http://localhost:8081/healthcheck,1,0,0
1763945041386,53,POST,201,Created,TESTES 1-78,text,true,,341,376,1,1,http://localhost:8081/users,53,0,0
1763945041439,1,GET ID,200,OK,TESTES 1-78,text,true,,424,125,1,1,http://localhost:8081/users/165,1,0,0
1763945041440,1,PUT,200,OK,TESTES 1-78,text,true,,407,320,1,1,http://localhost:8081/users/165,1,0,0
1763945041441,0,GET,200,OK,TESTES 1-78,text,true,,2938,121,1,1,http://localhost:8081/users,0,0,0
1763945041441,0,DELETE,200,OK,TESTES 1-78,text,true,,165,211,1,1,http://localhost:8081/users/165,0,0,0
1763945041441,0,Healthcheck,200,OK,TESTES 1-78,text,true,,176,127,1,1,http://localhost:8081/healthcheck,0,0,0
1763945041442,39,POST,201,Created,TESTES 1-78,text,true,,341,376,1,1,http://localhost:8081/users,39,0,0
1763945041481,1,GET ID,200,OK,TESTES 1-78,text,true,,424,125,1,1,http://localhost:8081/users/166,1,0,0
1763945041482,0,PUT,200,OK,TESTES 1-78,text,true,,409,320,1,1,http://localhost:8081/users/166,0,0,0
1763945041482,0,GET,200,OK,TESTES 1-78,text,true,,2940,121,1,1,http://localhost:8081/users,0,0,0
1763945041482,1,DELETE,200,OK,TESTES 1-78,text,true,,165,211,1,1,http://localhost:8081/users/166,1,0,0
1763945041484,1,Healthcheck,200,OK,TESTES 1-79,text,true,,176,127,1,1,http://localhost:8081/healthcheck,1,0,0
1763945041485,40,POST,201,Created,TESTES 1-79,text,true,,341,376,1,1,http://localhost:8081/users,40,0,0
1763945041525,0,GET ID,200,OK,TESTES 1-79,text,true,,424,125,1,1,http://localhost:8081/users/167,0,0,0
1763945041525,1,PUT,200,OK,TESTES 1-79,text,true,,409,320,1,1,http://localhost:8081/users/167,1,0,0
1763945041526,1,GET,200,OK,TESTES 1-79,text,true,,2940,121,1,1,http://localhost:8081/users,1,0,0
1763945041527,0,DELETE,200,OK,TESTES 1-79,text,true,,165,211,1,1,http://localhost:8081/users/167,0,0,0
1763945041527,0,Healthcheck,200,OK,TESTES 1-79,text,true,,176,127,1,1,http://localhost:8081/healthcheck,0,0,0
1763945041527,40,POST,201,Created,TESTES 1-79,text,true,,341,376,1,1,http://localhost:8081/users,40,0,0
1763945041567,1,GET ID,200,OK,TESTES 1-79,text,true,,424,125,1,1,http://localhost:8081/users/168,1,0,0
1763945041568,1,PUT,200,OK,TESTES 1-79,text,true,,409,320,1,1,http://localhost:8081/users/168,1,0,0
1763945041569,0,GET,200,OK,TESTES 1-79,text,true,,2940,121,1,1,http://localhost:8081/users,0,0,0
1763945041569,1,DELETE,200,OK,TESTES 1-79,text,true,,165,211,1,1,http://localhost:8081/users/168,1,0,0
1763945041584,1,Healthcheck,200,OK,TESTES 1-80,text,true,,176,127,1,1,http://localhost:8081/healthcheck,1,0,0
1763945041585,41,POST,201,Created,TESTES 1-80,text,true,,340,375,1,1,http://localhost:8081/users,41,0,0
1763945041626,1,GET ID,200,OK,TESTES 1-80,text,true,,423,125,1,1,http://localhost:8081/users/169,1,0,0
1763945041627,0,PUT,200,OK,TESTES 1-80,text,true,,408,320,1,1,http://localhost:8081/users/169,0,0,0
1763945041627,0,GET,200,OK,TESTES 1-80,text,true,,2939,121,1,1,http://localhost:8081/users,0,0,0
1763945041627,1,DELETE,200,OK,TESTES 1-80,text,true,,165,211,1,1,http://localhost:8081/users/169,1,0,0
1763945041628,0,Healthcheck,200,OK,TESTES 1-80,text,true,,176,127,1,1,http://localhost:8081/healthcheck,0,0,0
1763945041628,39,POST,201,Created,TESTES 1-80,text,true,,341,376,1,1,http://localhost:8081/users,39,0,0
1763945041668,0,GET ID,200,OK,TESTES 1-80,text,true,,424,125,1,1,http://localhost:8081/users/170,0,0,0
1763945041668,1,PUT,200,OK,TESTES 1-80,text,true,,408,319,1,1,http://localhost:8081/users/170,1,0,0
1763945041669,0,GET,200,OK,TESTES 1-80,text,true,,2939,121,1,1,http://localhost:8081/users,0,0,0
1763945041669,0,DELETE,200,OK,TESTES 1-80,text,true,,165,211,1,1,http://localhost:8081/users/170,0,0,0
1763945041684,1,Healthcheck,200,OK,TESTES 1-81,text,true,,176,127,1,1,http://localhost:8081/healthcheck,1,0,0
1763945041685,44,POST,201,Created,TESTES 1-81,text,true,,339,374,1,1,http://localhost:8081/users,44,0,0
1763945041729,1,GET ID,200,OK,TESTES 1-81,text,true,,422,125,1,1,http://localhost:8081/users/171,1,0,0
1763945041730,1,PUT,200,OK,TESTES 1-81,text,true,,409,320,1,1,http://localhost:8081/users/171,1,0,0
1763945041731,0,GET,200,OK,TESTES 1-81,text,true,,2940,121,1,1,http://localhost:8081/users,0,0,0
1763945041731,1,DELETE,200,OK,TESTES 1-81,text,true,,165,211,1,1,http://localhost:8081/users/171,1,0,0
1763945041732,0,Healthcheck,200,OK,TESTES 1-81,text,true,,176,127,1,1,http://localhost:8081/healthcheck,0,0,0
1763945041732,42,POST,201,Created,TESTES 1-81,text,true,,340,375,1,1,http://localhost:8081/users,42,0,0
1763945041774,0,GET ID,200,OK,TESTES 1-81,text,true,,423,125,1,1,http://localhost:8081/users/172,0,0,0
1763945041774,1,PUT,200,OK,TESTES 1-81,text,true,,409,320,1,1,http://localhost:8081/users/172,1,0,0
1763945041775,0,GET,200,OK,TESTES 1-81,text,true,,2940,121,1,1,http://localhost:8081/users,0,0,0
1763945041775,1,DELETE,200,OK,TESTES 1-81,text,true,,165,211,1,1,http://localhost:8081/users/172,1,0,0
1763945041784,1,Healthcheck,200,OK,TESTES 1-82,text,true,,176,127,1,1,http://localhost:8081/healthcheck,1,0,1
1763945041785,40,POST,201,Created,TESTES 1-82,text,true,,341,375,1,1,http://localhost:8081/users,40,0,0
1763945041825,0,GET ID,200,OK,TESTES 1-82,text,true,,424,125,1,1,http://localhost:8081/users/173,0,0,0
1763945041825,1,PUT,200,OK,TESTES 1-82,text,true,,409,320,1,1,http://localhost:8081/users/173,1,0,0
1763945041826,1,GET,200,OK,TESTES 1-82,text,true,,2940,121,1,1,http://localhost:8081/users,1,0,0
1763945041827,0,DELETE,200,OK,TESTES 1-82,text,true,,165,211,1,1,http://localhost:8081/users/173,0,0,0
1763945041827,0,Healthcheck,200,OK,TESTES 1-82,text,true,,176,127,1,1,http://localhost:8081/healthcheck,0,0,0
1763945041827,40,POST,201,Created,TESTES 1-82,text,true,,341,376,1,1,http://localhost:8081/users,40,0,0
1763945041867,1,GET ID,200,OK,TESTES 1-82,text,true,,422,125,1,1,http://localhost:8081/users/174,1,0,0
1763945041868,0,PUT,200,OK,TESTES 1-82,text,true,,408,320,1,1,http://localhost:8081/users/174,0,0,0
1763945041868,1,GET,200,OK,TESTES 1-82,text,true,,2939,121,1,1,http://localhost:8081/users,1,0,0
1763945041869,0,DELETE,200,OK,TESTES 1-82,text,true,,165,211,1,1,http://localhost:8081/users/174,0,0,0
1763945041885,0,Healthcheck,200,OK,TESTES 1-83,text,true,,176,127,1,1,http://localhost:8081/healthcheck,0,0,0
1763945041885,40,POST,201,Created,TESTES 1-83,text,true,,341,376,1,1,http://localhost:8081/users,40,0,0
1763945041925,0,GET ID,200,OK,TESTES 1-83,text,true,,424,125,1,1,http://localhost:8081/users/175,0,0,0
1763945041925,1,PUT,200,OK,TESTES 1-83,text,true,,409,320,1,1,http://localhost:8081/users/175,1,0,0
1763945041926,0,GET,200,OK,TESTES 1-83,text,true,,2940,121,1,1,http://localhost:8081/users,0,0,0
1763945041926,1,DELETE,200,OK,TESTES 1-83,text,true,,165,211,1,1,http://localhost:8081/users/175,1,0,0
1763945041927,0,Healthcheck,200,OK,TESTES 1-83,text,true,,176,127,1,1,http://localhost:8081/healthcheck,0,0,0
1763945041927,40,POST,201,Created,TESTES 1-83,text,true,,341,376,1,1,http://localhost:8081/users,40,0,0
1763945041967,1,GET ID,200,OK,TESTES 1-83,text,true,,424,125,1,1,http://localhost:8081/users/176,1,0,0
1763945041968,1,PUT,200,OK,TESTES 1-83,text,true,,409,320,1,1,http://localhost:8081/users/176,1,0,0
1763945041969,0,GET,200,OK,TESTES 1-83,text,true,,2940,121,1,1,http://localhost:8081/users,0,0,0
1763945041969,1,DELETE,200,OK,TESTES 1-83,text,true,,165,211,1,1,http://localhost:8081/users/176,1,0,0
1763945041985,0,Healthcheck,200,OK,TESTES 1-84,text,true,,176,127,1,1,http://localhost:8081/healthcheck,0,0,0
1763945041985,44,POST,201,Created,TESTES 1-84,text,true,,340,375,1,1,http://localhost:8081/users,44,0,0
1763945042029,1,GET ID,200,OK,TESTES 1-84,text,true,,421,125,1,1,http://localhost:8081/users/177,1,0,0
1763945042030,0,PUT,200,OK,TESTES 1-84,text,true,,407,319,1,1,http://localhost:8081/users/177,0,0,0
1763945042031,0,GET,200,OK,TESTES 1-84,text,true,,2938,121,1,1,http://localhost:8081/users,0,0,0
1763945042031,0,DELETE,200,OK,TESTES 1-84,text,true,,165,211,1,1,http://localhost:8081/users/177,0,0,0
1763945042031,0,Healthcheck,200,OK,TESTES 1-84,text,true,,176,127,1,1,http://localhost:8081/healthcheck,0,0,0
1763945042031,43,POST,201,Created,TESTES 1-84,text,true,,341,376,1,1,http://localhost:8081/users,43,0,0
1763945042075,0,GET ID,200,OK,TESTES 1-84,text,true,,424,125,1,1,http://localhost:8081/users/178,0,0,0
1763945042075,1,PUT,200,OK,TESTES 1-84,text,true,,409,320,1,1,http://localhost:8081/users/178,1,0,0
1763945042076,0,GET,200,OK,TESTES 1-84,text,true,,2940,121,1,1,http://localhost:8081/users,0,0,0
1763945042076,0,DELETE,200,OK,TESTES 1-84,text,true,,165,211,1,1,http://localhost:8081/users/178,0,0,0
1763945042084,0,Healthcheck,200,OK,TESTES 1-85,text,true,,176,127,1,1,http://localhost:8081/healthcheck,0,0,0
1763945042084,40,POST,201,Created,TESTES 1-85,text,true,,341,376,1,1,http://localhost:8081/users,40,0,0
1763945042125,0,GET ID,200,OK,TESTES 1-85,text,true,,420,125,1,1,http://localhost:8081/users/179,0,0,0
1763945042125,1,PUT,200,OK,TESTES 1-85,text,true,,407,320,1,1,http://localhost:8081/users/179,1,0,0
1763945042126,0,GET,200,OK,TESTES 1-85,text,true,,2938,121,1,1,http://localhost:8081/users,0,0,0
1763945042126,1,DELETE,200,OK,TESTES 1-85,text,true,,165,211,1,1,http://localhost:8081/users/179,1,0,0
1763945042127,0,Healthcheck,200,OK,TESTES 1-85,text,true,,176,127,1,1,http://localhost:8081/healthcheck,0,0,0
1763945042127,40,POST,201,Created,TESTES 1-85,text,true,,341,376,1,1,http://localhost:8081/users,40,0,0
1763945042167,1,GET ID,200,OK,TESTES 1-85,text,true,,424,125,1,1,http://localhost:8081/users/180,1,0,0
1763945042168,0,PUT,200,OK,TESTES 1-85,text,true,,409,320,1,1,http://localhost:8081/users/180,0,0,0
1763945042168,1,GET,200,OK,TESTES 1-85,text,true,,2940,121,1,1,http://localhost:8081/users,1,0,0
1763945042169,0,DELETE,200,OK,TESTES 1-85,text,true,,165,211,1,1,http://localhost:8081/users/180,0,0,0
1763945042184,0,Healthcheck,200,OK,TESTES 1-86,text,true,,176,127,1,1,http://localhost:8081/healthcheck,0,0,0
1763945042184,44,POST,201,Created,TESTES 1-86,text,true,,341,376,1,1,http://localhost:8081/users,44,0,0
1763945042228,0,GET ID,200,OK,TESTES 1-86,text,true,,424,125,1,1,http://localhost:8081/users/181,0,0,0
1763945042228,1,PUT,200,OK,TESTES 1-86,text,true,,408,320,1,1,http://localhost:8081/users/181,1,0,0
1763945042229,0,GET,200,OK,TESTES 1-86,text,true,,2939,121,1,1,http://localhost:8081/users,0,0,0
1763945042229,1,DELETE,200,OK,TESTES 1-86,text,true,,165,211,1,1,http://localhost:8081/users/181,1,0,0
1763945042230,0,Healthcheck,200,OK,TESTES 1-86,text,true,,176,127,1,1,http://localhost:8081/healthcheck,0,0,0
1763945042230,43,POST,201,Created,TESTES 1-86,text,true,,341,376,1,1,http://localhost:8081/users,43,0,0
1763945042273,0,GET ID,200,OK,TESTES 1-86,text,true,,424,125,1,1,http://localhost:8081/users/182,0,0,0
1763945042273,1,PUT,200,OK,TESTES 1-86,text,true,,409,320,1,1,http://localhost:8081/users/182,1,0,0
1763945042274,1,GET,200,OK,TESTES 1-86,text,true,,2940,121,1,1,http://localhost:8081/users,1,0,0
1763945042275,0,DELETE,200,OK,TESTES 1-86,text,true,,165,211,1,1,http://localhost:8081/users/182,0,0,0
1763945042284,0,Healthcheck,200,OK,TESTES 1-87,text,true,,176,127,1,1,http://localhost:8081/healthcheck,0,0,0
1763945042284,41,POST,201,Created,TESTES 1-87,text,true,,341,376,1,1,http://localhost:8081/users,41,0,0
1763945042325,0,GET ID,200,OK,TESTES 1-87,text,true,,424,125,1,1,http://localhost:8081/users/183,0,0,0
1763945042325,1,PUT,200,OK,TESTES 1-87,text,true,,408,319,1,1,http://localhost:8081/users/183,1,0,0
1763945042326,0,GET,200,OK,TESTES 1-87,text,true,,2939,121,1,1,http://localhost:8081/users,0,0,0
1763945042327,0,DELETE,200,OK,TESTES 1-87,text,true,,165,211,1,1,http://localhost:8081/users/183,0,0,0
1763945042327,0,Healthcheck,200,OK,TESTES 1-87,text,true,,176,127,1,1,http://localhost:8081/healthcheck,0,0,0
1763945042327,40,POST,201,Created,TESTES 1-87,text,true,,340,375,1,1,http://localhost:8081/users,40,0,0
1763945042367,1,GET ID,200,OK,TESTES 1-87,text,true,,423,125,1,1,http://localhost:8081/users/184,1,0,0
1763945042368,1,PUT,200,OK,TESTES 1-87,text,true,,409,320,1,1,http://localhost:8081/users/184,1,0,0
1763945042369,0,GET,200,OK,TESTES 1-87,text,true,,2940,121,1,1,http://localhost:8081/users,0,0,0
1763945042369,1,DELETE,200,OK,TESTES 1-87,text,true,,165,211,1,1,http://localhost:8081/users/184,1,0,0
1763945042384,0,Healthcheck,200,OK,TESTES 1-88,text,true,,176,127,1,1,http://localhost:8081/healthcheck,0,0,0
1763945042384,51,POST,201,Created,TESTES 1-88,text,true,,341,376,1,1,http://localhost:8081/users,51,0,0
1763945042435,1,GET ID,200,OK,TESTES 1-88,text,true,,424,125,1,1,http://localhost:8081/users/185,1,0,0
1763945042436,1,PUT,200,OK,TESTES 1-88,text,true,,409,320,1,1,http://localhost:8081/users/185,1,0,0
1763945042437,0,GET,200,OK,TESTES 1-88,text,true,,2940,121,1,1,http://localhost:8081/users,0,0,0
1763945042437,1,DELETE,200,OK,TESTES 1-88,text,true,,165,211,1,1,http://localhost:8081/users/185,1,0,0
1763945042438,0,Healthcheck,200,OK,TESTES 1-88,text,true,,176,127,1,1,http://localhost:8081/healthcheck,0,0,0
1763945042438,40,POST,201,Created,TESTES 1-88,text,true,,341,376,1,1,http://localhost:8081/users,40,0,0
1763945042478,0,GET ID,200,OK,TESTES 1-88,text,true,,424,125,1,1,http://localhost:8081/users/186,0,0,0
1763945042478,1,PUT,200,OK,TESTES 1-88,text,true,,409,320,1,1,http://localhost:8081/users/186,1,0,0
1763945042479,0,GET,200,OK,TESTES 1-88,text,true,,2940,121,1,1,http://localhost:8081/users,0,0,0
1763945042479,1,DELETE,200,OK,TESTES 1-88,text,true,,165,211,1,1,http://localhost:8081/users/186,1,0,0
1763945042484,0,Healthcheck,200,OK,TESTES 1-89,text,true,,176,127,1,1,http://localhost:8081/healthcheck,0,0,0
1763945042484,41,POST,201,Created,TESTES 1-89,text,true,,341,376,1,1,http://localhost:8081/users,41,0,0
1763945042525,0,GET ID,200,OK,TESTES 1-89,text,true,,424,125,1,1,http://localhost:8081/users/187,0,0,0
1763945042525,1,PUT,200,OK,TESTES 1-89,text,true,,409,320,1,1,http://localhost:8081/users/187,1,0,0
1763945042526,0,GET,200,OK,TESTES 1-89,text,true,,2940,121,1,1,http://localhost:8081/users,0,0,0
1763945042526,1,DELETE,200,OK,TESTES 1-89,text,true,,165,211,1,1,http://localhost:8081/users/187,1,0,0
1763945042527,0,Healthcheck,200,OK,TESTES 1-89,text,true,,176,127,1,1,http://localhost:8081/healthcheck,0,0,0
1763945042527,39,POST,201,Created,TESTES 1-89,text,true,,341,376,1,1,http://localhost:8081/users,39,0,0
1763945042567,0,GET ID,200,OK,TESTES 1-89,text,true,,424,125,1,1,http://localhost:8081/users/188,0,0,0
1763945042567,1,PUT,200,OK,TESTES 1-89,text,true,,409,320,1,1,http://localhost:8081/users/188,1,0,0
1763945042568,0,GET,200,OK,TESTES 1-89,text,true,,2940,121,1,1,http://localhost:8081/users,0,0,0
1763945042568,1,DELETE,200,OK,TESTES 1-89,text,true,,165,211,1,1,http://localhost:8081/users/188,1,0,0
1763945042584,0,Healthcheck,200,OK,TESTES 1-90,text,true,,176,127,1,1,http://localhost:8081/healthcheck,0,0,0
1763945042584,42,POST,201,Created,TESTES 1-90,text,true,,341,376,1,1,http://localhost:8081/users,42,0,0
1763945042626,0,GET ID,200,OK,TESTES 1-90,text,true,,424,125,1,1,http://localhost:8081/users/189,0,0,0
1763945042626,1,PUT,200,OK,TESTES 1-90,text,true,,409,320,1,1,http://localhost:8081/users/189,1,0,0
1763945042627,0,GET,200,OK,TESTES 1-90,text,true,,2940,121,1,1,http://localhost:8081/users,0,0,0
1763945042627,1,DELETE,200,OK,TESTES 1-90,text,true,,165,211,1,1,http://localhost:8081/users/189,1,0,0
1763945042628,0,Healthcheck,200,OK,TESTES 1-90,text,true,,176,127,1,1,http://localhost:8081/healthcheck,0,0,0
1763945042628,40,POST,201,Created,TESTES 1-90,text,true,,340,375,1,1,http://localhost:8081/users,40,0,0
1763945042668,0,GET ID,200,OK,TESTES 1-90,text,true,,423,125,1,1,http://localhost:8081/users/190,0,0,0
1763945042668,1,PUT,200,OK,TESTES 1-90,text,true,,408,319,1,1,http://localhost:8081/users/190,1,0,0
1763945042669,0,GET,200,OK,TESTES 1-90,text,true,,2939,121,1,1,http://localhost:8081/users,0,0,0
1763945042669,1,DELETE,200,OK,TESTES 1-90,text,true,,165,211,1,1,http://localhost:8081/users/190,1,0,0
1763945042684,0,Healthcheck,200,OK,TESTES 1-91,text,true,,176,127,1,1,http://localhost:8081/healthcheck,0,0,0
1763945042685,49,POST,201,Created,TESTES 1-91,text,true,,341,376,1,1,http://localhost:8081/users,49,0,0
1763945042734,1,GET ID,200,OK,TESTES 1-91,text,true,,424,125,1,1,http://localhost:8081/users/191,1,0,0
1763945042735,0,PUT,200,OK,TESTES 1-91,text,true,,408,320,1,1,http://localhost:8081/users/191,0,0,0
1763945042735,0,GET,200,OK,TESTES 1-91,text,true,,2939,121,1,1,http://localhost:8081/users,0,0,0
1763945042735,1,DELETE,200,OK,TESTES 1-91,text,true,,165,211,1,1,http://localhost:8081/users/191,1,0,0
1763945042736,0,Healthcheck,200,OK,TESTES 1-91,text,true,,176,127,1,1,http://localhost:8081/healthcheck,0,0,0
1763945042736,40,POST,201,Created,TESTES 1-91,text,true,,340,375,1,1,http://localhost:8081/users,40,0,0
1763945042776,1,GET ID,200,OK,TESTES 1-91,text,true,,423,125,1,1,http://localhost:8081/users/192,1,0,0
1763945042777,0,PUT,200,OK,TESTES 1-91,text,true,,408,319,1,1,http://localhost:8081/users/192,0,0,0
1763945042778,0,GET,200,OK,TESTES 1-91,text,true,,2939,121,1,1,http://localhost:8081/users,0,0,0
1763945042778,0,DELETE,200,OK,TESTES 1-91,text,true,,165,211,1,1,http://localhost:8081/users/192,0,0,0
1763945042785,1,Healthcheck,200,OK,TESTES 1-92,text,true,,176,127,1,1,http://localhost:8081/healthcheck,1,0,0
1763945042786,50,POST,201,Created,TESTES 1-92,text,true,,340,375,1,1,http://localhost:8081/users,50,0,0
1763945042836,1,GET ID,200,OK,TESTES 1-92,text,true,,423,125,1,1,http://localhost:8081/users/193,1,0,0
1763945042837,1,PUT,200,OK,TESTES 1-92,text,true,,409,320,1,1,http://localhost:8081/users/193,1,0,0
1763945042838,0,GET,200,OK,TESTES 1-92,text,true,,2940,121,1,1,http://localhost:8081/users,0,0,0
1763945042838,1,DELETE,200,OK,TESTES 1-92,text,true,,165,211,1,1,http://localhost:8081/users/193,1,0,0
1763945042839,0,Healthcheck,200,OK,TESTES 1-92,text,true,,176,127,1,1,http://localhost:8081/healthcheck,0,0,0
1763945042839,43,POST,201,Created,TESTES 1-92,text,true,,341,376,1,1,http://localhost:8081/users,43,0,0
1763945042882,0,GET ID,200,OK,TESTES 1-92,text,true,,424,125,1,1,http://localhost:8081/users/194,0,0,0
1763945042883,0,PUT,200,OK,TESTES 1-92,text,true,,409,320,1,1,http://localhost:8081/users/194,0,0,0
1763945042883,0,GET,200,OK,TESTES 1-92,text,true,,2940,121,1,1,http://localhost:8081/users,0,0,0
1763945042883,1,DELETE,200,OK,TESTES 1-92,text,true,,165,211,2,2,http://localhost:8081/users/194,1,0,0
1763945042884,1,Healthcheck,200,OK,TESTES 1-93,text,true,,176,127,1,1,http://localhost:8081/healthcheck,1,0,0
1763945042885,42,POST,201,Created,TESTES 1-93,text,true,,341,376,1,1,http://localhost:8081/users,42,0,0
1763945042927,1,GET ID,200,OK,TESTES 1-93,text,true,,424,125,1,1,http://localhost:8081/users/195,1,0,0
1763945042928,0,PUT,200,OK,TESTES 1-93,text,true,,409,320,1,1,http://localhost:8081/users/195,0,0,0
1763945042928,1,GET,200,OK,TESTES 1-93,text,true,,2940,121,1,1,http://localhost:8081/users,1,0,0
1763945042929,0,DELETE,200,OK,TESTES 1-93,text,true,,165,211,1,1,http://localhost:8081/users/195,0,0,0
1763945042930,0,Healthcheck,200,OK,TESTES 1-93,text,true,,176,127,1,1,http://localhost:8081/healthcheck,0,0,0
1763945042930,44,POST,201,Created,TESTES 1-93,text,true,,341,376,1,1,http://localhost:8081/users,44,0,0
1763945042974,0,GET ID,200,OK,TESTES 1-93,text,true,,424,125,1,1,http://localhost:8081/users/196,0,0,0
1763945042974,1,PUT,200,OK,TESTES 1-93,text,true,,409,320,1,1,http://localhost:8081/users/196,1,0,0
1763945042975,0,GET,200,OK,TESTES 1-93,text,true,,2940,121,1,1,http://localhost:8081/users,0,0,0
1763945042975,1,DELETE,200,OK,TESTES 1-93,text,true,,165,211,1,1,http://localhost:8081/users/196,1,0,0
1763945042984,1,Healthcheck,200,OK,TESTES 1-94,text,true,,176,127,1,1,http://localhost:8081/healthcheck,1,0,0
1763945042985,45,POST,201,Created,TESTES 1-94,text,true,,341,376,1,1,http://localhost:8081/users,45,0,0
1763945043030,0,GET ID,200,OK,TESTES 1-94,text,true,,424,125,1,1,http://localhost:8081/users/197,0,0,0
1763945043030,1,PUT,200,OK,TESTES 1-94,text,true,,409,320,1,1,http://localhost:8081/users/197,1,0,0
1763945043031,1,GET,200,OK,TESTES 1-94,text,true,,2940,121,1,1,http://localhost:8081/users,1,0,0
1763945043032,0,DELETE,200,OK,TESTES 1-94,text,true,,165,211,1,1,http://localhost:8081/users/197,0,0,0
1763945043032,0,Healthcheck,200,OK,TESTES 1-94,text,true,,176,127,1,1,http://localhost:8081/healthcheck,0,0,0
1763945043032,45,POST,201,Created,TESTES 1-94,text,true,,340,375,1,1,http://localhost:8081/users,45,0,0
1763945043077,1,GET ID,200,OK,TESTES 1-94,text,true,,423,125,1,1,http://localhost:8081/users/198,1,0,0
1763945043078,1,PUT,200,OK,TESTES 1-94,text,true,,407,318,1,1,http://localhost:8081/users/198,1,0,0
1763945043079,0,GET,200,OK,TESTES 1-94,text,true,,2938,121,1,1,http://localhost:8081/users,0,0,0
1763945043079,1,DELETE,200,OK,TESTES 1-94,text,true,,165,211,1,1,http://localhost:8081/users/198,1,0,0
1763945043084,1,Healthcheck,200,OK,TESTES 1-95,text,true,,176,127,1,1,http://localhost:8081/healthcheck,1,0,0
1763945043085,41,POST,201,Created,TESTES 1-95,text,true,,341,376,1,1,http://localhost:8081/users,41,0,0
1763945043127,0,GET ID,200,OK,TESTES 1-95,text,true,,424,125,1,1,http://localhost:8081/users/199,0,0,0
1763945043127,1,PUT,200,OK,TESTES 1-95,text,true,,409,320,1,1,http://localhost:8081/users/199,1,0,0
1763945043128,0,GET,200,OK,TESTES 1-95,text,true,,2940,121,1,1,http://localhost:8081/users,0,0,0
1763945043128,1,DELETE,200,OK,TESTES 1-95,text,true,,165,211,1,1,http://localhost:8081/users/199,1,0,0
1763945043129,0,Healthcheck,200,OK,TESTES 1-95,text,true,,176,127,1,1,http://localhost:8081/healthcheck,0,0,0
1763945043129,40,POST,201,Created,TESTES 1-95,text,true,,341,376,1,1,http://localhost:8081/users,40,0,0
1763945043169,1,GET ID,200,OK,TESTES 1-95,text,true,,424,125,1,1,http://localhost:8081/users/200,1,0,0
1763945043170,1,PUT,200,OK,TESTES 1-95,text,true,,408,320,1,1,http://localhost:8081/users/200,1,0,0
1763945043171,0,GET,200,OK,TESTES 1-95,text,true,,2939,121,1,1,http://localhost:8081/users,0,0,0
1763945043171,1,DELETE,200,OK,TESTES 1-95,text,true,,165,211,1,1,http://localhost:8081/users/200,1,0,0
1763945043184,1,Healthcheck,200,OK,TESTES 1-96,text,true,,176,127,1,1,http://localhost:8081/healthcheck,1,0,1
1763945043185,47,POST,201,Created,TESTES 1-96,text,true,,341,375,1,1,http://localhost:8081/users,47,0,0
1763945043232,0,GET ID,200,OK,TESTES 1-96,text,true,,424,125,1,1,http://localhost:8081/users/201,0,0,0
1763945043232,1,PUT,200,OK,TESTES 1-96,text,true,,409,320,1,1,http://localhost:8081/users/201,1,0,0
1763945043233,0,GET,200,OK,TESTES 1-96,text,true,,2940,121,1,1,http://localhost:8081/users,0,0,0
1763945043233,1,DELETE,200,OK,TESTES 1-96,text,true,,165,211,1,1,http://localhost:8081/users/201,1,0,0
1763945043234,0,Healthcheck,200,OK,TESTES 1-96,text,true,,176,127,1,1,http://localhost:8081/healthcheck,0,0,0
1763945043234,40,POST,201,Created,TESTES 1-96,text,true,,341,376,1,1,http://localhost:8081/users,40,0,0
1763945043275,0,GET ID,200,OK,TESTES 1-96,text,true,,424,125,1,1,http://localhost:8081/users/202,0,0,0
1763945043275,1,PUT,200,OK,TESTES 1-96,text,true,,409,320,1,1,http://localhost:8081/users/202,1,0,0
1763945043276,0,GET,200,OK,TESTES 1-96,text,true,,2940,121,1,1,http://localhost:8081/users,0,0,0
1763945043276,1,DELETE,200,OK,TESTES 1-96,text,true,,165,211,1,1,http://localhost:8081/users/202,1,0,0
1763945043284,1,Healthcheck,200,OK,TESTES 1-97,text,true,,176,127,1,1,http://localhost:8081/healthcheck,1,0,1
1763945043285,40,POST,201,Created,TESTES 1-97,text,true,,340,375,1,1,http://localhost:8081/users,40,0,0
1763945043325,0,GET ID,200,OK,TESTES 1-97,text,true,,423,125,1,1,http://localhost:8081/users/203,0,0,0
1763945043325,1,PUT,200,OK,TESTES 1-97,text,true,,409,320,1,1,http://localhost:8081/users/203,1,0,0
1763945043326,0,GET,200,OK,TESTES 1-97,text,true,,2940,121,1,1,http://localhost:8081/users,0,0,0
1763945043326,0,DELETE,200,OK,TESTES 1-97,text,true,,165,211,1,1,http://localhost:8081/users/203,0,0,0
1763945043326,0,Healthcheck,200,OK,TESTES 1-97,text,true,,176,127,1,1,http://localhost:8081/healthcheck,0,0,0
1763945043326,40,POST,201,Created,TESTES 1-97,text,true,,340,375,1,1,http://localhost:8081/users,40,0,0
1763945043366,1,GET ID,200,OK,TESTES 1-97,text,true,,423,125,1,1,http://localhost:8081/users/204,1,0,0
1763945043367,1,PUT,200,OK,TESTES 1-97,text,true,,409,320,1,1,http://localhost:8081/users/204,1,0,0
1763945043368,0,GET,200,OK,TESTES 1-97,text,true,,2940,121,1,1,http://localhost:8081/users,0,0,0
1763945043368,1,DELETE,200,OK,TESTES 1-97,text,true,,165,211,1,1,http://localhost:8081/users/204,1,0,0
1763945043385,0,Healthcheck,200,OK,TESTES 1-98,text,true,,176,127,1,1,http://localhost:8081/healthcheck,0,0,0
1763945043385,40,POST,201,Created,TESTES 1-98,text,true,,341,376,1,1,http://localhost:8081/users,40,0,0
1763945043425,1,GET ID,200,OK,TESTES 1-98,text,true,,424,125,1,1,http://localhost:8081/users/205,1,0,0
1763945043426,0,PUT,200,OK,TESTES 1-98,text,true,,409,320,1,1,http://localhost:8081/users/205,0,0,0
1763945043426,1,GET,200,OK,TESTES 1-98,text,true,,2940,121,1,1,http://localhost:8081/users,1,0,0
1763945043427,0,DELETE,200,OK,TESTES 1-98,text,true,,165,211,1,1,http://localhost:8081/users/205,0,0,0
1763945043427,0,Healthcheck,200,OK,TESTES 1-98,text,true,,176,127,1,1,http://localhost:8081/healthcheck,0,0,0
1763945043427,40,POST,201,Created,TESTES 1-98,text,true,,341,376,1,1,http://localhost:8081/users,40,0,0
1763945043467,1,GET ID,200,OK,TESTES 1-98,text,true,,424,125,1,1,http://localhost:8081/users/206,1,0,0
1763945043468,1,PUT,200,OK,TESTES 1-98,text,true,,408,319,1,1,http://localhost:8081/users/206,1,0,0
1763945043469,0,GET,200,OK,TESTES 1-98,text,true,,2939,121,1,1,http://localhost:8081/users,0,0,0
1763945043470,0,DELETE,200,OK,TESTES 1-98,text,true,,165,211,1,1,http://localhost:8081/users/206,0,0,0
1763945043484,0,Healthcheck,200,OK,TESTES 1-99,text,true,,176,127,1,1,http://localhost:8081/healthcheck,0,0,0
1763945043484,46,POST,201,Created,TESTES 1-99,text,true,,341,376,1,1,http://localhost:8081/users,46,0,0
1763945043530,0,GET ID,200,OK,TESTES 1-99,text,true,,424,125,1,1,http://localhost:8081/users/207,0,0,0
1763945043530,1,PUT,200,OK,TESTES 1-99,text,true,,408,319,1,1,http://localhost:8081/users/207,1,0,0
1763945043531,0,GET,200,OK,TESTES 1-99,text,true,,2939,121,1,1,http://localhost:8081/users,0,0,0
1763945043531,1,DELETE,200,OK,TESTES 1-99,text,true,,165,211,1,1,http://localhost:8081/users/207,1,0,0
1763945043532,0,Healthcheck,200,OK,TESTES 1-99,text,true,,176,127,1,1,http://localhost:8081/healthcheck,0,0,0
1763945043532,41,POST,201,Created,TESTES 1-99,text,true,,341,376,1,1,http://localhost:8081/users,41,0,0
1763945043573,0,GET ID,200,OK,TESTES 1-99,text,true,,424,125,1,1,http://localhost:8081/users/208,0,0,0
1763945043573,1,PUT,200,OK,TESTES 1-99,text,true,,409,320,1,1,http://localhost:8081/users/208,1,0,0
1763945043574,0,GET,200,OK,TESTES 1-99,text,true,,2940,121,1,1,http://localhost:8081/users,0,0,0
1763945043575,0,DELETE,200,OK,TESTES 1-99,text,true,,165,211,1,1,http://localhost:8081/users/208,0,0,0
1763945043584,0,Healthcheck,200,OK,TESTES 1-100,text,true,,176,127,1,1,http://localhost:8081/healthcheck,0,0,0
1763945043584,43,POST,201,Created,TESTES 1-100,text,true,,341,375,1,1,http://localhost:8081/users,43,0,0
1763945043627,0,GET ID,200,OK,TESTES 1-100,text,true,,424,125,1,1,http://localhost:8081/users/209,0,0,0
1763945043627,1,PUT,200,OK,TESTES 1-100,text,true,,409,320,1,1,http://localhost:8081/users/209,1,0,0
1763945043629,0,GET,200,OK,TESTES 1-100,text,true,,2940,121,1,1,http://localhost:8081/users,0,0,0
1763945043629,1,DELETE,200,OK,TESTES 1-100,text,true,,165,211,1,1,http://localhost:8081/users/209,1,0,0
1763945043630,0,Healthcheck,200,OK,TESTES 1-100,text,true,,176,127,1,1,http://localhost:8081/healthcheck,0,0,0
1763945043630,42,POST,201,Created,TESTES 1-100,text,true,,341,376,1,1,http://localhost:8081/users,42,0,0
1763945043672,1,GET ID,200,OK,TESTES 1-100,text,true,,424,125,1,1,http://localhost:8081/users/210,1,0,0
1763945043673,1,PUT,200,OK,TESTES 1-100,text,true,,409,320,1,1,http://localhost:8081/users/210,1,0,0
1763945043674,0,GET,200,OK,TESTES 1-100,text,true,,2940,121,1,1,http://localhost:8081/users,0,0,0
1763945043674,1,DELETE,200,OK,TESTES 1-100,text,true,,165,211,1,1,http://localhost:8081/users/210,1,0,0
